price,ma7_25h,ma25_99h,ma7d_25d,ret_1h,ret_3h,vol_12h,zscore_24h,accel_3h
506.3261049130271,0.042620241740494516,0.028909459766201445,0.05040387961122392,0.03034242209378113,0.043594486760972107,0.010953655410671859,2.576196943595895,310.40999999999985
461.7252156347029,0.04650795127188439,0.0316801394673138,0.05074279684638232,-0.0035462841638311815,0.032794778964558624,0.011354365105521463,2.1094047976370267,-87.46000000000095
448.96921812766374,0.05050118174935832,0.03463016453432595,0.05107245995036649,0.007459632413126194,0.03434725415344664,0.011277155886144459,2.0204441641518427,14.630000000002838
465.9945974997699,0.05220073454783438,0.03789960371473812,0.051504799353572245,0.008245702309950476,0.012164646756036346,0.011080961610006235,1.9656755687493834,-182.7400000000016
432.19019632735086,0.05543104701254773,0.04137226986385279,0.05236704326537037,0.006890576049868535,0.02276606332316411,0.010774708205665782,1.8894973241906419,90.81000000000131
468.4246397600779,0.058072482997921795,0.044794822761627925,0.053121765454444976,-0.0015221496071855523,0.013647820226378782,0.011064917142383598,1.6639222355631358,-77.55000000000291
457.1586413845616,0.05983967966504277,0.04816410202109019,0.054114898564417174,0.00019468587263693493,0.005553666942518687,0.01065829706140534,1.5130841499417582,-69.73999999999796
476.9951485601465,0.05740779030110599,0.05113035730851303,0.054481998768295015,-0.004482594942112228,-0.005804403207086417,0.011048249052748243,1.2935018177717967,-99.58000000000175
420.9914895364485,0.055595667916850465,0.05446873367018195,0.05511466485560421,0.0077146395204050755,0.0033927713477044374,0.009724748254011895,1.3499994179401187,80.8600000000024
453.82532880984365,0.05323882943217908,0.057395022940760036,0.055188092568293726,0.002191036606536967,0.0053955053391598895,0.009082128018222163,1.2904551516997371,17.599999999998545
476.74392563256686,0.05070868232212742,0.06019549102028589,0.054700807612992855,0.013729990070750153,0.023788806168967502,0.009385247837772817,1.4733782242269688,160.65000000000146
448.38963589796884,0.04943877351066704,0.06428790304284386,0.05551128236011889,0.02591536963242258,0.04227985812158597,0.0109893622504172,1.862097154081737,164.5699999999979
480.4788499789376,0.04983969832215055,0.06754540887612828,0.05527639096605106,0.00170807115330196,0.04177757348154376,0.008457497791714612,1.7281572096797269,-3.6199999999989814
488.501056769424,0.05156248421108204,0.07264544090284113,0.0568630853525953,0.023259276486742975,0.05157051339325602,0.009376991854545843,2.0112100217097013,92.75
487.4983571847264,0.05457268338452333,0.07731570544151198,0.05866508905218576,-0.010676001618605935,0.014064098935313352,0.010762337100936749,1.6187053954053423,-332.5599999999995
465.99395454366817,0.055688080707435576,0.08138265296133124,0.06018175503461287,-0.014921111026420797,-0.0027702035213862386,0.012308694753638747,1.2047195436667524,-154.6800000000003
457.4806625716497,0.05519982378854634,0.0868966534463343,0.06337576104404195,-0.010462074978204061,-0.035633757491628226,0.012961608796611623,0.910210328188436,-310.02000000000044
431.80591503124674,0.05013618151422306,0.08762910223335547,0.06276694229394222,-0.03912995594713653,-0.063369901631671,0.01774479263280641,-0.07143012530036297,-254.77999999999884
450.3236380823054,0.04059592192371999,0.09004507130726248,0.06394880508463857,0.023424301122101587,-0.026910418482999132,0.019037151188959996,0.4275002909019796,343.35999999999876
525.8571025707,0.03219225915913185,0.0929373477096754,0.06575461788333678,-0.006476598346748297,-0.02299118942731282,0.019102921636020346,0.18279872923392287,38.17000000000007
518.5926566824425,0.018707799139786523,0.09243205760810616,0.06533768740468672,-0.016925480541615356,-0.0004137678086353347,0.01967310963824668,-0.37370545960583107,205.14999999999964
497.29386435483883,0.008757948321412466,0.09386648041177986,0.06596735324475991,0.01684537139279607,-0.006839458084660466,0.020313094537809034,0.045673997455922676,-57.45999999999913
491.98986831501094,0.0008744938173097679,0.09556944205531463,0.06711595887978122,-0.002245151105096932,-0.002609556273981961,0.019887984592881353,-0.12025373908859838,37.92000000000007
520.8381945430366,-0.006411307962218984,0.09648521175310885,0.0680134911557864,-0.010887095407031366,0.003516762239582416,0.01815465423480676,-0.6379333553842903,53.81999999999971
470.66336931603905,-0.00845323761110392,0.09610000759953968,0.068982243601627,-0.006940318290263869,-0.019957149300857013,0.01808444412634034,-0.9349893298192933,-207.64999999999964
528.1407447198335,-0.013650535721332483,0.0942178248172174,0.06868450373092837,-0.008675621503574926,-0.026273466929020772,0.015821016125490427,-1.2875083857538427,-55.48999999999978
556.3299543356733,-0.01665042774379148,0.091931134658478,0.06792593354089108,0.010933629849041449,-0.004792178944578063,0.01660666200518397,-0.871156340051645,190.52999999999884
538.1755372740413,-0.014838088819341651,0.09163124768427332,0.06898726840101992,0.018713360322027306,0.020916992481895047,0.017668213070106152,-0.14453140164268066,223.72999999999956
524.5827714559166,-0.016420978631828353,0.09067014674363068,0.06985994878687685,-0.008770614946110644,0.020819163333573032,0.017606882699720598,-0.5088967772648225,-2.4200000000000728
546.7872611228845,-0.018078278244887527,0.08919434389689687,0.07033374001689957,-0.006639006980110218,0.0030746904069200998,0.013477786320023772,-0.7685515427066468,-152.58999999999833
514.7056758186599,-0.018134146700466057,0.08830217154490815,0.07147633295831952,-0.00018313760501798004,-0.015531719939906208,0.011331067229477628,-0.7612460927148299,-164.59000000000015
516.1406088494017,-0.018420768177500532,0.08609629520713559,0.07126510247812087,-0.010185460789925549,-0.016936915221051896,0.011520096851072482,-1.1326839955096464,-11.149999999999636
531.8050468025975,-0.016299352580285986,0.08458746958433354,0.07194162141931024,0.00971659825376503,-0.0007508641805735738,0.010952202963115153,-0.7287210419973967,142.39999999999964
521.5623632243719,-0.01592742611768347,0.08276744332005147,0.07226224431306388,-0.002861384369372999,-0.0034275901545507415,0.009615529528527681,-0.806436375012244,-23.38000000000102
443.0391925002299,-0.017846042482108092,0.08069517619939501,0.07288421374815458,0.0020608703443745213,0.008902351715180279,0.00966549276565584,-0.6782294096867117,106.90999999999985
473.38172994228864,-0.01826428238155765,0.07686282335326312,0.07268283071673544,-0.002455577209675597,-0.0032600079724721676,0.009187410233731676,-0.7062154857585126,-105.43000000000029
423.26085392001323,-0.015460009625264951,0.07381564384206113,0.07327045799415267,0.009747655023570445,0.009343990736422336,0.00937520381602086,-0.25599358916008474,109.80000000000109
547.2250892122244,-0.012840873898728707,0.06967040529174111,0.07374789298288362,-0.000918464900300453,0.0063430012610339315,0.008906898927586945,-0.20679340218573544,-26.01000000000022
522.7009634831109,-0.007711241916844315,0.06601697078893709,0.07419742280490796,0.0006618570958256687,0.009487932076703176,0.008407579122026363,-0.05203738700215159,27.229999999999563
501.1493664829766,-0.00432465950355437,0.06293325101451526,0.0745492990659634,0.0008344584671919897,0.0005770281343895345,0.006237063081730388,0.16720019334729194,-77.48999999999978
519.4274951160406,-0.000937215309808789,0.06020603685801488,0.07464121810771211,0.0022521830820103617,0.0037524221577454053,0.005740239662461895,0.6263346024099105,27.8700000000008
528.9497248016082,0.0023166577220795955,0.059454548068516744,0.07501895198179395,0.00599573046791213,0.009102769309232484,0.005532936012070328,1.2097306379990582,47.02000000000044
518.3394296243017,0.004569075412787056,0.05750945708886273,0.07464114902054249,0.0026680655678523735,0.010951524602825335,0.005528322171575875,1.6010627219916551,16.31999999999971
465.57733909124806,0.007724311911482434,0.05697027712906754,0.07612701996331116,0.014087930016033257,0.022890003370683143,0.00531676514777926,2.7216411437774015,105.40999999999804
530.8904879137093,0.009722870608477445,0.05695184922160626,0.07815419022274557,-0.011718680655411706,0.004878103812005596,0.00650084103573778,1.38025171933847,-158.4499999999989
591.4607387051021,0.009066130344317285,0.054885646925923334,0.07787487134915588,-0.019151621022662213,-0.016989676802340314,0.008824638463088704,-0.43631170509953626,-194.23999999999978
630.283951093474,0.009797190040754689,0.053856705695782076,0.07950128197369023,0.011013248633645167,-0.019970131898954357,0.00934645307589366,0.6460974439932948,-28.98999999999978
625.1463896444849,0.00890837249070378,0.052350272573832325,0.07961221132475903,-0.013925101070194956,-0.022158130261110576,0.010281124976220865,-0.7050607128994001,-17.38000000000102
545.3334223926311,0.0070936856105039475,0.0513254633085817,0.07993479534536783,0.005444335629169794,0.002362434543737635,0.009985932667071137,-0.21369446169633302,218.01000000000022
498.4156750682247,0.004956899334847258,0.05094933584838149,0.08104006343201595,0.0029917589601469174,-0.005590418624765947,0.010025133812910633,0.0034703508684937484,-70.01999999999862
668.1415142118123,-0.00024680840610685447,0.04977966299094101,0.08156537181061546,-0.006869628477649825,0.00152468952246676,0.010220353808667895,-0.7468455101403632,62.659999999999854
705.3644840557755,-0.003301861645517873,0.04778734789785376,0.08170520684961134,0.00020061330352794116,-0.003698590561799775,0.01021428897045709,-0.6611948839841297,-45.67000000000007
705.8258799378202,-0.002289130304804114,0.04633362781275865,0.0816895258035311,0.005016618911174886,-0.0016872372230488653,0.01031475688245163,-0.09849585919575758,17.56999999999971
724.3348562808084,-0.0024083748302398873,0.045452263267277006,0.08208206875612996,0.007666981800183992,0.01292522855587075,0.010419039680210277,0.6900232813909386,127.56999999999971
655.0811644577046,-0.0005397865561908382,0.0447809263181003,0.08320333593691501,0.00271729289271172,0.015473925501432673,0.01042028747611673,0.9139655517189107,22.26000000000022
691.4301204196931,-7.059031548763786e-05,0.0442312989566053,0.0836719834206195,-0.0060338532349287766,0.004308471997782837,0.009487462005907416,0.1843236312035343,-97.23000000000138
631.1231703803395,-0.0002037114223072711,0.043504475779478066,0.08469442949813591,0.0021688402382318284,-0.001171344499773741,0.00901441565394871,0.38964729342829874,-48.1299999999992
659.9286546954127,0.0005231547778993735,0.04262202964123531,0.08502157540589081,-0.0048596987190744345,-0.00871895178447879,0.007100156924534917,-0.2378722861390566,-66.89999999999964
611.8671318562456,0.0014407648956549798,0.04173663158692776,0.08528072647198778,0.0032734584572502445,0.0005632171508707096,0.006368257156743314,0.11339557465362245,82.21000000000095
580.2320778530838,0.002135287012576015,0.04111657545304294,0.08623397026491952,0.004004988929252606,0.0023964240594176456,0.004748606716134822,0.5541869987550978,16.18999999999869
606.3764597490651,0.0011995397989110032,0.03989644255424587,0.08646093140467011,-0.004461500203463364,0.0027975260624222287,0.004824983238145101,-0.04715724280626289,3.4200000000000728
676.4051571547169,0.0006597254084430046,0.0389005976593392,0.08728046661847441,0.004009160551495139,0.0035328791546509475,0.004881648416024056,0.44080430799763465,6.559999999999491
630.4540618779988,0.0006426577464099994,0.037755301881712916,0.08793049815021535,-0.003025114671636575,-0.003493918705068433,0.004456708939951446,0.021052461375318535,-62.039999999999054
681.9484120323374,0.00024232055228511383,0.036550882043044665,0.08866324731462372,-0.00095622790211769,1.4760432503369003e-05,0.004485391985250984,-0.1158488485878886,31.039999999999054
591.0059486791884,0.00037881599687975015,0.03519726609859219,0.08892907012515984,-0.0018688702531716173,-0.005839884921245209,0.004333879193148794,-0.35000348537295356,-51.76999999999862
598.9427668151717,0.0005103026181570211,0.03370986326097638,0.08920018087463887,0.0036400864520531595,0.0008064982661990516,0.0038315992221809574,0.1581242941688118,58.75
573.2268418321557,0.0006923544357870237,0.03224585119322659,0.08962346714121855,0.003730023801428173,0.005501018454809881,0.003910027498756664,0.6919281921225064,41.340000000000146
537.4141337482989,0.0018414554098370194,0.030325753767444542,0.09012000156489998,0.0021940150701622585,0.009593902855192793,0.0034569511342608782,1.3856831615775516,35.88999999999942
536.6084624557967,0.0031011000389080507,0.028922327522222454,0.09045639632256272,0.0011334777033893406,0.007072424345460737,0.0034285121300639634,1.6615675562866898,-21.94000000000051
555.6385456358296,0.004597876211296651,0.028358660515731052,0.09073613222309342,0.002854120242195224,0.00619360404520819,0.0030168063771729165,1.9400491850060075,-7.549999999999272
562.1073910299273,0.005826536499715393,0.02750355439331662,0.0912624024775176,0.00364503140023964,0.007650411139178859,0.0030417080680526683,2.2044807747056723,13.049999999999272
518.4650094181693,0.00789218076010123,0.02720298680305633,0.09173850452084666,0.0013373229388902175,0.007855583316451753,0.0029162814339596726,2.1594439200608075,1.9000000000014552
539.1905461349427,0.009077051737458841,0.02669347153246965,0.09302544809398064,0.0018268715383240597,0.006823211488133474,0.002352357602953702,2.1072070554856697,-9.000000000001819
796.2574536416917,0.009287446525127615,0.025869764847505184,0.0941329296475138,-0.007227282657642609,-0.004083531248183059,0.003319243968397584,1.0136216443977213,-97.31999999999971
756.2736864907268,0.008729347574200174,0.025188584238130748,0.09449895354687818,-0.005401539511739273,-0.010785912095765626,0.0036134929358923964,0.2033404206769702,-60.06999999999971
760.8773285933084,0.007897080567155788,0.024600796919225933,0.09460235740215776,0.0022215674919654482,-0.010396185278814252,0.003620788202324285,0.4676407531249971,3.320000000001528
741.6433197212464,0.00717863950197634,0.02396288488654003,0.09505123267692468,0.005169914476774284,0.001961440350656707,0.0037396311825358005,1.216548846165536,110.73999999999978
758.8437775070157,0.006344802238490218,0.023052758459997474,0.09543034715367277,0.0017379728580408926,0.009153806296924749,0.003669239985993573,1.3699715627673972,63.61999999999898
724.9493180749396,0.005882284121648207,0.022131799417984117,0.09577516473330143,0.0025694374531584074,0.009504082430287664,0.003608458184997851,1.6038156334285723,3.289999999999054
766.3076972948496,0.005579049737803927,0.021693339890964627,0.0944863136000456,0.00304931454577706,0.007374338735504304,0.003642364982404419,1.8289015061550007,-18.56999999999971
730.3055506789811,0.008081016532061452,0.02161154426576766,0.09569573987174589,0.021047830923248023,0.02679284539749638,0.006820712789451267,3.3157063992611038,173.70999999999913
755.2000824822593,0.011009346797864533,0.02158044584358547,0.09659742612095701,-0.005668237606245241,0.01835613717787221,0.007238194264444786,2.3057791935164342,-74.99999999999818
786.8058009549919,0.013184777999284992,0.021398580351130063,0.09685672345442921,-0.0023512165299507393,0.012873192436039904,0.007322721409823126,1.8393136808389314,-48.79000000000087
708.8028234156274,0.015146933318716672,0.021168111851432442,0.09787900139967991,0.004634444465188459,-0.0034087863674689967,0.00737665649783192,1.9554077879478096,-147.01999999999862
802.8464851941319,0.016794693594172322,0.021035292072177896,0.09894014891544621,-0.003338460176236735,-0.00107371491116115,0.0075242223994940955,1.5235756385926478,21.489999999997963
731.7901427799528,0.01754649800646985,0.020636198508207942,0.10020752718285622,-0.003658941868231902,-0.0023831148079285214,0.007217824032668016,1.1314749805579325,-11.899999999997817
689.1499862262467,0.017443001443001482,0.020223906503156676,0.10108237738818451,-0.006079900660830195,-0.013022618231665617,0.007280606910858794,0.5948443416808237,-97.43000000000211
719.5919152640689,0.013923834451511989,0.019889641049232326,0.1010787446490312,-0.0022029505582136233,-0.011898141902452308,0.007358501218970709,0.3601510647365093,10.650000000001455
732.6214224011027,0.011763707771064476,0.01993351208090519,0.10108036859724084,0.006695593584573389,-0.0016292328404905465,0.007445198660814032,0.8466810532856676,93.67999999999847
679.6000421683337,0.010584191558078765,0.019893459715347915,0.10252218915968409,0.0067469895459704166,0.011255094807726573,0.0076064018588396995,1.330120229961444,116.42000000000189
736.9970359967838,0.008181275896336972,0.019554013171744048,0.1029814304616985,-0.008261394327971794,0.005114936213149068,0.00812970485047615,0.5327483239735983,-55.54000000000087
738.1763563653506,0.006466524896428794,0.019048933102877086,0.1048632129734076,0.0015472131940510447,-2.5360477129754422e-05,0.008104867331523102,0.6110916214334532,-46.30999999999949
753.2770867617463,0.004120301423673384,0.018345792987213987,0.10608038029918504,-0.01271363987209162,-0.019355078955842098,0.006011226516998497,-0.6399331698328323,-176.48999999999978
783.5066506035049,0.001944097144142194,0.017269250290737493,0.10781409672174075,-0.006667634609156092,-0.0177791471884563,0.006072460546997678,-1.2625108470010769,15.729999999999563
785.2707111642611,-0.001020699485279219,0.016137257445207193,0.10768453142329398,-0.011498763211153618,-0.03057338185025915,0.0066485620031002165,-2.075113808672421,-116.28000000000065
786.5937487292707,-0.004132827628332536,0.015059400305815611,0.10785298496663717,0.00661417036237455,-0.011595206450964568,0.0068732768110367545,-1.410017188844696,173.4499999999989
761.5664504126687,-0.007746429777313218,0.013967885537078867,0.10886963809084572,0.00396841539094317,-0.0010119181470654715,0.00713366479947608,-1.0270426141273348,94.82000000000153
711.8243692112236,-0.010577103559818338,0.013194929597711885,0.10920109546897255,-0.00429487900956671,0.0062683908627767515,0.0071484356512475835,-1.3170743348773803,64.11000000000058
682.1188253655174,-0.013658013980911236,0.012978146754554129,0.10960571162252788,0.0020233213215112844,0.0016791188129106072,0.00712913634587291,-1.164250810798906,-40.25
700.4897503419554,-0.014971345263699639,0.012562289592798863,0.11070540749260305,0.0012555359773667174,-0.0010275745638715916,0.007168096116329067,-1.0635760598913646,-23.98999999999978
661.6206444691629,-0.01588300779404339,0.012075769556561347,0.11044398269274325,-0.005312155315479128,-0.0020481889578652934,0.006791580077372335,-1.393800345246778,-8.9900000000016
676.6036523735115,-0.013978777088763888,0.011719680597450148,0.11085457889645449,0.007473337018276904,0.0033796817503954912,0.0068813672264231174,-0.80579083654636,48.080000000001746
740.7173323632982,-0.012891940764809866,0.01137513885671983,0.11117464059119714,0.0014221952398618676,0.0035466945775455283,0.006664626836600191,-0.6731768574438466,1.5199999999986176
694.5683908730367,-0.012103344739256412,0.010730528573522653,0.11269005683463808,0.0015807170482804445,0.010500955970967674,0.006665957126852167,-0.5279531312099522,61.23000000000138
699.262914231426,-0.011682270260221532,0.008887430983732953,0.11439311633741805,-0.009435707055931664,-0.0064589024924955885,0.006209290088226632,-1.1465459573702959,-150.16000000000167
746.9243677007227,-0.011865283678058664,0.007177799203628388,0.11449414472865817,-0.01121389572548026,-0.01899554861996,0.006700929534555615,-1.793436287086299,-111.75
746.7050222213794,-0.012019897830499879,0.005600577444331924,0.1152213608277627,0.0027511544205582883,-0.0178491564693104,0.005982698206062502,-1.4556236682541572,9.960000000000946
746.9469302301012,-0.011856009681450421,0.003631075243327449,0.11648719628392165,-0.002786974489254357,-0.011256895527454791,0.005603658142000216,-1.5364703517775116,59.76000000000022
715.6343095814348,-0.013435526471224328,0.0017681989055869573,0.11742788931350488,-0.0076655714215411175,-0.007708725531147764,0.00566306389674114,-1.888849687254458,32.1200000000008
696.4548103593812,-0.015830832373505695,0.00025870882766951297,0.11805752125283198,-0.004701993705302554,-0.015084128511251182,0.005679147978514291,-1.9713447081089985,-64.81000000000131
737.0540512525092,-0.018778834718401558,-0.0006863029296683323,0.11734496037755705,-0.001878327049068318,-0.01418668607665352,0.0055345392033121655,-1.855419914653255,8.209999999999127
752.6850863448371,-0.01938661340269615,-0.0013545511103129023,0.11801405945547873,0.009577643342493003,0.002943215093434315,0.006472824372858854,-1.151142457322639,149.47999999999956
695.5090692933911,-0.01889228389589659,-0.00256449300644888,0.11895117008280066,-0.0021043408066179214,0.005560821411769501,0.0063747928950077986,-1.1943622741810276,22.470000000001164
716.8695668154882,-0.019030847903072193,-0.004185600598636698,0.11924808618095634,-0.00456210582840999,0.0028570400322274203,0.0057670304473103695,-1.433814079637852,-23.3799999999992
695.959888619114,-0.018294387195660053,-0.005453727785278503,0.11922342630733966,0.0008358009913849163,-0.005826609217012724,0.005733921319450164,-1.301333586019505,-75.28000000000065
773.1109638254558,-0.01641693890467024,-0.006951397399933573,0.11880523688410684,0.0033461953076927564,-0.0003964042447520688,0.005868295064850818,-1.02368715643632,47.22999999999956
794.1977567078835,-0.013038142135369652,-0.00730032436911276,0.11795784034431338,0.007130036416790775,0.011344667196084401,0.005989398347875802,-0.3865632636934102,101.44000000000051
784.3149801788601,-0.008768626335071797,-0.007579272882063656,0.11863039267120262,0.011375368858182133,0.02199490147635097,0.00601638365374901,0.6262765116468301,92.15999999999985
854.4801585757521,-0.0064131208487292765,-0.00738211298283685,0.11859064485170104,-0.0014939224518435434,0.01706482280966104,0.006025202126617401,0.47876484764737703,-42.1299999999992
857.4741021991568,-0.003716106314271466,-0.007414861493886899,0.11940629701172487,0.004651689978010909,0.014562028840188423,0.00602891552764087,0.8787682886417846,-20.81000000000131
889.4349795097344,-0.0004245605694032283,-0.007702715032282521,0.12018754312399946,-0.002674973261549307,0.000467416645917762,0.005510945422087891,0.6733072383713491,-123.08999999999833
835.0446665846839,0.002670761316895863,-0.007843040394766678,0.12042775290046788,-0.002479657644347877,-0.0005202548001722596,0.005312772920479182,0.4672985035467062,-8.720000000001164
820.2342938262768,0.0052968428502048175,-0.008036807780443194,0.12054564994840491,0.001757766208021927,-0.0033992806567052503,0.005185436418665481,0.6456922135468051,-25.539999999999054
824.6494896699609,0.007287006557464797,-0.008127846268030805,0.12023304252330608,0.0029150360389018637,0.0021866688989617966,0.004641740602492724,0.9251775131857007,49.45999999999913
810.0331681425345,0.008390530171513692,-0.007940625466208846,0.12068417575685787,0.006883193404415122,0.0115933186739412,0.004721475169335798,1.4562479303676927,82.89999999999964
807.3532171489168,0.00958106251981047,-0.007978219223368086,0.12150202770601506,0.0003990924011012531,0.010221305007861892,0.004259957577069958,1.4552458052958366,-11.94000000000051
829.4135374255186,0.010143677408903193,-0.00812842759375399,0.12194045876138924,-0.0029124364060153507,0.004351379234834418,0.004538987664723983,1.2107694560632987,-51.73999999999978
714.812992833298,0.011138523600374739,-0.008514305686371964,0.12274051511887672,0.0002472518518603639,-0.002267876200640284,0.0045688227161968095,1.2567708068082342,-58.779999999998836
760.6780534907351,0.01230549695193201,-0.008529636072717893,0.12332486391044924,-0.0027112329087272125,-0.005369909679732832,0.00447592491306255,0.9868430369001479,-27.69000000000051
756.3866901503778,0.012745127095302287,-0.008305327464803865,0.12415894713454609,-0.0007571080275983189,-0.003219893434451837,0.0031844422949154822,0.8552011333023225,19.270000000000437
783.3487509479156,0.012046495863907486,-0.007799835611663636,0.12375772710559153,-0.0029427815035472094,-0.006398869214753744,0.00328528677320294,0.5656623335665576,-28.30000000000109
772.6518876908165,0.011088175902353992,-0.006556930035981788,0.12190841064889994,0.007129884904094386,0.003405859475342332,0.003648513438636574,1.080839967041814,87.18000000000211
754.530068102049,0.011833245365982134,-0.0053535426260272875,0.12312391479336908,0.019609009994262294,0.02385682522358379,0.006497389307671568,2.303463059543484,181.35999999999876
750.3773585351374,0.012380510373281726,-0.003974358909774031,0.12366283443678701,-0.005801282933678431,0.02092149097710516,0.006782244305769413,1.6919430283034014,-26.579999999999927
692.1865227629771,0.012592287081906607,-0.0024441888083101236,0.12421834341745826,-0.0005649047913895977,0.013121329065102438,0.006822333860102799,1.5364411619660043,-68.15000000000146
703.3649096416888,0.013054894994722187,-0.0012894533546952485,0.1247091588919888,-0.0005829566096308136,-0.00694215786141017,0.006844640813187101,1.3667200886979998,-179.89999999999964
674.0363315226019,0.01397467646899,-0.0004490441311536547,0.1267904010481391,-8.87143188236239e-05,-0.0012361446023346767,0.006638933657934399,1.2610608342636174,51.88000000000102
750.1039437250197,0.014048559932436156,0.0005507580820025341,0.12738441339554704,-0.013253986121631534,-0.013916703701774447,0.007803785128424455,0.16051766793959918,-114.40999999999985
704.5067960717682,0.01260839523039284,0.0014033510081016241,0.12839525533095258,-0.0015071818733563003,-0.014828598391387504,0.007770165735808018,-0.06769037232168806,-8.149999999999636
683.9557710407752,0.007911826393265285,0.002239486820699011,0.12851242628409504,-0.004839041916976483,-0.0195089004991732,0.007887227610093672,-0.6837315099376785,-42.19000000000051
707.9100951056722,0.004338208900638268,0.002857305780570474,0.1287704845155801,0.0020518040945594063,-0.004300132623013542,0.007887100447259382,-0.5735444650022574,137.64999999999964
706.549148129349,0.0012591513193702015,0.0031726417556075096,0.1291813438880582,0.0011502245138919065,-0.0016501594441236112,0.007892507312585902,-0.4629122359561592,23.600000000000364
695.858370362313,-0.0012798903208859082,0.003411990691024959,0.1296426528745109,2.0294655853403398e-05,0.003224748331636773,0.007837203610962346,-0.49765528107970874,43.17000000000007
731.60587428992,-0.0039271931208545285,0.0033246399491568203,0.12977698956294836,-0.0005772584956780236,0.0005926083118676928,0.007534502418231456,-0.5686045998516666,-23.26000000000022
753.8691208703941,-0.0042420657436463526,0.0033836215236231326,0.13053480209569418,0.0020587993082434863,0.0015006770522687507,0.004324250309762606,-0.34774336315523385,8.05999999999949
715.9130567201876,-0.004768103863610381,0.0035290302993772173,0.13026883223223668,-0.002898912935793918,-0.001422851995206087,0.004159846779970923,-0.7478799939542108,-25.93000000000029
734.4224927067289,-0.004130048181028613,0.003700618998368405,0.1305766535827638,0.005209503561634188,0.00435901398742633,0.004599456511243365,-0.13252499673048332,51.26000000000204
759.8915405200495,-0.0036386149605359976,0.0040007244761924125,0.12997579371219023,0.0009345133061440247,0.0032321471994813944,0.004635824370542237,-0.042700316794947735,-9.930000000000291
806.6332776962715,-0.0023412950625024543,0.003971143983330591,0.130526839128082,0.008151402424997345,0.014350409681050724,0.005336851666225486,0.9786966682763059,98.38999999999942
801.5958463237113,-0.0008858159108409696,0.003927521145966155,0.13093476620097805,-0.0007813900059996381,0.008305037723112196,0.003471387041366932,0.8308994608032267,-53.16000000000167
768.9324416173034,0.0006805588263374739,0.004112523617055834,0.13104410073292205,0.00011473804635642182,0.007479225930975719,0.00340657974808773,0.7880727607450291,-7.289999999999054
757.9003665970089,0.002087350670303109,0.004251940035640424,0.13208993675314903,0.0024482067275561903,0.0017798327914433365,0.0029066854666659294,1.0182654523056642,-50.659999999999854
771.358395948353,0.0034458643838195797,0.004548004295757292,0.1322872423989212,-0.00471223269385046,-0.0021610855333146217,0.0034015849049454532,0.38565056400191566,-35.38999999999942
800.6644028124514,0.004111728470545257,0.0048324341231695805,0.13262211414621528,0.0016287899508460324,-0.0006504789485408669,0.003407247096355083,0.5350966504054427,13.55999999999949
745.2156529876676,0.004666509003510427,0.00538964380648576,0.13231408758738966,0.0004658855838504117,-0.0026266725037166205,0.003398415936575049,0.532836272260956,-17.799999999999272
775.9865223169262,0.004484115552037927,0.005617316383567277,0.1328540597428471,0.005420917656862256,0.0075277111984612954,0.0035809864029177955,1.1420300404230297,91.06999999999971
769.0365892258965,0.004603572197170979,0.005167957856050549,0.13285900321485825,-0.001159002770082962,0.004723500249661283,0.00365531810797833,1.1015559939632054,-25.049999999999272
762.2568152164779,0.005758852131900337,0.004991445416637682,0.1332663035695641,0.0029086342730744175,0.007176644378443786,0.003436087835063332,1.4746876030634455,22.039999999999054
723.6614873251156,0.006285241835730681,0.004866293428364782,0.13318817807046193,-0.0006404328839612061,0.0011047091412741405,0.00330848919087282,1.366440696239297,-54.45000000000073
703.22930531028,0.007745530394076811,0.0047690084548284535,0.13377489581934815,0.0030448357880545895,0.005318075021021551,0.003347118950622961,1.6796511610051033,37.969999999999345
726.2104152463472,0.008785051688871592,0.004706045320483284,0.13371537042943651,-0.0019840043784923322,0.00041368203558111993,0.002708528542431353,1.3778522690435626,-44.19999999999891
717.2430417065053,0.009998851756033605,0.005602259484854435,0.131679983809854,0.0027917518934159613,0.003849487048656508,0.00274348863643042,1.5552084589440223,31.040000000000873
750.6955779390129,0.011552792877574204,0.006940985872686074,0.13019868716767635,0.017624521072796995,0.01844086828329572,0.005540879519377117,2.8402096047655427,132.34000000000015
765.4007515729685,0.014617097441362978,0.00836688845804025,0.13164442977381716,0.013977853861489198,0.03472939355409377,0.0064844589482765495,3.125439021580009,146.98999999999978
768.4309788569227,0.016420345019037625,0.009575962018374688,0.13251933786980893,-0.009675582164445529,0.021864990766007786,0.007163384976495734,2.0499306923665843,-115.80000000000109
736.5474341491705,0.017802214727714386,0.01075752868835933,0.13239612054721986,-0.00524489483235957,-0.0010997226315332398,0.007536502072055914,1.51216208165626,-208.45999999999913
747.7138031239218,0.018888856759677646,0.012051156463509112,0.13193275896931952,0.0020651991170839157,-0.012835239421238875,0.007515342087646533,1.5048549586034776,-109.97000000000116
764.5570593968424,0.020669088103747655,0.013416932485734025,0.13210976759613124,0.0046003188832806075,0.0013951139720718153,0.007489316531868246,1.6466674170683546,133.0500000000011
769.3892804593247,0.02199370133563308,0.014690585899128956,0.13233554540784845,-0.001624826661810852,0.005039346164901204,0.007510386898284489,1.4063078681877197,33.529999999998836
779.6245421115241,0.02074167031217955,0.016047932549353355,0.13241164163202127,-0.00191562404556056,0.0010467078494429405,0.007604557860860573,1.1888356440099908,-36.789999999999054
736.4115610040939,0.017250565782728412,0.017214252031310003,0.1322210888144032,-0.0010823774675179365,-0.004615886882757159,0.007619132271139342,1.0313322550425512,-52.51000000000022
742.0858935647127,0.01538379172209407,0.01829112595491014,0.13196631058930275,0.0005347390981960132,-0.0024627910264615194,0.00761874459606242,0.9887894496104951,20.020000000000437
686.6422747844715,0.014380925302825916,0.01908000746153465,0.1310700040188348,0.0007616500542566573,0.00021301534575512981,0.007539777579173232,0.9592401011917332,24.789999999999054
640.2035919279709,0.013948561984770045,0.020079085664032187,0.1303412621017629,0.006059374300685594,0.007364028512202081,0.007633295289069081,1.2724845908184503,66.06000000000131
714.1946981450138,0.013362215951184782,0.020957256636507476,0.1340596423672059,0.004938653668852266,0.011798002616008274,0.0060033079310633135,1.4770915818418178,41.01999999999862
663.2786380140255,0.010392175649230284,0.021279209503177493,0.13198504510909254,-0.02905965907268271,-0.018352174509979724,0.00947362561809294,-0.5876479608303207,-278.8099999999977
734.8511638590652,0.008755351334786195,0.022107390951623354,0.13181201326891318,0.014421218518628542,-0.010193226436626013,0.010323241370575416,0.34877378336562587,74.89999999999782
731.2207415246254,0.007224365752455125,0.022970502881085927,0.1302479483936818,-0.00013570259202810853,-0.015191175495661957,0.010212823492191464,0.27443756880902487,-47.20999999999913
721.6841466392952,0.006667558174329518,0.024249837565070594,0.12979184032633617,0.01027788062414281,0.024708244267579227,0.010632996292116713,1.0122834964025496,366.4299999999985
732.742251406153,0.006160431693198429,0.02525856020187797,0.12997892234859354,0.0006856727707307275,0.010833409326785004,0.010560518397434883,0.9922578558941184,-124.56999999999789
765.9937428687939,0.004564960480656001,0.026187193462630032,0.12918720751597246,-0.004496778579567984,0.006424489716147619,0.01064088065099929,0.5437988358927397,-40.6200000000008
789.7334774163063,0.002396497527961706,0.02709789141174619,0.12886786637111589,0.002073524906033297,-0.0017485730375841335,0.01063509608497714,0.6711273577179432,-75.44000000000051
748.381141479433,0.004418533464397039,0.027973497967848055,0.12830361841543922,-0.0011347413887768942,-0.003564558897918735,0.010635776977024633,0.4988153025898313,-16.920000000000073
750.7075896024726,0.00454693590276353,0.02873903181672755,0.12765430013898835,0.0015294376325729608,0.0024673004475017635,0.010640708421092123,0.6035858765014149,56.06000000000131
797.9503464999746,0.005092227693620005,0.029599214386506548,0.1277607354993246,0.002787310955208122,0.0031813669865619065,0.010661398727688088,0.9122621946619848,6.680000000000291
775.4708485846986,0.003983770954725264,0.03028978296257869,0.1277720255396809,-0.0013951476763814918,0.0029198354803663396,0.01053475527868884,0.701780808383744,-2.460000000000946
778.2836591720476,0.0027064761699706627,0.030306418589164934,0.1275528977546817,-0.0017205784840640392,-0.0003346925509922771,0.01042816156394198,0.37727506449935827,-30.200000000000728
786.3005615534156,0.0027961620918793683,0.02984712993748862,0.1268056934362211,0.00041554526859743923,-0.002699074158538095,0.005307116746580562,0.5234645543758247,-22.039999999999054
785.0893891394734,0.003702932330666046,0.029863583979318813,0.12443978516522244,0.005608607038091407,0.0042955354158673575,0.0038265458893929874,1.3801580018242456,65.11999999999898
783.539561939058,0.006196855039052788,0.030644255709107938,0.12441758700088752,0.018601430928691043,0.02474001507158996,0.006270705610110814,3.1944843551774453,189.84000000000015
798.8036131249692,0.008338487685236373,0.031217780449113774,0.124102643275827,-2.8364890148901978e-05,0.02428531151873603,0.005839806923276594,2.561577945464832,-4.1299999999992
803.6349242016526,0.010446767873079132,0.03161532846901729,0.12243951840667246,0.002981549691444263,0.02160946304861011,0.0058336369177485504,2.378393409024239,-23.73999999999978
769.8056661380051,0.014285882341668207,0.0323949839639837,0.12094388198754585,0.015055117252475103,0.018052676752661423,0.006513864113012002,2.867131722825219,-30.100000000000364
680.1266399479471,0.01967196194455204,0.033765498489724856,0.12123775023469102,0.01464504445006276,0.03299140414391277,0.007198042807731586,2.9571233555613663,142.1899999999987
782.8606656507615,0.02508390212371209,0.035167136339966924,0.12082488997633349,-0.0006692044907893324,0.029231417043402486,0.0071644499495274305,2.401967245371101,-34.95999999999913
749.7380673757643,0.03001649016278004,0.03672506093036988,0.12207232236939859,0.004562390151017892,0.018592148101520545,0.007091028621899878,2.2245223389707958,-98.89999999999964
758.0117025190411,0.0319229153655744,0.0378436621403712,0.12068619387402706,-0.00908333856761645,-0.0052285414698293176,0.008182467435670847,1.6141902569292448,-231.57999999999993
762.7635544777971,0.03450454398781104,0.03925722988630951,0.12119643592779124,0.013424788061947579,0.008801148790096525,0.00839639290651287,1.915297226381229,137.88999999999942
765.2926210172,0.037162592903274755,0.040315355278349285,0.1211273347552848,-0.002490801989816771,0.0017181956514251695,0.008457793406605458,1.6222793573109375,-69.51999999999862
783.1763777538464,0.03801098931028818,0.0425321013458933,0.12032180236668086,0.0025779295251309176,0.013506577951899468,0.008367942660006697,1.5754226025615936,115.14999999999964
783.758955189428,0.036371786180160286,0.044607923376062016,0.12080633789030795,0.00840186941342247,0.008483253921575562,0.008412033130715528,1.6965599693906164,-48.02000000000044
756.0598763210265,0.03550992087365551,0.04675703178996436,0.1220805213702928,-0.002336803860527925,0.00863894625487216,0.007618895441527844,1.467113521746071,1.3299999999999272
762.4299627635402,0.033281628630206055,0.04798748940659249,0.12199370058735039,-0.009113423976256474,-0.0031230865294702426,0.008452680443744831,1.0482952106714298,-116.38000000000102
728.1643387177674,0.03255830565253701,0.04919602325167983,0.1221495449938504,0.0021664975091855165,-0.009287194795009501,0.008457543632340248,1.0345453292812057,-61.8799999999992
727.1956989903314,0.030024118391770747,0.050666634636960785,0.1227291225393325,-0.0001989151551133883,-0.007164200056150594,0.0075993161309382785,0.9473389128660923,21.389999999999418
738.1386811495785,0.027387220598487527,0.05210984608877679,0.12425864230004781,-0.003753881889564936,-0.0017941149387137312,0.006562726493076208,0.7445130870623301,53.720000000001164
749.3377160948536,0.023412745142575624,0.052716566740840846,0.12323605592924333,-0.011747078943046607,-0.01565270423638776,0.007431633091659478,0.2528121545828944,-137.28999999999905
730.7929968771498,0.018617148201071042,0.053686024777156345,0.12328018967566545,0.009119164606562924,-0.006478652763400428,0.007827104355660527,0.5364729633578538,90.86999999999898
772.9067650192952,0.014462034963357868,0.05450323995011512,0.1230996286833471,0.000361876880540013,-0.002374150749449022,0.007316636620503816,0.4881790762408817,40.72999999999956
709.2963298560657,0.011920904511372893,0.05537310233638759,0.1222645812427258,0.002007893378422887,0.011511278426867166,0.006134913753293381,0.5111607924592094,135.63999999999942
677.3435437100661,0.009748255752175356,0.05693350163905651,0.12331276839131451,0.007543920851198482,0.009932300561112273,0.00649962191758864,0.8130721360881529,-14.510000000000218
697.0322579860939,0.006787972819840173,0.05793933922882747,0.12330575809172307,-0.008751614192209267,0.0007316210690611058,0.006963806146811609,0.2866423580948806,-90.5099999999984
728.6860156580875,0.004329492259607735,0.05864814739916872,0.12298243728634024,0.0003350811708751067,-0.0009390604527772517,0.006389393744088891,0.2207934786936771,-16.460000000000946
728.7770349907361,0.004149403437816125,0.058666862996307016,0.12209470126053726,0.0038917299216578716,-0.004560501886705093,0.006539630365993647,0.4522585548819571,-36.04999999999927
733.1956123903419,0.004231922904367985,0.05918616183829837,0.12210812528322362,0.008384226491405578,0.012647791104305695,0.006437786379698909,1.2135239577673786,169.86999999999898
725.2214983957166,0.004467442197339826,0.05988301589257363,0.12265373893546191,0.0017336948456418977,0.014063619735151134,0.006430520250022542,1.5687376788841254,13.989999999999782
685.3142580242768,0.004248099994980222,0.05974595167171591,0.1225571169888139,-0.002973911459318579,0.007128412537917184,0.006516822130211527,1.15997257764825,-68.04999999999927
721.1108139227198,0.0037474951534448705,0.059387679600990395,0.12346469020910232,0.002237839465890401,0.0009896800535851291,0.006388488454606225,1.373450850229066,-60.6299999999992
763.8346354534654,0.0044948779663812185,0.05864560516122174,0.12350963376801553,-0.00584005072730176,-0.006578440293046883,0.005478806655002103,0.426732409457268,-75.59000000000015
711.2902490854673,0.005265798835623627,0.057645654596133654,0.12314338034836672,0.0012252518769226839,-0.002394458109532649,0.004927539756647508,0.5717927696823725,41.86999999999898
731.2296420228238,0.00611707954011712,0.05729328560414659,0.12332045823360892,0.004606180151258243,-3.706378677714728e-05,0.005040632592635698,1.2125896033809112,23.479999999999563
726.9004987615892,0.005433302102753842,0.05659015329031714,0.12417272963961465,-0.0001362395090569457,0.005700041009663925,0.00504738967791103,1.1112039398309588,56.94000000000051
687.4762681618023,0.0044476144883614675,0.05602773933434468,0.12581130099171697,-0.0058921597505675605,-0.0014491805588402462,0.004958427434617299,0.15382108475892375,-70.96999999999935
727.3361500143967,0.002534323315980221,0.05444426693378669,0.12480526663529262,-0.01219683035601804,-0.018150909298546902,0.005567366600381667,-1.5990601033301524,-166.79000000000087
711.2798594839344,0.0012639381577263758,0.053034221809099016,0.12514057562618025,0.009042742594552067,-0.009137306057673156,0.006201202289018469,-0.2126738243700909,89.9900000000016
736.211615804428,0.0010423888178340134,0.051628218533448164,0.12520981489329633,-0.0015015379388586547,-0.0047610169064475905,0.006115247435939224,-0.38990544705195757,43.95999999999913
733.4530459482576,0.0005999716888089371,0.05062661765025316,0.12552911082830148,0.0005043032867815267,0.00803572612825132,0.005513800088784501,-0.3085842217720039,126.0
662.3083492297952,-0.0010439527573721614,0.04953395919577506,0.12620936457840337,-0.0016578964148747932,-0.0026542337303055996,0.005460694770743678,-0.5401198295076477,-105.01000000000022
656.0404092794253,-0.003059123028081732,0.04816440705289377,0.1261062950001861,-0.004501394519856428,-0.005650627189238366,0.0055270559328321625,-1.1540898307393361,-29.55000000000109
673.512261096514,-0.004051376325893225,0.04728685755259856,0.12761938798702804,0.0015958513974139166,-0.004565794094933406,0.0054940179943689755,-0.8820874227344566,10.69000000000051
598.8995275457518,-0.00466085905841838,0.04663105924012898,0.12853705013582267,-0.011338216633044684,-0.01421791818614071,0.006108402759156307,-2.4638689277020234,-95.1299999999992
618.5188703309542,-0.007769588584648826,0.045151506821197535,0.12800335702582807,-0.0069317530856073395,-0.016624555335918,0.006207853091379532,-2.7470187517149056,-23.0
612.6553453178357,-0.009738793485329874,0.04388536338923448,0.12822197053488474,0.00460958350119145,-0.013665647166005046,0.006208200710507263,-1.9579961414801972,28.840000000000146
658.5440026205803,-0.011961863469451243,0.04250209645775689,0.12856302064389055,-0.00138962195685155,-0.0037404726961949297,0.006177727389805297,-1.8619520237017648,98.02999999999884
651.9569456990233,-0.01415261870754648,0.040735404683268174,0.1290140484617315,-0.002601424589656287,0.0006037715527285048,0.006084409597058657,-1.856158100247166,42.20000000000073
676.2464147195592,-0.015783998222720672,0.03901519041087419,0.12854859389183718,-0.0036773686062637756,-0.007650136900441917,0.005251579902910815,-1.9192569289317625,-80.03999999999905
642.7859423470267,-0.017527167676557348,0.03739158653313749,0.12819312410178849,0.003570437978573038,-0.0027211727056880575,0.004426923861414884,-1.4779010209594265,47.849999999998545
613.3929630432949,-0.01733293339633226,0.035676293931045856,0.12825875196772923,0.0027534407658291737,0.002633049742284177,0.004631211189477208,-1.1601475146781772,51.80000000000109
635.0149041224738,-0.016123494687131028,0.03360135226167312,0.12795822895468487,-0.0007473748972874894,0.005581601180935092,0.004593730569928312,-1.1195220209247525,28.289999999999054
589.2195359084116,-0.014961794874400237,0.03153320804146014,0.127248784506114,0.002151859504132325,0.00416017986385997,0.004726116909024104,-0.8807959646360654,-13.539999999999054
637.6227048708902,-0.012918415464596777,0.029773921310289643,0.1270306369504322,0.005584058271302483,0.006994768375718996,0.00500804653742676,-0.3861020046270289,27.56999999999971
594.2155923156189,-0.010478538545853053,0.02797860649714477,0.1273567738425002,0.002050230650948226,0.009814049586776896,0.005027303236435515,-0.15550702350874776,27.23999999999978
646.5606605719689,-0.007687363413567381,0.026383435471390607,0.12722765429000518,-0.0021053708439897623,0.005524269572809715,0.0037654645384684756,-0.28246396137233754,-41.409999999999854
592.7064568370129,-0.005462713166492987,0.02468896571140909,0.12873777452126858,0.0014198691464997193,0.0013603280369041126,0.00300867352785364,-0.09760500801845509,-40.31999999999971
606.3471940909334,-0.004881608123510515,0.022543170348074588,0.12851423422757624,-0.01200519641656106,-0.012685421994884871,0.0045887030648997665,-1.1463065839555673,-137.27000000000044
604.1659932310687,-0.003782561525386151,0.020367700409477975,0.12951158419194614,0.0014506268780436482,-0.009167126287365157,0.004607152253778924,-0.9641262841108911,34.57999999999993
602.8820044242777,-0.0038974589514441473,0.018217726436572042,0.13054989925817145,-0.008368339368856614,-0.018851854013044234,0.0051513649901695205,-1.7352595467031382,-94.72999999999956
635.7831835229867,-0.006023847405725619,0.015134550704261944,0.1419188470729382,-0.009097340183553682,-0.015964148792871224,0.005653120921128684,-2.2806089152424276,30.079999999999927
606.6200983137267,-0.019250296924799213,0.009957714745243446,0.1413017900970787,-0.08455890482503303,-0.10047801345059504,0.024579699167953165,-4.285145927875135,-817.0500000000011
600.4885221567354,-0.031203365985142385,0.004614776091585697,0.1420705351348733,-0.00021624407054143813,-0.09308314169689036,0.024471290416472075,-3.1096005056441176,79.0
580.7490759538391,-0.044948918453332425,-0.0009511119765356189,0.14158070082661486,-0.010153014265991689,-0.09404934015518707,0.02434358866000366,-2.6889197890663654,-1.0599999999994907
524.0196613297852,-0.05665160444882013,-0.00641552645373925,0.14082886149805526,-0.0015516489902659414,-0.011902625755128793,0.024205699592164717,-2.2863794432105835,789.7000000000007
623.7622011648118,-0.0685217061737424,-0.011703818766133203,0.1402771897554795,0.00041907245297090334,-0.011274735388863366,0.023951947857914175,-1.9764566083011967,5.479999999999563
672.0858763435162,-0.07943130387446987,-0.016756215644362946,0.13892838690095555,-0.0008424482196881522,-0.0019747203254394385,0.02383141494313756,-1.765344703327865,81.01000000000022
675.467815825283,-0.08775353597940971,-0.02009054206671739,0.134993623090175,0.005277892942157525,0.00485192773328369,0.02415997421296178,-1.5039382428656172,58.67000000000007
676.6376711055703,-0.07907892989272308,-0.023741775257456122,0.13503995669428817,0.025506019406678293,0.03005003490807545,0.026103890166707392,-0.9736200130391945,216.5699999999997
628.8429795887685,-0.07363308782876214,-0.0280029606941008,0.1355624040665825,-0.004374029201615337,0.026409262632238528,0.0260862743549322,-0.9678889321739371,-31.479999999999563
662.5124429993131,-0.0676490553768183,-0.03161609783141394,0.13422978146513057,-0.0084551819758939,0.012387512627315855,0.025943674936338677,-1.0262344662163658,-119.84000000000015
703.278801264738,-0.05994873804536512,-0.035818132396390555,0.1346844216313114,0.00572376047172396,-0.007141687141687059,0.026244387615552207,-0.8542244111105998,-170.14999999999964
685.8150946995312,-0.054056720397646724,-0.039611324512080055,0.13421180373236366,-0.007966749459269118,-0.010724420294705994,0.02623765470309727,-0.9128302858504612,-31.30000000000109
783.0389200858967,-0.04780851769441797,-0.04288153655441476,0.13286640081195084,-0.0005367581869960558,-0.0028241185214343822,0.009396855104976396,-0.8477347975706138,69.84000000000015
817.0508493290746,-0.041174036575246174,-0.047391455117598374,0.13415767743888796,0.006543245435965961,-0.002011598549555571,0.009568321330544855,-0.6718512641981754,7.0
814.6766371570657,-0.04018310977361612,-0.051162266289454326,0.13326402358502495,-0.013060703312488875,-0.007136131280959579,0.00990189034152723,-0.8266466685746213,-44.539999999999054
824.6804108407272,-0.03761922914862666,-0.057904337561744026,0.13679080335244276,0.003008043397148219,-0.0036147357283922155,0.009901109048649336,-0.7074716101682798,30.719999999999345
802.919176599769,-0.03815241167967556,-0.062114203227072735,0.13451818149670958,-0.03048430062548735,-0.04026860175457614,0.013436000210968344,-1.1671835519294171,-321.71000000000095
799.5159385606983,-0.03634223879448891,-0.06716801548418308,0.13403826129254107,0.012585915653576807,-0.015329007634469649,0.014053336403203089,-0.877597940791214,220.51000000000022
699.6850871351097,-0.03385265770979056,-0.06921939707258357,0.1297986373894542,-0.0008317603404000007,-0.019098611858115344,0.013934382481825837,-0.8351870573551972,-33.1299999999992
759.176889949159,-0.027571801209067343,-0.07346628251112955,0.1296398898995786,0.028974991194082422,0.04105895126476877,0.01455698334420143,-0.16014770250445937,511.47000000000116
711.0692113358207,-0.023379682607203352,-0.07707024781046977,0.12918733586552833,-0.0021326413944667832,0.025926521188772034,0.01452044207009595,-0.12351860864708497,-124.64000000000124
763.0482789045348,-0.017827285123585192,-0.08005879739588762,0.12794038965188476,-0.0002790137094073053,0.026494070682165027,0.014306165656589253,-0.015577015979113595,4.649999999999636
762.4103281121354,-0.011947754244370907,-0.08353142848975426,0.12787074655268355,0.005940990431962945,0.0035156062794821086,0.014314024378965102,0.4092066580996855,-194.84000000000015
747.1302787053849,-0.00261828034116702,-0.08638248108480244,0.1275338002231144,-0.003569239725785933,0.0020708763431822597,0.014142689218886294,0.7492793327591641,-12.699999999998909
765.3421287791842,0.004520754715749421,-0.08584769882250137,0.1275918646596137,-0.0010989136388535048,0.0012490492013290666,0.014147413639671652,0.63001983408419,-7.190000000000509
728.6221260294712,0.0077565720772407145,-0.08472163183460377,0.12654540406921436,-0.0037036317753784687,-0.008350588259373182,0.014056229162799376,0.31663347039082196,-84.36000000000058
729.2233646368052,0.007404508190041431,-0.08430529313361164,0.1270591231987565,0.005028006627566306,0.00020540441847716195,0.013533812876413306,0.6634742633827683,75.23999999999978
729.0083783731665,0.0062880063046939745,-0.08387272633852977,0.12740487448389765,-0.00730176839703367,-0.006005549735707771,0.013728888324062927,0.025273124063552973,-54.36999999999898
710.5279391284973,0.004519332782824019,-0.08259703474762424,0.12675557059844772,-0.005861395241926193,-0.008158327743474136,0.010067978898605957,-0.4904590098321568,-18.579999999999927
755.0689570067018,0.0020982923003478914,-0.08123785746057217,0.12617679510465013,0.0022416184971096875,-0.010908157444381117,0.009537265471025996,-0.3448543856765339,-24.460000000000946
892.6993216576053,0.00038350014676527875,-0.08067795680019489,0.12623134968438088,0.002071656714024872,-0.0015687851971037947,0.00951089229907121,-0.19146027819170192,81.96000000000095
740.3123945255087,-0.0013095709710361015,-0.08163166679773676,0.1267806014255687,-0.003356604718354861,0.000946820809248683,0.00414596709455397,-0.42244634672150244,21.840000000000146
861.4116256283301,-0.002198313001263608,-0.08252249027816934,0.1271974519950177,-0.007105411177162901,-0.008388133421151855,0.004502469913612513,-0.9864080302929895,-80.90999999999985
859.9545168732549,-0.004638887170527474,-0.07964705527236955,0.12365263216816129,-0.006068628899329687,-0.01644344938329878,0.004676380267241064,-1.398491450272529,-70.13000000000102
825.4926263019418,-0.0035264395501407534,-0.07737763216460246,0.12149421542336124,0.02649306571478749,0.013014267416169067,0.009293119608634619,0.9328428188390088,255.53000000000065
827.3183645142766,0.00017346756716574342,-0.07542963542807382,0.12055816172502726,0.016053139540319172,0.036642095136837805,0.010313967529289907,2.0732544592185955,202.3199999999997
810.4502639685703,0.003792049611849894,-0.07455531150574976,0.12095959955368259,0.0060516154660126276,0.04928316460881277,0.01035982107791485,2.192990081341952,106.10000000000036
791.1109396500589,0.006541160292056278,-0.07437918976320436,0.12166769426896983,-0.005850138306415675,0.016221879927532656,0.010485868842498136,1.6208291353317927,-278.8200000000015
851.0338072228341,0.00919129099773497,-0.07276642641030359,0.1210590419406713,-0.00854019061723399,-0.008375534551885222,0.010839507794692598,0.9529356784381889,-216.91999999999825
811.5942784633834,0.01245153739622249,-0.07385979173275184,0.12374928022337699,0.002107042750788324,-0.01226354064424029,0.010541472299554459,1.0167068453115389,-35.31000000000131
721.6430927670744,0.014449085993341394,-0.07339638216575269,0.12513324898084321,-0.025351047071643484,-0.031638646269837256,0.012997375879202808,-0.8156283197045416,-172.04999999999927
803.860358495743,0.009741048835654773,-0.07283448619971228,0.1252795740464623,-0.015124288188711699,-0.03806935135447087,0.013662185561206379,-1.8731480942324776,-54.42000000000007
792.0695278849134,0.0023851113309164623,-0.06821567076729435,0.12062682247397336,-0.005557248244537738,-0.04542636621817697,0.01365575110778007,-2.145925981730211,-65.85999999999876
836.7335998277176,-0.002282330076037121,-0.0679344502654183,0.12126568621941734,0.035075951957621365,0.013755988483574066,0.017360813107572756,0.20309868804971834,521.0099999999984
857.2493498700636,-0.0058905407834975694,-0.06769849999468622,0.12170945258593129,-0.009251555449903193,0.019800931933120047,0.017462830100301897,-0.4112219765506507,49.590000000000146
812.70690186035,-0.009182704708314024,-0.06725834026277251,0.12170022481233807,-0.007795656442029175,0.0175054445741758,0.017531891649639312,-0.8825544907539659,-20.340000000000146
845.3574955338007,-0.013219359042197064,-0.06689991089345267,0.12119904132931039,-0.004050526952164457,-0.02095685883692111,0.015550876961053369,-1.060314472507348,-331.34999999999854
802.4584844569292,-0.0132428976531228,-0.06574975046049224,0.12010490987681957,-9.105224881555962e-05,-0.011904583379955813,0.014525497654042204,-0.9855092556135016,80.16999999999825
787.9421975210691,-0.010660074741597914,-0.06477878248970806,0.11945770951386826,0.0050620320743242075,0.0008998587431041649,0.01447091710379122,-0.6131825630264914,110.94000000000051
832.5895928817679,-0.007239705736156648,-0.06338852860253653,0.11859081943851255,0.0014995777718667114,0.006477550367652629,0.014507763640461179,-0.48419270451722735,47.75
794.4245766538193,-0.00849573394320474,-0.06182135819702956,0.11747113096674588,0.0036174901414984806,0.010210454917444434,0.014484902927815615,-0.21971490850286723,31.970000000001164
818.6337728917727,-0.007617373100200965,-0.06023185834605343,0.11676117116558743,0.005624515352141923,0.010775819511702256,0.014603061465866183,0.1433665131723288,5.309999999999491
830.0759418736803,-0.005838862633843489,-0.058144062088208305,0.11566485505384408,0.0012181303767238028,0.010491765251681606,0.012497598546515935,0.20315480364640603,-2.3100000000013097
848.7575573713555,-0.003196780698810767,-0.05697018592484792,0.11586082512027505,0.005051386175661143,0.011935482752603255,0.01146754275356253,0.5020101959891944,12.819999999999709
803.7604433974213,-0.0011379646062741004,-0.05587397467309241,0.1157988085991417,-0.006300484099186043,-6.435405763838276e-05,0.011517114020024461,0.0878737877945047,-103.84000000000015
801.6443518466333,-0.00012218475737408113,-0.053050159222953294,0.11341363183655274,-0.004214312803833886,-0.005489838690794557,0.005326613933242029,-0.18653878664813728,-47.26999999999862
846.0510621732392,0.0022432785780521964,-0.050958447881859756,0.11296678520988972,0.016820106571198368,0.006155448485519965,0.006705685413307557,0.8262027760143352,101.73000000000138
839.8785290877764,0.003877625797209268,-0.04900709845341967,0.11321467347650453,0.0005652430034153166,0.013107236849666304,0.006071091666407945,0.7920993292345285,60.149999999999636
827.8784258459924,0.003924863172226936,-0.04769065283104643,0.11269984324403055,-0.005690074699246206,0.011605804287084576,0.006237447311937583,0.41734169133117743,-13.489999999999782
815.6817664464533,0.00493944071779188,-0.047188809195282726,0.11250673673457591,0.0013199942043469193,-0.0038148227599976714,0.006209114788657212,0.5733518878289481,-134.1700000000019
835.1224529002484,0.00571941836091837,-0.046684475889908414,0.11199505154836176,-0.0016999439428673213,-0.006070093643474217,0.006217525123855925,0.5773869731825196,-19.899999999999636
807.9148557342342,0.007738210469242223,-0.04522742090553846,0.11038066748442932,0.0010671274526812269,0.0006845259486674138,0.006218681696231183,0.766121539305871,59.51000000000022
769.8689488120859,0.0111755073149382,-0.04386265722835182,0.10991076229705432,0.011500149922644365,0.010858221029172332,0.006852662727926611,1.663956035687489,89.29999999999927
780.4380514066357,0.01212349848805501,-0.042326373761040266,0.10917867329188093,0.001240974474924661,0.013836134875779393,0.006764267476755948,1.724088525941168,25.93000000000029
819.6807722172344,0.013420743776003451,-0.04037119127149551,0.10964755676089907,0.0037081774656735345,0.016510872526988907,0.00678496899214396,1.7833636077129345,23.590000000000146
847.3155200805329,0.013900801080612325,-0.03728314285062144,0.10894742950135111,-0.007402414308642524,-0.0024853303516882974,0.007206388798256192,1.1509272031192483,-166.86999999999898
819.1044004707218,0.013779082472903046,-0.034691332126460535,0.10948178339233498,0.00308813210380543,-0.0006450472640652238,0.006853457270848911,1.3612640797232336,16.31999999999971
833.322094670528,0.012960518424632717,-0.032921245536625086,0.10872953697297331,-0.008530708523048491,-0.012830851468313753,0.007290932538631472,0.6043992638878098,-108.67000000000007
760.2685812372184,0.013474469247296285,-0.031206260479353678,0.10873053046714655,0.00285629560955325,-0.0026282456178016167,0.005484972302052054,0.7792671349741114,91.13999999999942
732.8671839080436,0.01164319251878463,-0.028765129764840892,0.10780477487527679,-0.004196335004390206,-0.009871200156803872,0.005624135351599566,0.36580375434750234,-64.3700000000008
778.5959204482504,0.009690932315754446,-0.02599657928209012,0.10687848618164492,0.004532572746996255,0.003174419225573377,0.005494332660839334,0.702896917654392,115.56999999999971
781.5453222612149,0.007540435452650314,-0.023067381887700706,0.10592462219050117,0.004616316799836984,0.004934998725465212,0.00561342139682792,1.0938663256710661,15.6200000000008
774.3142146290725,0.007020162689238566,-0.02036516923485557,0.10519363683289638,0.005491352613381073,0.01471152063037362,0.0056940982479346015,1.5672805954394946,85.75000000000182
770.6091636084362,0.00663481443954845,-0.01810487106945282,0.10517871785056249,0.003502626970227629,0.013671138393236415,0.005720701212487589,1.8190430822751156,-8.600000000000364
805.6486120190394,0.007207408819275561,-0.01597597688521927,0.10512463016126607,-0.003481463108334304,0.00550037146390614,0.004973649080799001,1.3517216909463554,-71.92000000000007
830.0054737570299,0.007153890419502285,-0.01380550372548755,0.10421401351251176,-0.003554170263815992,-0.003545232547970567,0.005095640380034755,0.8712321241953522,-80.41000000000167
784.9900835596889,0.008349548667597614,-0.011890407236962061,0.1041230932710909,0.004872066071067049,-0.0021854113735242375,0.005181894514771307,1.3380615125241129,12.06000000000131
801.6281573729183,0.008683433866130918,-0.010125336886902375,0.1036411127461155,-0.0032561837257997217,-0.0019598389972081964,0.004753054713479067,0.871256136210857,2.0799999999999272
792.1794031732418,0.00858365742028417,-0.00839413982814557,0.10378173225895329,0.0005302405629536988,0.0021311069604159627,0.004683032312423001,0.874846817359087,36.42000000000007
772.4930039132879,0.0068955680614127745,-0.006132533939502352,0.10253791578640242,-0.005875589748426391,-0.008587232803699663,0.004273639405930897,0.007714053769851501,-95.63000000000102
813.101714154856,0.005264444201845978,-0.0047702952399083925,0.10224783533022808,0.007965882125726242,0.0025748122251905148,0.00475665478167569,1.1296836824215475,99.61000000000058
781.335990259459,0.004688012122770487,-0.003274133918800181,0.10103949958937725,-0.0015462981845564272,0.0004940300954150434,0.0045542840123728775,0.8237305547399711,-18.520000000000437
818.4549837735748,0.005290410054458304,-0.001404238500438104,0.10002866878668212,0.006727836296424483,0.013178209647380257,0.004742710779369326,1.6915910826149705,112.28000000000065
812.5297388553706,0.005421278926546791,0.0006227094297761602,0.09874521003184507,0.004211493207322725,0.00940440627752226,0.0047186094802937366,2.069212254851651,-32.75000000000182
786.1340443167376,0.006864840784290101,0.002708331319743629,0.09820151425498151,0.00810459489791282,0.019161147110116517,0.004982600043691956,2.71341464007846,86.81000000000131
787.8367409966032,0.008324235590019886,0.00468530099650519,0.09787030118790178,0.001187031188748966,0.013551911837327957,0.004943384227836428,2.461066786029659,-49.17000000000007
775.771000681062,0.010549728847834377,0.006351116306673948,0.09701039359872422,-0.0011416303537294947,0.008148997554523696,0.004780064140282971,2.005290214075768,-48.159999999999854
830.326018839269,0.012476623135956273,0.00793094306573904,0.09692576413307857,0.004161032737715287,0.004205261697432627,0.004548981605677339,2.102367857470601,-35.219999999999345
811.3533667032439,0.014362948134427409,0.009333717392434281,0.09646398069919558,-0.003940932073200121,-0.0009381605893364897,0.004777307182103492,1.5459305388870241,-46.720000000001164
789.6415346288927,0.015407149737182524,0.01103745249264108,0.09607915957327029,5.724520653971332e-05,0.0002609591846622905,0.004573406333295961,1.4076693662489188,10.900000000001455
810.2100621048149,0.01550599559178684,0.012967958696723084,0.09406860521846962,-0.000703415251671835,-0.004584595714537842,0.004615843793495465,1.2289644157441,-44.18000000000029
796.0560060250458,0.01606988401854158,0.015583318097897491,0.09278594669039361,0.01733448191534115,0.01667706988208595,0.0058863115553855145,2.3464376485533034,193.29999999999927
801.3480172228797,0.017281384316289932,0.018191579628025582,0.09248900122742909,0.010261802101086959,0.02705121501499841,0.006077635644029213,2.592604958014742,94.25
882.0309577770759,0.0188599911095543,0.02097526924690915,0.09196909943925251,-0.0007481251319668702,0.027005263355019737,0.006018770771421843,2.2108926863090765,-0.5900000000001455
900.9452678415528,0.01981025252079369,0.023475561030133332,0.09192895630581627,0.0014759181852213032,0.010995948120348098,0.005976732570529642,2.026174393397341,-143.59999999999854
902.119888352079,0.021348258486041213,0.025760896099171367,0.09191262816057028,-0.001970702930456647,-0.0012454461365981606,0.006159831051589121,1.7038154407506787,-113.17000000000007
912.3501720410345,0.022747981253269604,0.027668197212468718,0.09166951719242422,-0.003322469487689439,-0.0038185092582760927,0.0061552058569618925,1.369091160196344,-23.980000000001382
943.3881350391694,0.024313409726089443,0.02932445771486402,0.09099324233328687,-0.0009066036709911574,-0.006188435615314569,0.006206326069829608,1.204845491095669,-22.18000000000029
916.3057164346782,0.02383419469684878,0.030334747409319976,0.09048106403333714,0.0033408808501786957,-0.0008992989117196926,0.0061535617156261895,1.2741909508136486,49.399999999999636
884.5643460816611,0.021977043852975567,0.03153255144596931,0.0904993072008042,0.0015972090195586208,0.004032340555655489,0.006119402589687579,1.2543257498291343,45.830000000001746
929.6252608433161,0.01978265284145109,0.03228211256274857,0.0887367900844351,-0.004167354791385636,0.0007554701535403829,0.006139275566855211,0.940396761572788,-30.44000000000051
937.9202591904078,0.018838530055520854,0.03365288874025076,0.0885961105857378,0.016275037691147798,0.013656298234477005,0.007369564824641849,1.6793001770475324,120.1299999999992
958.0478881848969,0.018202513348990847,0.03490383846340396,0.0875885976732336,-0.0019370295842060514,0.010079507896097128,0.007437342225628704,1.4461584746687008,-33.149999999999636
925.894675318382,0.018708727127375528,0.03651395800828392,0.08572281050987343,0.008189959496116783,0.022613611888864904,0.006214526263393624,1.765203096029533,116.0
924.0852377226561,0.020842832950071808,0.03833816145646308,0.08364973259654317,0.01918915247383368,0.0255459021969604,0.007623579147463794,2.4356399166514757,31.090000000000146
940.8930055188009,0.024997958728386453,0.04153700892224203,0.08532508346211931,0.02356634129658297,0.05175154079319677,0.009510050490343315,2.917885868929409,246.36000000000058
943.0405960610151,0.027724744763436077,0.04361263224067334,0.08524526504722482,-0.021802309441779077,0.02046337454020053,0.0122874707047783,1.7357466816701559,-293.1200000000008
934.7044409696545,0.030614148036235106,0.04555833364316405,0.08585707945955424,-0.001392112326643824,-0.00014362159944858455,0.01226657793524414,1.5279010726544726,-195.70999999999913
920.7047113687845,0.030643184199829174,0.04668526090783352,0.08492299841928473,-0.010341207132094965,-0.033265733185683155,0.012764099541296373,0.9992202357193078,-328.15000000000146
909.4792511717827,0.03140188500296368,0.04789546370355773,0.08412698216174176,0.006604537029785584,-0.005191784370159436,0.012758838290027668,1.1775973205100516,279.2300000000014
900.0955340399901,0.03164917478250313,0.049367964666227566,0.0836569588838477,0.005420124481327893,0.0015945320880206282,0.012774142022952578,1.2971345602330555,65.73999999999978
901.6749132804536,0.02944020563718367,0.050949687624658214,0.08374373661673919,0.0014042147076271938,0.01348160910538554,0.01277678537668757,1.248955872234015,113.68000000000029
935.0775890363775,0.02355270546450391,0.052335128245279916,0.08355407820946378,-0.00657746969356654,0.00020954356846480948,0.012924936339334442,0.8940018981019456,-127.09000000000015
1016.1301032265893,0.020146988783844983,0.053305835352806245,0.082292352668726,-0.00452394830128966,-0.009682994144806445,0.012398450721395022,0.6304161624300925,-95.8700000000008
1023.6781581725232,0.017596394829752816,0.05456654989846099,0.08198229646192179,0.008904609101517025,-0.0022656415814775732,0.012520958006686178,0.9901726007587458,71.86000000000058
1012.7123850590241,0.016400806768234476,0.0551585490352947,0.081595399812698,-0.0031536978501364166,0.0011729907218611668,0.012471116002123622,0.7618934807663358,33.29999999999927
983.5096975818317,0.014722140943510887,0.0549444424624072,0.08004130365167496,-0.0016274176890253012,0.0040860976829473206,0.011156511261350404,0.6163445538898447,27.910000000001673
1007.5032822391491,0.01376111075085503,0.05575105828779214,0.07966320492264356,0.012632786932873508,0.007796469799780548,0.009327314915106558,1.1781974612848285,36.279999999998836
1018.4094204823377,0.012586272410911044,0.05625313355412855,0.07875294714715865,-0.0018792196627446245,0.009084947888448935,0.006742590998196338,0.993067745550132,12.200000000000728
821.998072305329,0.01280611030288914,0.0571955696451696,0.07845910305250324,0.0047510376212780425,0.015531842923875328,0.006822260741976052,1.1517655710573098,61.98999999999796
911.307448195501,0.013305570695970695,0.05830641258948846,0.0784069181070128,-0.003812079110603328,-0.000960102957465625,0.006055620866786754,0.8771746611139587,-159.0599999999995
957.3981153236836,0.011725980060405003,0.05955868636335085,0.07924176156137626,-0.007140512820512868,-0.0062262409621981485,0.006299804950233555,0.408038573786888,-51.280000000000655
880.4070870018164,0.008718585729878521,0.05968314618350547,0.07887654401123892,-0.018568485947865643,-0.029290990067751044,0.008099409610900079,-0.8336811277450539,-226.02999999999884
856.1044413322542,0.005476526601172873,0.0594650452575176,0.07816548849578293,-0.003897636262016224,-0.029374358974358916,0.008063223878551871,-1.2045982574969978,0.28000000000065484
841.8418548267132,0.0004670976768243748,0.05927090968877616,0.07698848967560983,0.0004078786085632835,-0.02199500432834245,0.007960061061644114,-1.3889554917145828,73.47999999999956
780.9772743770877,-0.0036611272128774137,0.058617850872206806,0.07598564754163442,0.007195171672233158,0.003678703412300033,0.008267257239764339,-0.9045379628146171,247.8700000000008
838.8246441189522,-0.007148371345203453,0.05810911769345917,0.07478128756085899,0.006336269005136508,0.013990447609788959,0.008031080988682108,-0.4887698669062727,97.44999999999891
783.1492387177591,-0.009181053073627446,0.058115453138589734,0.07498834751191498,0.008911004585243854,0.02260902079332805,0.00844456550134848,0.24960618144818314,81.65000000000146
863.8985831406661,-0.011125857757082651,0.05674402238215293,0.0743344406109682,-0.010483901788047478,0.0046593914580970175,0.00899509395891139,-0.6973670324737417,-169.6200000000008
864.2210992605126,-0.009447600928259322,0.05445772020235227,0.07374578862809633,0.000752608817736089,-0.00091496456857032,0.008024178491053757,-0.5813958762645438,-53.210000000000946
804.708008770525,-0.006379957536394957,0.05300898170612453,0.07328641573845655,-0.0009669122018686194,-0.01069667851399203,0.008024087982895854,-0.6324207885432662,-94.77999999999884
826.4063608606376,-0.004520020931449493,0.05144357118960546,0.07270324409037959,-0.0023961286078962862,-0.0026106444565298093,0.007789765253468368,-0.8256494115922295,78.54999999999927
821.8671230133325,-0.003783090613482544,0.05043368504404145,0.0718146760050211,-0.0005944531658818031,-0.003953179336658508,0.007776030594723179,-0.8679551000941892,-12.889999999999418
823.9192986031184,-0.003994138184984082,0.04962218601849365,0.07159476037114128,0.0034850649051452187,0.00048549011009657583,0.007705312091104234,-0.47094197821612144,42.54999999999927
830.6605557521552,-0.005975830838385082,0.04833296431855139,0.07099042322678797,-0.006861394611065941,-0.003992673992674001,0.005745500866508784,-1.0975177314396034,-42.79999999999927
838.1652617365498,-0.00638275904123409,0.04691972815694259,0.07057159621363293,-0.001794711485417988,-0.005188851143327455,0.005641710804536107,-1.176160569877316,-11.399999999999636
852.0091441518889,-0.007336848733452851,0.045433424940804365,0.06962371070917833,-0.004599058714053084,-0.01320309728048763,0.005818026793560226,-1.485475939599314,-76.97000000000116
866.2700227062846,-0.008116483416788754,0.04423633414923736,0.06875022469192016,0.002477770915643829,-0.003923567146692508,0.005427698300461206,-1.1589573893855225,89.18000000000029
764.7421894062559,-0.008514308451654191,0.042731122366926715,0.06897668880505944,0.0021382961777560716,1.052657064404272e-06,0.005072229823192922,-0.8820053639180769,37.350000000000364
819.4748719422166,-0.010189049427312285,0.04063539799409564,0.06871777417613767,-0.015081401885096324,-0.010529733250987716,0.005587006252215429,-1.988459335743988,-99.57999999999993
765.3671003150689,-0.01342499899464605,0.038052782720825296,0.06696196783181357,-0.009054658200546961,-0.02191252501447849,0.005421727616733477,-2.2971524996974826,-108.14999999999964
728.9771717484317,-0.014006577507598582,0.035837580926536036,0.06631380800081213,0.01382796633659722,-0.010503401131394696,0.00720201673088161,-1.1922055945207817,107.93999999999869
748.6798954783612,-0.014242753579043343,0.03356897962415835,0.06621368241250974,-0.0021276595744680327,0.0025105514769929727,0.007200267382525915,-1.2611123840043765,123.27000000000044
739.484971297132,-0.015040856324438356,0.03065761364893205,0.06476464146836264,-0.009999999999999898,0.0015541767015860852,0.0075897115671425125,-1.914385359491244,-9.079999999999927
755.8993407416444,-0.014631225950097507,0.028222132071271396,0.0637252362904892,0.010426223859059558,-0.0018063829787233754,0.008440382714490394,-1.0375223853343218,-31.389999999999418
689.359758559933,-0.014289008595967748,0.026222217975085654,0.06304185765509239,0.004741543767358358,0.005065031982942392,0.008514372543377483,-0.5639085782464294,64.48999999999978
750.905065567021,-0.012255003544083817,0.02502058126235906,0.06211049055177629,-0.0009970819442248757,0.014204949279576162,0.008334140513837424,-0.6175777828289478,84.39999999999964
713.0186506760725,-0.00930531216931235,0.02409761909327425,0.061225321662096856,0.003386029681114344,0.007138426647284035,0.008413819329947819,-0.29999509666431107,-64.93000000000029
707.0314178154728,-0.008116105704040947,0.023247812982650558,0.06078504254856448,0.0033862433862434926,0.005779893100086753,0.008367622980620092,0.006378205145479436,-12.489999999999782
667.8887676219601,-0.007107367391551491,0.022095141649209785,0.05989587840407236,-0.004243830415524119,0.0025111195345988158,0.008430426015181349,-0.3495668627604959,-30.840000000000146
703.2755279841111,-0.0038590216151295673,0.020721452813647095,0.05984758236125889,0.0046590889834099425,0.003783068783068888,0.0085275486774879,0.13046294821611654,12.100000000000364
687.4111135492836,-0.002829673691547324,0.01885384063479121,0.059056661348973645,-0.00929815776296028,-0.008906348871546177,0.007729332885844665,-0.7098045401871655,-120.20000000000073
549.1436101622262,-0.0017911594505884347,0.017357650909292692,0.05867580739662751,0.002726242478092722,-0.0019689125756214843,0.007146573474303688,-0.36404115015084393,65.86000000000058
953.0396222716982,-0.0015199970029393917,0.01578397027288815,0.05774552398480197,-0.00451546560233973,-0.011082940199773295,0.006130021402699181,-0.7918682786023634,-86.53999999999905
956.4078882117115,-0.0011191303864504433,0.014458585229319264,0.057307043429842636,0.005544409644564929,0.003732887827146536,0.006303185016358071,-0.092738907345198,140.20999999999913
974.7127979844953,-0.00153990337674164,0.013349529635493941,0.05619379342207259,-0.0027712313532916033,-0.0017701049646775546,0.005504960644229075,-0.3681880968595413,-51.76000000000022
950.4369029099988,-0.000462294209407534,0.01229900158940591,0.05574755453243084,0.00950195024924283,0.012285968304866834,0.0053671526747332415,0.9105645912725371,131.9300000000003
964.1415130696926,-0.00036720255003443885,0.010985188835752618,0.05541577759523288,-0.0027348731606479104,0.003951177985355159,0.005328404777270908,0.677890329340324,-77.97999999999956
958.2565129152399,0.0006683764942730654,0.00980294365605818,0.05494966391554754,-0.005204912406677864,0.0015010912678374844,0.005561137173797315,-0.03427952341869689,-23.149999999999636
926.6200922300092,0.0006962678223759266,0.00862621287162752,0.054361033128512155,-0.003346917025543017,-0.01124594165674142,0.005532025342477695,-0.49297663617582166,-120.91000000000167
882.9659079226734,0.001103217320836611,0.0076199041429672485,0.05390011263227663,-0.0019000796670174402,-0.010418272632234715,0.005401202256657428,-0.7340700201268651,8.130000000001019
924.8582067849319,3.97327459706374e-05,0.006404166093289736,0.05335631596697476,-0.004763510485271905,-0.00997918393819508,0.0054318753193414,-1.3613284214586676,4.649999999999636
993.86453172408,-0.0008795195332919746,0.005176129878076193,0.052491435739225864,-0.0033870863980443033,-0.010019086002036381,0.005158373967096357,-1.7185876935028535,-0.05999999999949068
961.454019969577,-0.002807434275008599,0.004736144442881477,0.05141583728245039,0.0026304436466446646,-0.005525416060201294,0.00468423271380921,-1.2587634459349986,42.289999999999054
933.3943887358053,-0.003986993169210957,0.0046468017779159095,0.05096161514541793,0.009055245690201108,0.008282761134818628,0.005404217807681364,0.004411768921189013,129.03000000000065
949.7658385698008,-0.005169203097372247,0.004030316623960458,0.05017662607297718,-0.003386910680200139,0.008282938910232351,0.005330808784614306,-0.5362966609812654,-0.2600000000002183
935.517052687935,-0.004819803258410253,0.0033183756677529854,0.05006275969822782,0.004552923602219483,0.010216257165114762,0.005242945892566536,0.1906686978766769,18.220000000001164
981.9104907757217,-0.005237184564464679,0.0033185244410943076,0.04936876055418807,-0.00859509680105619,-0.0074543936791846566,0.005752780933582006,-1.3601894523727154,-165.3100000000013
977.866287706264,-0.003786332318140069,0.0030214816165636,0.04935874118660149,0.014489353153877005,0.010348911651728576,0.006660061389323102,1.0967687205932524,167.09000000000015
1004.0777848227124,-0.0014396557455064697,0.0026718653821081045,0.04930068584438564,0.0008152928665041692,0.006589715837092447,0.006616706049123366,1.166468764468489,-34.95000000000073
960.5524315168551,0.0010561593846316213,0.0024817917079007715,0.04931246262878639,0.003271177444492901,0.018637739386634378,0.006451616193799609,1.560591189560868,111.92000000000007
918.5779441816137,0.002453584727775627,0.002156279478443293,0.049493371992746636,0.0021298504056181944,0.006227696934942406,0.006325127577048266,1.7309078464487522,-114.98999999999978
963.2033106646786,0.004321339605728114,0.0016290758933791849,0.04966186610589151,-0.0014546660565324387,0.003945462085470641,0.006306287436442611,1.4512342232371036,-21.57999999999811
983.2325618741814,0.005574546856574547,0.0013511053560601664,0.04957003888846705,-0.0010773483566496322,-0.0004059862995399177,0.006070528379777229,1.2141519877672298,-41.25
987.2377912658329,0.008254111972976014,0.0009227871042102935,0.04957200690808192,0.004059407503274937,0.001518688155701886,0.005893878872876932,1.6730775269043643,18.329999999999927
1066.6639259344968,0.009056500325220597,0.0006944621375643552,0.04978792128785482,-0.0006340104145381442,0.002341787452307509,0.00594767301098535,1.4374309599888762,7.809999999997672
994.2446450770547,0.00892322438151106,0.00043627725928807983,0.049691655985610206,-0.004735549548151363,-0.0013289351157689255,0.005776790925719845,0.7749665420302844,-34.909999999999854
964.6932941639865,0.008636016312667937,0.0003079476696423507,0.049686368305267806,0.0026297989088863716,-0.002750871633326102,0.005641177307345892,1.0206288229528186,-13.619999999998981
1001.9982096947275,0.007904532757764118,0.00012742144063799182,0.04959733021410886,0.00015972795806717954,-0.0019588145606612706,0.005551846998612061,0.9724504839238329,7.570000000001528
1003.6840437144384,0.007892790779035038,0.000580036444050432,0.048845983994196054,0.00307217079756672,0.00587068891038256,0.004688178436163377,1.2363124604984055,74.39999999999964
995.2027027698286,0.009657028769978964,0.0007597873515257971,0.04892336841641715,0.01832524348115716,0.021616867272371776,0.005655951368354162,2.7219051090978845,149.98999999999796
990.7661862715042,0.01145918618988905,0.0013399036209264966,0.048731957328905555,0.0010399212498803934,0.02251594397806178,0.005651273208462792,2.3499737696031024,8.590000000000146
1021.9482876635568,0.014042752864384304,0.002213794404500458,0.04893994079161229,0.008887176325524049,0.028443668861436233,0.005968762318610695,2.519954150461567,57.25
1035.5108355958298,0.01721806677560069,0.0030125359906226223,0.04969545643098368,0.0004033206735456485,0.010343667743617946,0.0060044613110094335,2.167071318734179,-170.98999999999796
1009.1347712206406,0.019238417004267042,0.003876056789251847,0.049951651337228196,-0.008003094950852496,0.0012166050143855855,0.006663524503336231,1.477333650667383,-88.72000000000116
969.2978968759335,0.02108769548312021,0.004942925673166162,0.05029104094237451,0.0007748485196801269,-0.006834044746188095,0.0066067049423097325,1.398220882804628,-78.94000000000051
1024.8020082307567,0.022271802008251074,0.006130881465453566,0.05037349865157647,-0.0008511607063197424,-0.00807945064622373,0.006630728560424327,1.2507416382989973,-12.260000000000218
1029.5168874097028,0.020853321986202798,0.007246363643190535,0.05049497294191644,0.0013445426450950926,0.0012674674460992907,0.0065903806485752186,1.2449716367809736,91.71000000000095
1081.9686829744305,0.01949274541799315,0.007862573281971708,0.05098383494234583,0.0009091663856484189,0.0014018514283604677,0.006265547671841866,1.1998509605644407,1.319999999999709
1060.1719958371168,0.01663460623415096,0.008702897038231029,0.05113946443667415,-0.006922640516289769,-0.004683319152342991,0.006815158290842739,0.6754877218517236,-59.30000000000109
1058.6605809402135,0.013363664393999764,0.009508718541195836,0.05114798098497693,-0.0009744819777548486,-0.006988383785063612,0.006844673375862177,0.5465922472893876,-22.549999999999272
1124.246472851351,0.011637908488656454,0.01078425635096836,0.05099084631345929,0.0024783211412870987,-0.005431610251242613,0.006834415510160125,0.6681047806158542,15.140000000001237
1156.9808101750668,0.010093807687079808,0.011824908564772842,0.05056049242349429,0.0063920790937415095,0.007903100399486274,0.004686609468553252,1.0798065216107593,129.6800000000003
1118.8098020484676,0.010544428855094216,0.012885365101372082,0.05098103032489693,0.01349791796687172,0.02250410559031213,0.0060182459278460615,1.9173751689170533,141.3799999999992
1015.4798855969586,0.010570954360933412,0.013780416624267225,0.0510908950923351,-0.004342809379741519,0.015546714277771212,0.005746564164609839,1.4427317123168677,-67.03000000000065
933.0384701316773,0.010797761536075992,0.014575256704049154,0.05150769899998938,0.0027050565699517914,0.011826152791561295,0.0057852542141592165,1.4953398800670192,-35.399999999999636
938.5935683568317,0.011847364499623616,0.015441438378929525,0.05167491406201036,-0.002902012095424733,-0.0045467255802779105,0.005260545310741591,1.1820488565363394,-160.63000000000102
866.3784074706576,0.01309196256815997,0.016225016552458036,0.05248923054102752,0.001623569235948974,0.001418431087467198,0.005262814929023819,1.209791868643225,59.030000000000655
979.8186828676947,0.012894941235539492,0.016639698357872042,0.052640799660252445,-0.011916573858459123,-0.013184437530397997,0.006464186974951644,0.24512022815560874,-144.38000000000102
969.7814689571701,0.011896979759599509,0.017038089577180886,0.05372745839463312,0.0011824618568956335,-0.009142084111230186,0.0064616504420163725,0.2741554184452721,40.2400000000016
996.6940529572618,0.007353165073307558,0.01730595061042283,0.0540060817283486,-0.016830692141105663,-0.027397995342715475,0.008093868294295007,-1.2522770968686248,-180.46000000000095
1040.3812419538654,0.0029423658622029203,0.017626447625682305,0.053694949663578365,-0.0011513169879631135,-0.01680140993718804,0.007900772505119875,-1.4656800651338031,106.64000000000124
950.5614117547328,-0.0009653837687384817,0.01819740309808515,0.05400785850140911,0.007750645366027209,-0.010351208289154146,0.008280930138945937,-0.898235872327916,62.82999999999993
941.7927117614807,-0.005035227747857884,0.018832388883851785,0.053770900415065354,-0.00570028025688496,0.0008525575164031185,0.008383023885295673,-1.6227022024470974,109.32999999999993
971.5087055592224,-0.008740690918597657,0.0185779491577983,0.05388841929933549,0.004257076232139223,0.006271800969846808,0.008237726014197488,-1.0935101410610226,51.98999999999978
1021.6373118555714,-0.010159562496953569,0.01831314908514388,0.05371598673637634,-0.0014002367560077555,-0.0028656525021459878,0.006864701613411577,-1.1667954636253668,-87.89000000000124
982.067143206152,-0.01098655403806603,0.01768988546835797,0.053921597572229356,0.006224856072242435,0.009093480942485188,0.007236387190090833,-0.4649663983687657,115.14000000000124
941.492528524377,-0.009214228081951551,0.0170398093817749,0.05442429465751786,-0.001033806396818826,0.003777117935769292,0.007125730469222452,-0.5208770895378546,-50.960000000000946
981.2838538624046,-0.007745181692318503,0.01666122302360734,0.054885397459195025,-0.004466579584357255,0.0006948773022996679,0.007164767743854243,-0.9374981097239381,-29.769999999998618
974.1078416753722,-0.007910568379415547,0.016285198186472883,0.05502990757372204,-0.0022459007388567764,-0.007729326191170727,0.007083866785359651,-1.086999254978444,-81.69000000000051
1010.2886693670883,-0.006742220464836361,0.01598350291490217,0.055096296290837704,0.004260923941157291,-0.002470083512347232,0.006568736202951015,-0.6151765486248486,51.05000000000109
992.350089319856,-0.005965057438061366,0.015607665623530482,0.05541489750781264,0.0025868738648162637,0.004597515310368339,0.006618864085014459,-0.3252560189656633,68.29999999999745
1018.0167057887403,-0.005077689534606459,0.015272573353367975,0.055694629577464336,-0.0011647520646235199,0.005686079389052967,0.004261526775554423,-0.4074032473612559,10.380000000001019
1007.6989612156685,-0.004981763639661984,0.015269555389708402,0.05573654972845024,0.0004689230057344229,0.0018886971919849227,0.0042244339675011275,-0.35437158859692003,-36.48000000000138
1017.3738130283433,-0.004451349455262142,0.015256560019850492,0.05647460097003598,0.005294075137049381,0.0045940132362878305,0.003904090179790362,0.16133467292721035,26.270000000002256
952.2710028034649,-0.004176378261954605,0.01513150632475049,0.05682657637349355,-0.0077123884989905855,-0.0019913734692866836,0.004228541141967203,-0.6002229173835321,-63.81000000000131
987.5368114472479,-0.0036002848090442817,0.014662793720819578,0.05724398093636287,-0.0014395890082049556,-0.0038951921786439803,0.004075919765633068,-0.6880597027542289,-18.44999999999891
892.2152770858187,-0.0036835126545012873,0.013635849134407189,0.05752000450621552,-0.0029600241279277295,-0.01207384175534365,0.004147063828927468,-0.9306097298385911,-79.84000000000015
922.3993611238451,-0.0036662523088409247,0.012598945189293475,0.05815232872698114,-0.0008201654676034398,-0.00521191246967645,0.003623144878479694,-0.9555388881208975,67.21000000000095
974.7060733311743,-0.004512052816269087,0.011321779719624026,0.0581569229690674,-0.00796182319821237,-0.011709507211949521,0.004178523807334661,-1.8005204910759294,-62.6200000000008
993.7338957341076,-0.004966222120515348,0.010057053181143694,0.05817748550130548,0.0029520984018818197,-0.00584926626895399,0.004223530694984011,-1.4120662895111318,56.70999999999913
1027.5277759824326,-0.006071741916407501,0.008741962235694416,0.05829229206108438,0.0022763061312833788,-0.0027683799203506165,0.004277236747309862,-1.1687166657416024,29.659999999999854
984.717273966578,-0.005849609475282627,0.008123404256606875,0.05805142200634365,0.0014062892845554398,0.006648775796778139,0.004071830645212611,-0.8757437969426604,90.01000000000022
1014.814737621428,-0.004988960889396865,0.007844930541127008,0.057635526234940344,0.00862799106989387,0.012345588650465089,0.004807282006500849,0.8084555598437991,54.67000000000007
1000.7096877243945,-0.0025530185838152117,0.00835697218112471,0.05792890401050168,0.010969023354104213,0.021125636507603573,0.005744503290996566,2.4634483296329295,84.43000000000029
978.3526368129842,-0.0008823078009222749,0.009051427577412568,0.05800319231938932,-0.0014865125801875045,0.01817587058638459,0.00578620204146351,1.9301032597453447,-28.030000000000655
1005.8924702800833,0.002157562896610748,0.00920768216334337,0.05863576288017541,0.0028996895674613388,0.012393343806581525,0.005655522164592479,2.075158897317308,-54.47999999999956
1000.0705705528483,0.004353683879130302,0.009355170004191882,0.05931634313912802,-0.007455773429370094,-0.006057411056997419,0.0056217729630624,0.9025140902255144,-179.28000000000065
1074.200452268936,0.005155570168228375,0.009377576848141547,0.059126391787437026,-0.008512939009448273,-0.013051672590873586,0.006194844603316053,-0.3243235663582993,-68.26999999999862
1071.0030576290094,0.006516495593675524,0.009404547206300877,0.05949598457640699,0.006501207767030559,-0.009507437409455255,0.006383824027487539,0.564532611667437,34.3700000000008
1094.7892564982672,0.006222898975594618,0.009143229189516678,0.059589693701679075,-0.004278676350167654,-0.00633690763019179,0.006538964360534568,-0.029225805317793525,31.539999999999054
1062.5404234567638,0.0046100339784310605,0.009006880812379105,0.05955985733394817,0.00030309080207335803,0.0024984708529012245,0.0059785181396381625,0.02808428350772705,85.75
1077.967675969901,0.0033908890527091476,0.008958097682071366,0.05981492450260505,0.00219544984488107,-0.001790163576454451,0.005962136874271136,0.3183021308495851,-41.48000000000138
1122.047680536069,0.0013789189662655103,0.009030487979504273,0.05974934986367142,-0.0020348294282561685,0.00045929118129905966,0.006015802037710824,-0.0035256954598544814,21.820000000001528
1116.7855961798052,0.0006815981715058752,0.008804557962722871,0.06022689192887095,0.003246649178876959,0.003403309203722893,0.006057060559228782,0.4453819154473188,28.469999999999345
1040.785248956661,0.0008320151953701335,0.008512205472000678,0.060209682548046664,-0.005343757697433116,-0.004144984692345588,0.005775882749093777,-0.3055650338986393,-73.07999999999993
1047.1205453967239,0.0004473686890625352,0.008295279333741263,0.06042587205208543,0.0028628979614675476,0.0007423866593738726,0.0047224844726546766,0.11049608360384648,47.350000000000364
1067.0969671366038,0.000548588776746923,0.008018006734810132,0.060274831566586244,-0.0008110601744657497,-0.003305194008807688,0.004719211376492439,0.002470234064661615,-39.25
1073.3184687041153,0.0011593610850115035,0.007638494570515804,0.06002735356646414,0.005254972680759806,0.007315258634802868,0.004934279689933693,0.7824501775103198,102.67000000000007
1027.53029610253,0.002364602071610101,0.00768021026763603,0.06034333665368453,0.00689182711594527,0.011362074826241964,0.004879238684121416,1.6136518094729664,39.36999999999898
1052.3802015151773,0.003232090200317752,0.007691812948148271,0.06055067283330681,-0.003278283237950874,0.00886479354430425,0.004182167575932032,1.0678006925987333,-24.23999999999978
1047.4691793682393,0.0033899720312504885,0.007774389073826566,0.06050105540852086,-0.0018602849157028922,0.0017239854098991536,0.0038589205207413923,0.7491098958300053,-68.96999999999935
1070.6404175325117,0.004475374816897233,0.007886522570741065,0.06097698688432208,0.0029501705615488927,-0.002197440712007559,0.0036438361766382853,1.057327487626599,-38.27000000000044
1083.4628768398638,0.004573924591594338,0.008360851555958821,0.06096171013401809,-0.005701765612282084,-0.004623551104537826,0.004110425916002029,0.2031781559529045,-23.600000000000364
1094.1419930096506,0.004653559817248666,0.00878941272319391,0.06092634851295095,0.002102670453258293,-0.0006715668455459234,0.004106754126792248,0.46051527049333485,38.56999999999971
1081.0577048646826,0.004406976868417637,0.009142061269781983,0.06119510511391418,0.002991200055898924,-0.0006306855121503974,0.004096970277280069,0.9214044717893443,0.38000000000101863
1113.9623930656132,0.003068319155177396,0.009520734535547087,0.06117662332700766,-0.00215039662985006,0.0029387960203719476,0.004097261657166697,0.4578808788516682,34.70000000000073
1149.1845465862696,0.0025765799771156903,0.009545058167124159,0.061323914877323873,0.003294661190964998,0.004131781320772632,0.003755200540096059,1.0542613080119152,11.670000000000073
1234.0187955026004,0.0026807010648623106,0.009180875002975854,0.06146191771016642,-0.00018522138048249204,0.0009517477223111026,0.00372405740131724,1.0526067558616115,-30.920000000000073
1013.2883974047983,0.002811444314019638,0.008779452265940055,0.061589981609196834,0.00012384496657191768,0.003233059548254591,0.0036971646294889655,1.0828220409348717,22.19999999999891
961.7923898132432,0.003665158490154604,0.008218952736740668,0.06184924257482736,-0.0003223663944802446,-0.00038374595403845024,0.00343715892272889,1.0939365393383345,-35.23999999999978
876.3088523289118,0.00403197666955891,0.007974336148181993,0.0616512304414654,-0.0030701224568350227,-0.003268074200534765,0.002886892659115035,0.40174908380830926,-28.18000000000029
931.8154032671417,0.004051837428538189,0.00815517698127536,0.061692256728693745,0.003962683616834495,0.0005577450317200139,0.0029912599351927228,1.1955214730563195,37.38000000000102
898.4223064765549,0.004057493880039273,0.00797608902705782,0.061939997177952184,2.0456298187365718e-05,0.0009008695438528225,0.002923256829832712,1.1054739507414715,3.349999999998545
900.4563789521527,0.0035040916513480154,0.007267782647296185,0.06395533733986132,-0.003490795876912811,0.00047852048858376683,0.0029899174327269614,0.26186592498905514,-4.139999999999418
941.9145338185369,-0.0007029289617220302,0.00639680024984053,0.06344094406486045,-0.03375240300482096,-0.03710567928206587,0.010127112795536151,-4.020666338594152,-367.4400000000005
925.4646006523448,-0.004325660168306729,0.005543776134750879,0.06307606066931072,0.006648495457906023,-0.030723708569172503,0.010397951612585062,-2.584490818640338,62.39000000000124
886.7488014963333,-0.00730886359608761,0.00475691738234788,0.06303424965127503,0.004602843801936318,-0.02285125438647806,0.010480626265997297,-1.8761603749921945,77.75
916.182489981398,-0.01000103589076259,0.0038119190645152894,0.06287523874590831,-0.0004989301886376696,0.010777382156241355,0.010489690718627796,-1.7174681690095288,324.10000000000036
898.1539938103714,-0.013156665365326255,0.0031858877239257263,0.06231961961225048,-0.0001702463948750621,0.003930672435170202,0.010381161662720049,-1.5873015230603478,-64.21000000000095
1004.5604182234024,-0.015868577395430128,0.002358891291532144,0.062269810926776935,0.0055844019339919004,0.004911573814883052,0.010612853645451083,-1.047390911424408,9.5099999999984
987.9828694526824,-0.018350832497900885,0.0014868731225448745,0.062240276776916716,-0.002660149909115783,0.002738654969408172,0.010599856118597897,-1.1824430512460848,-20.69999999999891
1014.398544839284,-0.016299901648983053,0.0004974150824653478,0.06198371816354561,-0.003354755137460086,-0.00045511877233550546,0.010594220615646582,-1.3241390096169559,-30.389999999999418
962.779874139499,-0.014855136875233025,-0.0007212532283122775,0.06162301985749906,0.0004973884477588175,-0.005511579752757623,0.01061704942838812,-1.1787391053975715,-48.399999999999636
978.726924812223,-0.01346677475180011,-0.0018386940338780584,0.061583162948471576,0.0027936601362146263,-7.33623428998964e-05,0.010563752122420425,-0.8906934743708244,52.029999999998836
963.3636023095621,-0.012473441802230239,-0.0030795164851079217,0.06157070637306531,-0.0025165129787506624,0.0007676396762452686,0.010545411093764476,-0.9951699356165421,8.0
1014.22214964568,-0.011900362836514699,-0.004270863165227324,0.06129825460724272,-0.003505317343650227,-0.003236147313545712,0.01054557438054524,-1.1525227461603504,-38.08999999999833
1007.229173648985,-0.011894918132493493,-0.005153382466582903,0.060975673542026404,0.0005894379882767087,-0.005427115453548681,0.003527235108508966,-1.0213614272046843,-20.98999999999978
993.4124330386963,-0.011527260225890242,-0.006131100180149851,0.06072675278006081,0.0019306158580281174,-0.0009929630964475855,0.003027507229771384,-0.8109297458926461,42.32999999999993
976.5966402189123,-0.010722797539774552,-0.007257657155929082,0.06051430016302773,-0.0009434637003131741,0.001575349471350851,0.002713732245137572,-0.8075329167436589,24.3899999999976
941.7889634669812,-0.010015948338768569,-0.008308200819945018,0.06017626547871746,-0.0014170583931231162,-0.0004331239725161584,0.00273615117462596,-0.8379129855379954,-19.049999999999272
1032.7245103959326,-0.009801732123029556,-0.010008593517248842,0.06042420611315054,-0.00016868580055651172,-0.0025274729898018267,0.002736156090210044,-0.7817374859395047,-19.920000000000073
1004.8712925835188,-0.010522978894864447,-0.011699000375960647,0.059956840930443255,-0.012649351662731623,-0.01421480120649976,0.003975286797880658,-1.605523064089011,-110.98999999999796
1045.5216092586084,-0.011016555622700284,-0.013192294344476604,0.05920317487765619,-0.003505088358770836,-0.016276071181190788,0.003999630728683169,-1.7154273016732147,-19.3600000000024
830.2096238792384,-0.01109432605392919,-0.014759442804684829,0.0586890062095451,0.0040297040632493175,-0.012145317810215439,0.004304230673254454,-1.328743109413883,39.20000000000073
884.0190626490341,-0.011487762999535764,-0.016191044109375514,0.05827217847857092,0.0001867999671232301,0.0006973865625463649,0.004293763053953452,-1.2334836851429272,121.70999999999913
907.9281247735845,-0.011916675538088655,-0.018386724636351808,0.058475662748611136,-0.00036712678467354376,0.003848581726364042,0.004115423496170485,-1.2315629289901548,29.380000000002838
856.6605733271041,-0.013431561713235429,-0.021099857664148347,0.0587036589644693,-0.012557357937014735,-0.012735488044268384,0.005209883688177291,-2.282404415838371,-155.22000000000116
876.4266058613073,-0.016535494250552743,-0.02347778375462778,0.05831860643467288,-0.014792950589252896,-0.027521702102227596,0.006332554361344252,-3.1253725589274968,-138.5699999999997
822.0709259873078,-0.018353232155092113,-0.02419289138544851,0.05757676810864182,-0.005332423196205527,-0.032352118480305614,0.0062313770059926775,-2.7799250922846097,-45.150000000001455
959.2282661974455,-0.0208171075008188,-0.026089321755033545,0.057886148328336516,0.0016108407375003964,-0.018467942480268063,0.006205277056817831,-2.2417037658310344,132.22000000000116
1011.0324007460271,-0.025842375309751853,-0.027713586665152442,0.057097328527041656,-0.017218189969586573,-0.020884135300224704,0.007214539886522631,-2.6140586942781217,-19.4900000000016
957.8014367851034,-0.030244384188008542,-0.02869679192005041,0.05573461790775572,0.0006837124014220652,-0.014962062494000783,0.007338617535993523,-2.186450858753191,54.69000000000051
953.3575935971177,-0.03294642896655579,-0.02987564510045061,0.05497496678306918,0.012399221324420617,-0.004352189147836749,0.00883590203856629,-1.4764386979486377,96.10000000000036
963.7623971779192,-0.03387389478857187,-0.030869294488830693,0.053849471488476186,0.002144118388968108,0.015263599151748242,0.00854029915193226,-1.2668536772483827,175.6900000000005
914.1664241692956,-0.031395813930275504,-0.032222719890992166,0.05337090135985231,0.008071264707895542,0.022758787542086933,0.009081064683456243,-0.8465391482907152,67.01000000000022
942.7996636067844,-0.029063815931356558,-0.033719477639648825,0.05298776515781582,-0.003968823272373578,0.00622325383794986,0.008909239877261659,-0.9377823313919185,-146.9400000000005
890.8557174952297,-0.027833397947483525,-0.03473760808614433,0.05201022635556529,-0.006554201076863775,-0.0025104713371295606,0.008941812834823648,-1.1234715953604797,-78.98999999999978
935.0842112377347,-0.023211748058237155,-0.03590043271034736,0.05124683484090042,0.005609098515603206,-0.004946792141642287,0.00926188107319395,-0.8111098205373023,-22.43000000000029
909.8639982550112,-0.01840926369669684,-0.03747062249255339,0.05105355583197456,0.0025974025974027093,0.0016129865760374784,0.008785643303490517,-0.6321544536291361,59.840000000000146
986.9469827432806,-0.016303260042616455,-0.03876970502433986,0.050662464324841845,-0.006670984455958595,0.0014952431125847543,0.007915485519000107,-0.8627112426191218,-1.1599999999998545
957.5276492537172,-0.014847168429594257,-0.0398878638477861,0.05016109672007397,-0.002719688622728089,-0.0067994717147260575,0.007807244567945065,-0.9134880668434171,-75.29000000000087
929.3215885829876,-0.014553490543338269,-0.040880568510792706,0.04942832232994229,-0.0006327416663156615,-0.009999341354175795,0.0077832456274300795,-0.8759578987932981,-29.30999999999949
837.8252424589513,-0.013217344843342516,-0.04160808480892107,0.048609595848461654,0.00325441785838243,-0.00010719617895349476,0.005775536267989987,-0.6531131342028089,90.1200000000008
884.04692252548,-0.010511399965421386,-0.04242590078296049,0.04793018514252541,0.00454693153961272,0.007178459744997534,0.005852250835394425,-0.34321101691334605,65.75
756.1926029179938,-0.008617202679112191,-0.04333484272515172,0.047400628770458704,0.0009318956980965964,0.008755326545072162,0.004742975110683397,-0.20945910860494832,14.179999999998472
800.4553433762137,-0.007226459856424281,-0.04340169361762824,0.04658585073560635,-0.0010541392277193529,0.004423145362549619,0.004735151135831142,-0.21015112323114404,-38.94000000000051
848.9914342640049,-0.00481159330563271,-0.04326307135455727,0.0458744971007044,0.0054589189117815184,0.005335020354274356,0.004392233604831271,0.25604841721060656,8.470000000001164
886.8378194490663,-0.001788204513245465,-0.04379577713706394,0.04544872601242442,0.0038861875635431975,0.008302308224154675,0.00432091294751734,0.6924849536389639,27.040000000000873
833.059905753303,0.0012512333569000944,-0.04421036910456977,0.04490223340822318,-0.002147607107816474,0.007198598573044501,0.003802565558073986,0.696078976136531,-10.110000000000582
817.2914036784222,0.003903987841254941,-0.04476481385463402,0.04447130647665402,0.0006052461953613975,0.0023365278648732613,0.003526056339156165,1.0837321159298932,-44.06999999999971
900.0897820131962,0.005626785415136097,-0.04465002582177956,0.04390475440575665,-0.0028180424595254383,-0.004357353101493433,0.003602849144028745,0.8963443687144842,-61.31999999999971
805.1894404106378,0.006807028255157881,-0.04365653924869607,0.04325062869592288,0.001208799270340677,-0.001008379491549416,0.0028778627121692065,1.0312588705718513,30.73999999999978
829.7322550788591,0.007918425147836824,-0.04210563712982013,0.04251206856380803,0.003929322500812127,0.002310336243454447,0.0027601656464325344,1.44090740816315,30.389999999999418
798.4008988121827,0.008772210958830224,-0.04128188880623801,0.04229578897588271,0.007434640522875791,0.012615747457306092,0.0031646995127488716,2.096585045625313,94.05999999999949
825.4344720947402,0.008659945649370832,-0.03951377246271635,0.04181342404022503,-0.00572324493823162,0.005604725248166353,0.003853890818053473,1.3541677402881573,-63.969999999999345
817.9553899225065,0.008168390584164848,-0.03818274427051583,0.0416301378165461,0.00047632926314711277,0.0021459694989107714,0.003724358354540221,1.408613873783074,-31.549999999999272
874.0378381810166,0.007138683784614736,-0.03690292195385582,0.04114662923852234,-0.005043642727480369,-0.010266807233801023,0.0041155163831187065,0.6001377419759985,-114.65000000000146
816.6229351450411,0.007320503491980423,-0.035765139186101795,0.04071907380985274,0.0038346825734980605,-0.00075255673538277,0.004187122101161261,1.0830118398286865,88.03000000000065
848.8719584793745,0.007504891548470019,-0.03498067264504627,0.04035929204356134,0.0006562622436987464,-0.000572844766677183,0.003936390272009291,1.1070547249060636,1.6499999999996362
901.3606297903693,0.007397197789461472,-0.03416779883928966,0.04011149862517781,-0.0005938377909234793,0.0038969551964864735,0.003798656691244224,0.9430192372692623,40.94000000000051
921.2425686009083,0.005857012762516476,-0.032595098663122206,0.03947504238596403,-0.0021569338021562023,-0.0020950328675286567,0.0037991708009751384,0.5690639594879989,-54.92000000000007
888.789901561561,0.005518329849855957,-0.03128865974821791,0.03899813832721483,0.006707273847630368,0.003939341536125518,0.004247444566996205,1.429036160035868,55.469999999999345
903.1253054451355,0.005569066896815633,-0.029983238754021046,0.038467229316699936,0.0020410263632573145,0.0065861570992178375,0.004115363049305567,1.5517609193012367,24.30000000000109
863.1880665634538,0.0068496776338922115,-0.02864233551586394,0.0381240881904647,0.004165635078258401,0.01296412426451754,0.004212186045109495,1.9059425248914639,58.350000000000364
811.3853407817542,0.007218980917305053,-0.027338050836910828,0.03779519202708487,-0.001388885898178427,0.0048176455612551905,0.004191338180184196,1.6122169856473618,-74.39999999999964
875.5684025683651,0.007123257714948546,-0.026041193116524076,0.0374491596119913,-0.002679210619377481,8.432897381371873e-05,0.0037436850748963483,1.203163411884297,-43.69000000000051
827.0096956073556,0.00689546104763914,-0.024953425567754154,0.0370399386742842,-0.0017956232628886237,-0.005852700575580183,0.0033460528301148917,0.8849663386255904,-55.14000000000124
763.354198184395,0.007005798720837451,-0.023965519688613497,0.03663812461438458,-0.0008642293521744504,-0.005330389256419377,0.003363852719539805,0.6800314180449085,4.920000000000073
727.6843164051368,0.006381303926501524,-0.023317700825564332,0.036428399382064734,0.0004671742353949959,-0.0021923684389754117,0.002924383600405537,0.7002175039849943,29.159999999999854
733.71843446746,0.004924491045952461,-0.022767673778376768,0.036213591923898926,-0.005929583889039969,-0.006324685985838685,0.0033062123052774164,-0.5368525839077883,-38.11999999999898
822.3044931494857,0.002219630262048379,-0.022031573873653187,0.035649895830830024,-0.005646706469353391,-0.011081026005671069,0.003654950267191887,-1.6614053444671528,-43.82999999999993
905.8285115909067,0.00026086660718298066,-0.021383798652420065,0.035208113920274016,0.0034559295003533386,-0.008126769368114184,0.0038417437967379927,-0.9335885843642449,27.219999999999345
933.6881935747954,-0.0010904503482770942,-0.020861239009753244,0.03484294402327721,0.0005472431397992583,-0.0016642580155766806,0.003802153257563992,-0.8348427414862764,59.73999999999978
896.1660083148727,-0.0026492809826106573,-0.02006224083224734,0.034246031226286694,-0.003608082541574742,0.00038253073124749903,0.0032557916380369853,-1.479955341302614,18.76000000000022
962.8368838778002,-0.003645860230143048,-0.01914384291858126,0.03371024800782276,0.003841375093952548,0.0007667957767247824,0.003441636603183926,-0.783060499851941,3.530000000000655
1089.804630825564,-0.004466751428925723,-0.01838130012225599,0.03328408096561181,0.0034075529360400036,0.0036277332180492117,0.0033481666427390556,-0.14958133935107726,26.209999999999127
997.2098036768583,-0.004287649992013393,-0.01780671388717118,0.03295421937155814,0.0010627397147029427,0.008332475068314249,0.003386831187635627,0.049654688625230876,42.81999999999971
1086.6340625055602,-0.0033316136054420643,-0.01755469345149532,0.032606211800875674,-0.0016831486288695352,0.002783235101506243,0.0033443871276552044,-0.25066069519008344,-50.54999999999927
1084.2008599529495,-0.0025853394370022086,-0.01731240526022769,0.0324196838620182,-0.00022639455782313966,-0.0008484513587185827,0.003322377729065401,-0.288952172866282,-33.29999999999927
1049.6352780592183,-0.0027000562374916402,-0.016828794428911418,0.03195471744989874,-0.005242003087501668,-0.007141157384719432,0.003602752802967428,-1.2949513737864702,-57.92000000000007
1044.4341876928927,-0.0019411300507756728,-0.015911859870267567,0.0313559334324036,0.003092827507559681,-0.00239129251700676,0.003762636943377279,-0.6817856783642507,43.75
1064.0583468397156,-0.001244265502844438,-0.015255532318686999,0.031008428698011754,0.0066782826525033645,0.004498433386823875,0.003890351525297534,0.6563186224968732,63.289999999999054
1091.1839164619191,-0.0009631655624604608,-0.014663778942549974,0.03061238051863082,-0.0006903846862488239,0.009094620165541745,0.003415682566572217,0.48725798007368226,41.780000000000655
1068.2775509501757,-0.0007892206904992208,-0.014309005260854964,0.03044533493169871,0.00016593694179278806,0.006150217172383732,0.003321416306288479,0.4885940434545183,-26.730000000001382
1071.791437111378,-0.0010771877706325119,-0.013643283371002594,0.029906804330259093,-0.006523601427037784,-0.007044741696417112,0.003909177678017953,-0.8311178989981399,-121.36999999999898
1018.2607252837637,-0.0010875492199725507,-0.013264944960148791,0.029482368010058265,0.003141324682865987,-0.0032373971977264215,0.0038238767103153035,-0.1626296854910302,35.149999999999636
982.6062158200925,-0.00015859310142712118,-0.012855866648395086,0.02900421086709225,-0.0007126909032352247,-0.004113035274726506,0.0036951751694056442,-0.25493065399072234,-8.079999999999927
1089.853543094609,0.00048394608216501683,-0.012574290674149788,0.02848878049446451,0.0006870667042686573,0.003115128785580179,0.003561939439083999,-0.019335382205008227,66.47000000000116
1050.4821756062072,0.00054632899814249,-0.012383382534157716,0.028099929228679515,0.001991234217020521,0.0019650683530418878,0.003597524258076252,0.5831218400164335,-10.480000000001382
1058.9028394374884,0.0004071426938605365,-0.01166740175557201,0.027454506383746604,-0.0023945059933235813,0.00027874655513904223,0.003634467897323775,0.028698077741192794,-15.499999999998181
1183.1052216345452,0.001004769557723056,-0.011036527354041065,0.027034197896273048,0.008542942765113581,0.00813141710589882,0.004388758361546479,2.2435249122868792,72.16999999999825
1075.211391854292,0.0024833001896129455,-0.010392499522421342,0.026647365581674666,0.0002147866003381349,0.006344083452606064,0.003977366427334024,2.0780200886018285,-16.30999999999949
1099.9857615327394,0.003382606833148863,-0.009645353000574515,0.026217699828112444,-0.0010186683932232876,0.007731972790596453,0.003974957721451193,1.7198851815009784,12.609999999998763
1109.0325145967497,0.0045947009429722985,-0.008716902997385732,0.025835611250528287,0.001990805352598324,0.0011851039556352028,0.003557479900274212,1.9074345012763694,-60.04999999999927
1082.442339071856,0.005452082861548823,-0.007627904075080994,0.025529933761658904,-0.00028999600042700635,0.0006798316607314892,0.0035476808970616954,1.6920674613127658,-4.680000000000291
1177.0867540714285,0.005541641552981787,-0.0071935598535144574,0.025446033045294008,-0.002682971541953738,-0.0009873011895142891,0.0036642285442786172,1.0268902347220124,-15.43999999999869
1191.63147268754,0.0046646356373540865,-0.006528610887086288,0.024826892635040867,-0.0145516747725557,-0.01748061392907918,0.005355173620171622,-1.9156160914888067,-153.01000000000022
1274.8283496653396,0.002878073643137299,-0.006156869884214425,0.024515730048771587,0.0038052017590828324,-0.0134558355709401,0.0053986023760882115,-1.2185997905045298,37.3700000000008
1250.1594861215706,-0.00022993574219294435,-0.005874255254792334,0.02386109193084793,-0.01128707157004638,-0.021966995443545967,0.006255025726335756,-2.797257486932393,-78.38000000000102
1429.8653322123173,-0.002993059594370995,-0.005881908853182412,0.02333172147436711,0.0006953918405883108,-0.006834660252977964,0.006255260488070321,-2.2575622641260016,140.86999999999898
801.2423649119754,-0.006493239633419742,-0.006056196249226539,0.02285330279985813,-0.005340521789085839,-0.015883443442218148,0.006268081088434582,-2.4680041441462843,-83.02000000000044
934.4582631077793,-0.010379386398260857,-0.006364405032764152,0.02235788009792717,-0.004310684744663229,-0.008939488748803348,0.006307229718641664,-2.449360875683139,64.45000000000073
899.7926098907267,-0.014525219818544684,-0.006828504238816891,0.021676550276360524,-0.00524072999866132,-0.014818456507448952,0.005398440907935941,-2.4471406866448335,-53.26999999999862
922.9133795500371,-0.0159026594387754,-0.006751938142925857,0.020976092994405646,0.004774923688690258,-0.004799399325351672,0.005803516138221613,-1.8034819059275402,90.92000000000007
897.5424468750173,-0.017182288617064948,-0.006910962381471005,0.020495258118841238,0.007786830357142893,0.007292177948329037,0.0065555243301283934,-1.0803776141519785,108.57999999999993
884.024671703403,-0.01717303534657803,-0.007157525503794242,0.01992400352733693,-0.0028915465177962174,0.009670958640503713,0.006431997050534081,-1.2025612142574442,20.86999999999898
883.4988835808831,-0.016394282555476456,-0.007447382863606017,0.0194684325879476,0.004591466137104261,0.009486607142857206,0.006729280895889416,-0.7750293555159514,-1.2399999999997817
881.0238451054121,-0.015078922746174455,-0.008811233033553984,0.019412552913219694,-0.0010193477059148304,0.0006655761996152698,0.006732287450232894,-0.7872332381135799,-78.98999999999978
847.03991995254,-0.01662643388921741,-0.00964840004513399,0.018719110332469983,-0.02929243518545166,-0.025829496004957875,0.009863949380252932,-2.502609311321219,-238.5699999999997
899.5215071902228,-0.017055565783712895,-0.010690172922169082,0.017975939186121666,0.0014388161120040266,-0.028886677722498644,0.009735205160043083,-2.0674754585435675,-28.720000000001164
886.1496155725857,-0.018141809617219444,-0.011735893251591025,0.017287893817652448,-0.0005931427686673985,-0.028472362098236115,0.009426279785627814,-1.844895281008363,4.010000000000218
876.2793183003605,-0.020516411572480454,-0.012782775715411226,0.016610609427594028,-0.001079909916375299,-0.00023600232581999503,0.009386271319306567,-1.69341403507953,255.20000000000073
900.7246982616322,-0.02245998681926427,-0.013757638139950427,0.015902219847587034,-0.0003409727187613232,-0.002012814616130565,0.009364405558672597,-1.5413795728266608,-15.609999999998763
904.2001205684854,-0.02446417656726191,-0.014876253396795368,0.015329268006687755,0.004104475909304517,0.002678131026791597,0.009504496786887558,-1.2246183390671241,41.18999999999869
901.5842858227261,-0.026955540623246146,-0.016240089996935596,0.014749049929772851,-0.0034264861929420576,0.00032272668698807294,0.009453532070725778,-1.281585403972323,-20.68000000000029
815.4541819235345,-0.024531730073898663,-0.017283467978480654,0.014086173795004804,0.0012768101634088591,0.0019415836569305345,0.00930090403758511,-1.1313405734408486,14.18999999999869
871.8139674034436,-0.021475688064576937,-0.01850274786032234,0.013636162473586335,0.006939494891302189,0.004770495863449575,0.009225906560419243,-0.7218624344703387,24.970000000001164
894.1151644848441,-0.0187896070760524,-0.0203062278154581,0.013190591926163113,-0.001992308918691954,0.0062164694830968426,0.009218918672946056,-0.7665191071027716,12.539999999999054
899.0113069444051,-0.017065258082131458,-0.022045244386506683,0.012613059120157968,-0.010353043543283147,-0.005470758482806648,0.009313045608067652,-1.2888073434429907,-102.57999999999811
959.8563879982972,-0.015425575074638298,-0.02352468334043375,0.011993443876579048,-0.002686888738535953,-0.014978499572026682,0.009295483894733059,-1.3998514773810666,-84.42000000000007
801.0525726122173,-0.013941936221282543,-0.024412846899739944,0.011357286858693486,0.004300043390720765,-0.008768024073262048,0.00445643693857922,-1.046948037031424,55.07999999999993
824.612563641385,-0.012417387869452828,-0.02513483760973481,0.010743624173540378,0.0019933706709338583,0.0035981641692452992,0.004477812707398056,-0.8610360530202614,108.81999999999971
842.2605433951773,-0.010270839350734527,-0.02595348305015962,0.010197667061298972,0.005957948722628448,0.012297481271967836,0.0048067856524568455,-0.37159790789520036,75.69999999999891
855.2434811625222,-0.010511018009169903,-0.026503089434186927,0.009548026676228366,-0.007563498804241564,0.0003394673676990756,0.005323746513193971,-0.8765404909186688,-104.15999999999985
906.2166305579269,-0.01013579384293729,-0.02689226006436034,0.00892581553673341,0.00195384581985536,0.000300007756854459,0.005357343918629023,-0.6580142734171872,-0.3400000000001455
883.2397261727708,-0.008266293843062697,-0.026680290741019626,0.008279912515635661,0.0022191634916817193,-0.003417748934930076,0.005254024675919767,-0.41995339142801014,-32.76999999999862
854.8057466578764,-0.004993578025741758,-0.026614759561523302,0.007724206003179794,0.011319299131936633,0.015543928966849752,0.006070148585333909,0.5486460226176513,166.1800000000003
845.1833160480174,-0.002629995539607025,-0.02648571283741457,0.0071699091334605485,-2.925289237976081e-05,0.013533932332619125,0.0060786608350234155,0.5917459407424495,-17.360000000000582
889.0123618610846,7.846776577661968e-05,-0.027061598134221314,0.006645337245909683,0.00421704030828951,0.01555436460932591,0.005884739824946856,1.0834912978511426,18.019999999998618
869.7597639372709,0.0020693039141797182,-0.027463219841198483,0.006093687974388013,-0.0018184405331851394,0.0023616085040407686,0.00587750853049557,1.018772421747406,-115.70999999999913
965.9672053424541,0.005015496665359016,-0.027792037701297907,0.005504867915060529,3.2551352564968994e-05,0.0024235605186915254,0.004742102390602175,1.2521778084381892,0.5500000000010914
945.454803368324,0.008092920053143701,-0.02822753252179713,0.004964842420480302,0.0023189277708997036,0.0005288379123005171,0.004541066680486977,1.8554319062570956,-16.81999999999971
920.3192642608557,0.01066063501287828,-0.02759898171795588,0.004440415591323601,-0.0018297974792692573,0.000517454259737482,0.004612242129817401,1.4493683217205517,-0.11000000000058208
920.422243647365,0.010015611157413593,-0.02694677250091064,0.003908084978904169,-0.004478544607628088,-0.003995829072799384,0.004925273137131967,0.7951555273832683,-40.210000000000946
928.8791593144007,0.009375168249445913,-0.026234435705917408,0.0033856470544119718,-9.128107923550566e-05,-0.006390853252258077,0.004677833364773311,0.7228869839331553,-21.470000000001164
878.363258970941,0.008278707230445425,-0.02538861554821651,0.0029195560006035665,0.0018167720063835269,-0.0027609464627688096,0.003927686452857432,0.8823870629215816,32.460000000000946
890.5394989939896,0.007558940486621246,-0.024480335960383997,0.002457598433310589,0.0014849814377320136,0.0032128686037038445,0.003922947411681308,0.9884621133147582,53.1200000000008
929.5384790182891,0.006941212432958953,-0.02378407159739886,0.0019848794406614936,0.0011244411493787076,0.004432608127237225,0.003911413960696641,1.0454604478605802,10.819999999999709
928.4009304997488,0.006246630961950254,-0.02327648105286131,0.0014919619101709406,0.0008729596811565266,0.0034863314208573026,0.002262809139306359,1.0625869885997692,-8.340000000000146
960.3093385332919,0.00517995530074754,-0.02218806860259807,0.0009673260513071182,-0.005165925073907007,-0.003177866145447239,0.0027619151985270145,0.36264988483432975,-59.280000000000655
975.2433514809085,0.0057329751249426625,-0.02161518434762845,0.00038671351869356516,0.009873888736757541,0.0055339809093368775,0.0038421480016424285,1.471815152352306,77.6100000000024
923.932590738032,0.006530024140325088,-0.02149407345606159,-0.00022783238009998807,-0.000950730511419362,0.003701797871970669,0.003805722199116603,1.2419261337549872,-16.30000000000109
956.0521122283292,0.005856955100278762,-0.020626878908383366,-0.0008545347132441305,-0.011636310023109608,-0.0028262626057735662,0.005162052180601346,-0.2068469598708271,-58.100000000000364
963.920395250249,0.004614725092916196,-0.019619539926091768,-0.0014003628496090678,0.0013628920433548242,-0.011230225195920873,0.005120876997234877,-0.14012813569123012,-75.56000000000131
963.1008539639546,0.0032627359568832477,-0.019137903050952396,-0.0019604645628837234,0.0015021064475466694,-0.00880262615589611,0.005140480046134401,-0.0136989583917194,21.830000000001746
993.3183487155417,0.0011683167031719354,-0.018507083663653442,-0.002579496002035041,-0.007797886006626009,-0.004953197202341997,0.005461692686470977,-1.2946187307817707,34.97999999999956
856.1871825175587,-5.371153204173596e-05,-0.018046288021780554,-0.0031376875370760188,0.0006916524701874316,-0.0056202029367252715,0.005473424850427012,-1.1710525274607577,-5.969999999999345
954.2606941035706,-0.0022328943536646,-0.01763635688746935,-0.0037808498523831586,0.002146158988274971,-0.004980730657411447,0.005487282311650369,-0.9888326256629455,5.599999999998545
909.5895444995696,-0.005303986837859697,-0.017135412369223113,-0.004394040290438425,-0.006725934314835702,-0.003905735377626285,0.005718739553812431,-2.182042216486314,9.81000000000131
912.2567755893415,-0.006407294611390843,-0.01662521905200792,-0.004972392278598102,0.0016270248021514888,-0.002974660342818125,0.005739315373456858,-1.882224732374053,8.179999999998472
929.4591951070038,-0.007357116009693613,-0.016614227186706697,-0.005604049290514294,0.002446248554334396,-0.002676104190260431,0.005808116823236081,-1.3307945630856988,2.5800000000017462
954.9783865861857,-0.008198238984233235,-0.016383441717938867,-0.006167392477907174,-0.001004954368258426,0.0030682016416190283,0.0056625838152845,-1.3676372437604505,50.539999999999054
924.9474376162983,-0.007614607997149726,-0.016243579862353356,-0.00671220268508596,0.0026689339723011685,0.004111609948001638,0.004746778709194688,-0.8626334719551485,9.210000000000946
932.0146521899337,-0.006545520828544602,-0.01622669282224954,-0.007297779121682681,0.003984808978573895,0.005652726378746253,0.004988044626821171,-0.17845329048678715,13.659999999998035
949.1902541303178,-0.006207157976072729,-0.016239954150807385,-0.007899502637996601,-0.0029538795074609547,0.0036908128654438155,0.003769022222836862,-0.6077067119818677,-17.30999999999949
918.755443468101,-0.004943033063258352,-0.016097778444197484,-0.008497011873052351,-0.0005175543800162163,0.0005010769753996946,0.003738414298068726,-0.6294603230178731,-28.049999999999272
889.5197925765736,-0.0033500867000832734,-0.015970729976109713,-0.009111040355417604,0.004358999345073666,0.0008739689368404413,0.003950493392215502,0.15586363531725989,3.319999999999709
879.2614561296226,-0.0022565501111297516,-0.015604498588319438,-0.0096989609724883,-0.0005505483484112839,0.003286526938309109,0.003134697518167571,0.07161923971011057,21.280000000000655
883.5143615010321,-0.0010701276329006964,-0.015450495228449409,-0.010368105021642543,0.0012371585538337726,0.005047918399350815,0.003141452253688222,0.2916444155523816,15.529999999998836
911.2391664300253,-0.0006645396586117608,-0.015262818643211157,-0.010963784796025531,-0.0038275214008614,-0.0031442177193081733,0.003334572730832772,-0.34104863966955923,-72.41999999999825
894.9874797486101,-0.0008043571800620932,-0.014974863942795794,-0.011529283547332226,-0.0005228598396110895,-0.003116601064904634,0.002582702694704759,-0.38166786082183324,0.2599999999983993
910.1107130276501,-0.00016143358598594295,-0.014762412764564005,-0.012150518535399715,0.002906673913535718,-0.0014543453923744343,0.0026553136068887457,0.19560835307402785,14.710000000000946
911.0157331792194,0.0005293341407640948,-0.014617186496987584,-0.01276542351337137,-0.0006717797194781827,0.0017089141943997799,0.0026196657421695,0.1378832279862039,28.0
908.281793080375,0.000571482189268132,-0.01417484697152247,-0.013352793971033929,-0.0006157412847188626,0.0016158253504541253,0.002602697876413326,0.0427405028893357,-0.8299999999999272
928.7580642489373,0.0007340379514253283,-0.013941638671244158,-0.013873522094051195,0.0024509166631809798,0.001160654708611375,0.00258657285561185,0.7435634862357776,-3.9899999999997817
914.7017501438216,0.0016723805464783944,-0.013664132231651593,-0.014422269452269616,0.0054920579429027505,0.0073357947920713595,0.002801989326028417,2.386773894781351,54.64999999999782
891.4752206955887,0.003331889571225177,-0.011995569707975544,-0.01456502369680119,0.0021242590609069634,0.010097595772847079,0.002598205537494047,2.4455035940474277,24.390000000001237
934.7853006828634,0.0067795708153970125,-0.01069345338972596,-0.014980717643750347,0.022660349927643875,0.030461186261960815,0.006720946731282408,3.9801213275363128,180.78999999999905
908.7694955622445,0.010065975530137916,-0.009515995639485747,-0.015434775413135725,0.0012224403718319454,0.026085542364612024,0.006720893865049995,3.0377163816996546,-37.529999999998836
912.6808139950504,0.013523968151963248,-0.008111013907239197,-0.015944051611744867,0.00013663247939854628,0.024050390655165677,0.006693936474411585,2.4823782893626065,-17.69000000000051
924.5205928256555,0.016519821001900754,-0.006564143364790905,-0.01630430199966624,-0.002850310605166384,-0.001494944984711255,0.006877510110207834,1.9493119709722004,-228.54999999999927
937.579948766667,0.01947489202401157,-0.005233987059159208,-0.016547869641829263,0.003725421425283537,0.0010012428090326875,0.006598165107331882,1.942595310668296,22.820000000001528
927.2591618649237,0.02165803549351808,-0.0034763403771688943,-0.016724657861399896,-0.001922953026876617,-0.0010601231928724086,0.0066781102996055905,1.6243921721146584,-18.860000000000582
907.3822922170114,0.023523911282786036,-0.001787226846732667,-0.01701408644693135,0.0034813318774904456,0.005282886516583041,0.006680315147653108,1.6666841380719584,57.899999999999636
886.0431180308408,0.022316362201278146,-0.00024140380451059386,-0.017342304856867777,-0.0007108591365024841,0.0008397222473979227,0.006682243084566339,1.4673489090772593,-40.51000000000204
904.4864630125866,0.020841030350739066,0.001377984312297871,-0.017593384579889414,-0.0020817240340931242,0.0006805117623502888,0.006765892400361708,1.2250644789417449,-1.4699999999993452
867.8556306643657,0.019402071535926362,0.002866283311422043,-0.017921172426099825,0.0016913758418612979,-0.0011044483209767808,0.006773112357472975,1.219160696918783,-16.349999999998545
832.4054454064877,0.018426650143511098,0.003993086469388543,-0.018346771393203516,-0.0009572281641193614,-0.0013507203114293542,0.006791369790579792,1.0657560531166803,-2.25
1020.8650570574893,0.016544554963768787,0.005245205161840766,-0.018644154842016373,-0.005922583605554532,-0.005194393422548793,0.007186373698607146,0.6405731837863671,-35.13000000000102
1006.108775801945,0.014699916491237391,0.0067692908346301,-0.018752832797970024,-0.0001615581680841638,-0.007034590100056026,0.0027215575387354815,0.5689336630794698,-16.94000000000051
1022.4286878655477,0.013049432723784171,0.008327049571331815,-0.018813164936615924,0.007979185307482872,0.001847461515770643,0.0036274566265225416,0.9908926770206848,81.36000000000058
1058.4578714507863,0.012484222083193745,0.009907006545839571,-0.01907290472532508,0.007740449574209718,0.015617289581476568,0.004229447878905894,1.3626636981320694,125.19000000000051
1042.807287008156,0.012054207309852499,0.011293626754384755,-0.019338846678080265,-0.0026306705233962724,0.01310921118295072,0.004212494475526331,1.100494503180255,-22.840000000000146
1030.481063231816,0.011113664127798864,0.012785487968127606,-0.019601660956654228,-0.0031106645777004838,0.0019629204330202654,0.0042507226859437195,0.8323053526268518,-101.26000000000022
1065.2268213410043,0.009888911560246488,0.014267949386519142,-0.019823181345405345,-0.0025293834029348483,-0.00824803403098584,0.004282814602861397,0.6012235906311961,-94.21999999999935
1033.1703530626469,0.009498407740075248,0.015624889630571433,-0.020096604697385657,0.00040262876209640197,-0.005231818832811985,0.004160971068694789,0.5683131358674532,27.99999999999818
1002.8927488018269,0.009078421578421442,0.01702768668142719,-0.02028734953523389,-0.0017952851405796943,-0.003919238224599275,0.004188920579368223,0.3621134008011053,12.210000000000946
1022.9887639933343,0.0076694749961053015,0.018411771009462865,-0.020626095986357937,0.001966783216783119,0.0005706635300175567,0.004179109273805132,0.47489645375940187,41.23999999999978
1025.207841860768,0.004731359907304809,0.01976611080176561,-0.020662999356212665,-0.004254089422028429,-0.0040868368297400925,0.0043385592756011475,-0.09330017054486511,-42.69999999999891
1079.6644738360246,0.002741248665349033,0.02100852980492827,-0.020755152644858006,0.005048740607535462,0.002741477272727222,0.0045914669691661785,0.5157639090425833,62.55999999999949
1047.3195001273673,0.00149808231350755,0.022144613936923945,-0.02098339569216767,0.0006374569716545153,0.0014111232279172548,0.004163168948740673,0.7576347389507004,-12.149999999999636
1043.3369163831883,0.0003564646365312657,0.022426758988887706,-0.020866207267205745,-0.003358401557671087,0.002311907033081928,0.004327549544522654,-0.2378618289390024,8.170000000000073
1055.3792137783007,0.0011454598711823462,0.023010418894221226,-0.020582090945743602,0.01089695261196888,0.00814419385665821,0.004837415259646218,2.412381628716378,53.6299999999992
1061.7087193217303,0.0038792841429312083,0.023944146683091926,-0.020503622651690877,0.016554562718943178,0.024180709010404033,0.00640900568582745,3.773462934753796,147.3099999999995
1052.2617637400222,0.006636523005645705,0.0249147011620559,-0.02038891718294486,0.0028357286929598935,0.030545994908272256,0.006282852763968451,3.072728686134853,57.51000000000022
1057.724904435507,0.009983462351202699,0.02581505447349593,-0.02018709367275075,0.0010602587455441626,0.020518102905046964,0.006090388812832752,2.563157404596608,-89.72999999999956
1034.2604268804153,0.013033264836004138,0.0267443215624018,-0.020077853573816928,0.0027759948992021055,0.006685812531432855,0.005898364671934181,2.353500378955175,-126.94999999999891
1127.535880573023,0.01582964581212069,0.027513477212833665,-0.019819606581452723,-0.001360390457410321,0.002473583653354705,0.005982981248445481,1.9417667930469782,-39.55000000000109
1116.208899028099,0.01931223811369884,0.028287460478173352,-0.019649181442025133,0.001237441816437812,0.002651016876269674,0.005843607082128672,1.7973620438592202,1.7000000000007276
1162.3510445675372,0.02106890339073214,0.029029291432213215,-0.01948486661020564,-0.00260386682145497,-0.0027281743412193027,0.006050753344056118,1.4508064620390264,-50.86000000000058
1176.8456591443667,0.020411602794833887,0.029667204337403375,-0.019352373682050943,0.00041940089218006626,-0.0009508206777585348,0.005721024552378667,1.3463721460193998,16.840000000000146
1040.9712328900184,0.019414521642037573,0.030384689445216648,-0.019282914638241222,-0.00012915519796730113,-0.0023144309151350573,0.00573497719918157,1.223142382112014,-12.920000000000073
1033.7091981766084,0.01811452034852247,0.031356437859943014,-0.018985180576851127,-0.001320306031479923,-0.001030497646695161,0.005817360176086781,1.0464403350724454,12.179999999998472
1032.2099734346139,0.016818576513493166,0.03251638832123267,-0.01861561452186084,0.007631216531263529,0.006170865975015927,0.005718251733521898,1.4370052204316897,68.02000000000226
1046.5371101447083,0.016518551894609226,0.03368289445475607,-0.018584802147577798,0.007775436145151193,0.014125262843602382,0.005396570912451066,1.7501161195419737,75.11999999999898
1006.2602067954101,0.015921456558969253,0.03433531765282615,-0.01848247235682627,-0.0063895161820762825,0.008977652346031872,0.004007077919184556,1.2200270167067666,-48.72999999999956
1041.4545808989244,0.015825027650559476,0.03477819716921067,-0.018292972449667554,-0.0007061056069197491,0.0006291895554533244,0.0039895195042160625,1.079736724949698,-78.70000000000073
1059.7718848310392,0.01567836015025449,0.035398342048642645,-0.018098771560168408,0.0014079516144125392,-0.005693142441317245,0.003993640573719345,1.0733045830199135,-60.51000000000022
1003.942606347555,0.015528210043982606,0.036158771650857055,-0.017992367725911656,0.0008746637322205597,0.0015761285868747255,0.003942397210880771,1.0408623001232342,69.53000000000065
1027.409394284668,0.015230712463317347,0.036784418545812075,-0.017834791167539495,-0.0028577453396404495,-0.0005804251614307532,0.0040317246363410445,0.7914145989396768,-20.520000000000437
1114.7921869502163,0.013922214078381455,0.037521220540057146,-0.01773922754179194,0.001122596596438541,-0.0008652135838532748,0.004029808271838801,0.7981239176731575,-2.719999999999345
1103.9710561766929,0.011397048694542137,0.03818033711425256,-0.01757617299327022,-0.000602180460767876,-0.002339490494639551,0.003932828187959722,0.6942462651131486,-14.05999999999949
1101.5506431500678,0.010060562654234204,0.03911800750301473,-0.01760389418937708,0.0021767271067720806,0.002697598569136428,0.003958040442239762,0.8044829944135745,47.93999999999869
1097.8747955212507,0.008014096569410914,0.03961390115578172,-0.017574752969286848,-0.007082606273195569,-0.005520513019919293,0.004561254811458573,0.15726429495777325,-78.17000000000007
1106.8286122322368,0.005753857391994099,0.04015953398165677,-0.017678614465819233,-0.0013875253754401795,-0.0063019930197514284,0.0045632911382953185,-0.08355216705334025,-7.399999999999636
1052.9452705395188,0.0027598500280582813,0.04059296626493304,-0.0177020961324452,-0.006208623287787263,-0.014616400797868634,0.0042419698691134045,-1.1778365616075204,-79.36999999999898
960.7389212443026,-0.00020757046816184763,0.04037165115672951,-0.017587344867623245,-0.0021392617896325294,-0.009710564108850406,0.0032226278345162387,-2.0079654098781314,47.409999999999854
981.820538100124,-0.0024707531454047694,0.03958355793768421,-0.01737443161021476,0.004245011204780713,-0.004124972486073686,0.003311582196220288,-1.2315281799663225,52.909999999999854
987.7220863530534,-0.0033151750268481826,0.03901690654584693,-0.01736986085618574,0.006420296723544716,0.008530426180560546,0.0039355431086664045,-0.05903847824411098,119.09000000000015
1007.1584544009002,-0.004806912969996579,0.03826400271265303,-0.017302802757190112,-0.0040121631894585175,0.00663749866609753,0.004027172988395401,-0.8176812514650087,-17.909999999999854
1008.4173980420725,-0.005181040144046043,0.03748801012473249,-0.017340065986148043,0.00036678963660263797,0.0027500377226965522,0.004010751211521961,-0.7135560148970874,-36.32000000000153
1017.3378827606218,-0.005501174400482087,0.03659951144813565,-0.01728864766800816,-0.0023451093925180855,-0.005983402314384656,0.003989864105254946,-1.0932421636934433,-82.54999999999927
1081.4997301013375,-0.004881579926859447,0.03571093559282968,-0.017249353520424036,0.000853999084393875,-0.0011268710511810331,0.0039789147268687024,-0.8851937686914709,46.039999999999054
1071.479296891766,-0.0038990544407177933,0.03496194514859122,-0.017218775433252363,0.00012523122672480902,-0.0013680687870496477,0.003987892036638812,-0.8394837031165744,-2.279999999998836
1008.8705942791148,-0.0038252928057774366,0.03423608497314361,-0.017168997135430977,-0.0018792943361187753,-0.0009017975406100387,0.003888016240393279,-1.1144770258171062,4.420000000000073
1067.2733156913062,-0.004654369746648138,0.03352124830057297,-0.017175187222701147,-8.717802603452895e-05,-0.0018413235454870502,0.0034012945860325823,-1.0739775441131085,-8.860000000000582
1027.6328822255552,-0.0051844000023755984,0.03280334066758385,-0.017067113697399758,-0.0025294464137999295,-0.004490781270725552,0.003443967546545853,-1.4078374392554427,-24.969999999999345
1036.2006728642205,-0.005443918272992065,0.0318767173916676,-0.017026515994600453,0.0033662245521204337,0.0007410132212917198,0.0031201420494744807,-0.793132359112323,49.289999999999054
1050.5374605622962,-0.005194576474100435,0.03060356928371732,-0.017090616777397392,-0.0010687335931863773,-0.00024135533246416596,0.003061978649694377,-0.917545301278529,-9.239999999997963
1009.830306192379,-0.005150138566336574,0.029494955528613098,-0.017087834217421268,-0.0037307440749977383,-0.0014454086423923984,0.0029897348744273742,-1.4414793538628423,-11.290000000000873
981.8810062404964,-0.005283139507508293,0.028420596179681006,-0.017128907328459324,0.0007621796630397082,-0.004036965858954744,0.0021480211302961935,-1.2040992573920462,-24.44000000000051
1048.040911161732,-0.005187627200652376,0.027250969267139574,-0.01709047619047619,-8.10665801956878e-05,-0.003052233607538146,0.0019079707958386232,-1.1342163137197336,9.299999999999272
1061.0186554306329,-0.004726534954407396,0.02617514791259069,-0.01675690912667855,0.002746886417580141,0.003429808483678798,0.002120480070146274,-0.5812517063824716,60.82999999999993
999.5603455657837,-0.00240517670065079,0.0256292014960999,-0.016554891318828337,0.014036170212766041,0.016739182144872355,0.004564397908761837,2.037577481842776,124.80000000000109
1165.6328961908455,-0.00022317439373139897,0.025159065694342682,-0.01653443399671476,0.0049832458030578675,0.021888684428087668,0.004702428348960737,2.6114851306013906,48.26000000000022
1152.549444101957,0.0016429861783640225,0.02459985967080307,-0.01642341779795667,-0.004925131322916609,0.014070212765957546,0.005039535891567124,1.7139039438308934,-72.93000000000029
1162.6815867105115,0.004070286285241585,0.0239609943843941,-0.016343515048627192,0.0005906259376053935,0.0006242171058565837,0.0049626103327151914,1.788102692225875,-126.31000000000131
1050.84468630697,0.006219046247388528,0.02348642042182979,-0.016222053101348995,-0.0026840317931952073,-0.007009804330942115,0.005077791009037751,1.2741751093659828,-73.09999999999854
973.5482942086196,0.008019118673859944,0.023171641381574525,-0.016027038536276163,-0.0006885828754170653,-0.0027821314147956633,0.004989983428340407,1.0976169467392431,40.6299999999992
946.0939458935976,0.009759429578962567,0.02318438818497023,-0.01592929377820535,0.004154332014130402,0.000769562240705346,0.0050274395390351445,1.5571157984934194,33.86000000000058
966.0223628298642,0.009221952218110984,0.02314425699118582,-0.01580531536105679,-0.0009659274841988807,0.0024936161534183654,0.00502335512569659,1.296292523404177,16.3799999999992
1000.4139196160734,0.007817388654278378,0.02294914808793658,-0.015650088030868748,-0.000650167103432242,0.0025321542562704025,0.004824170686492914,1.1042402137318836,0.3500000000003638
988.7456991581793,0.007477218861838658,0.022545002352573694,-0.015594131923992229,0.0020567041735355396,0.0004379150633353479,0.004822111963035885,1.2970308929159666,-19.889999999999418
974.7842767750817,0.007093611778579417,0.02217403420112635,-0.015503034071917127,-0.002384440504701435,-0.0009825912514773716,0.004937310408361019,0.9002648662614007,-13.550000000001091
1027.3471399591617,0.006939422305990457,0.021795961464766957,-0.015413570071807126,0.00023932887145949877,-9.339115890028005e-05,0.004926134469513536,0.8658113962710041,8.480000000001382
1054.3537265147195,0.006847157552796409,0.021512474101127346,-0.015333540040461814,-0.000546756610402932,-0.0026912657431192866,0.002795232041254911,0.7298228433865912,-24.81000000000131
1049.9772295562686,0.005993173710996666,0.021118570810584193,-0.015197606464517583,-0.0007497078344468333,-0.0010570358489456755,0.0022992627583104303,0.5775273965042419,15.630000000001019
1061.3242432275422,0.005336993762773527,0.020723229805549883,-0.015121637212515773,0.00031523962940438466,-0.0009812234754831284,0.0018446660006896376,0.5662290912100301,0.7199999999993452
968.2293799786221,0.004583630060195439,0.020335959971199885,-0.015136001101689322,-0.0020053426782932204,-0.0024391754893837714,0.0019062920045847791,0.24882644370446574,-13.8799999999992
952.3445937804485,0.002960260005113233,0.019864098144016205,-0.015027742593039042,-0.00490501532554144,-0.00658745745578504,0.0022354666956731894,-0.4605652878477471,-39.460000000000946
918.5930854822393,0.0018917808215048574,0.019792529975301714,-0.014532561353854912,0.0023461266696849226,-0.004570584595732785,0.002380484385749278,-0.2030673408184412,19.18000000000029
929.3957323101648,0.0029420362229191054,0.020048013408493597,-0.014357473047575071,0.02248508346295819,0.01985689144127445,0.006955118611088053,2.544754526872957,232.15999999999985
977.512838547026,0.0040802115384755274,0.020269873600307797,-0.014213700144065238,-0.001628629195810083,0.023214807042188035,0.006977079143525725,2.0444154154616405,30.820000000001528
986.6643549470698,0.005118903396001675,0.020564243411140878,-0.014109875718295035,-0.0016219820434493215,0.019164082962750406,0.007006267692331745,1.710799589695161,-37.8700000000008
938.2522549929779,0.0055920827950760935,0.020804548984167535,-0.013930097862281155,-0.0037959505718776487,-0.007031591071644083,0.0071386082967366035,1.1764134047045856,-249.72999999999956
981.3046197860639,0.006491013478336685,0.02103020271348772,-0.013856077640267677,0.0013709593597339698,-0.00404823561640999,0.007075735034773262,1.3084570719985638,28.969999999999345
953.3265346008286,0.0076469482370738525,0.021042458772687872,-0.013749066835345615,-0.004605472800515709,-0.007024475908242844,0.007256420102914754,0.6020795160221936,-28.68000000000029
988.866763401753,0.008322722707416462,0.020411822048132404,-0.013661915219967843,-0.0024025477016251795,-0.005635588816131354,0.007301666908247072,0.2023992184449261,13.6200000000008
1003.7055383947497,0.006301801774882854,0.019561839496443377,-0.013579199866068647,-0.0004996456487972312,-0.007493105284409052,0.007298442824104453,0.13654109405325437,-17.970000000001164
1154.1716211482806,0.004661371703010678,0.01892070659592323,-0.013487596513408846,-0.0005072160635850587,-0.0034067375612889528,0.0073033870561807655,0.0399992912528402,39.52000000000044
964.5120197547109,0.003005807628909893,0.018208933066196555,-0.013451239958415812,-0.0004907320697070672,-0.0014968463788235242,0.007271953860503718,-0.04728894144894453,18.349999999998545
975.5670266874905,0.0016499290062084472,0.017604829347534306,-0.013291877669109019,-0.0026663288828217002,-0.003661367914662206,0.0071489566920976315,-0.48043985207107365,-20.68999999999869
1036.101687991664,0.0004517665096863787,0.017160717366751902,-0.01311477578638089,0.0045995639756102324,0.0014292963906603617,0.007226299601094299,0.20483921474713745,48.67000000000007
782.2733394728822,0.00010873719768445827,0.016651865331748422,-0.0128432696580929,0.0020698352595027725,0.003994782495817972,0.0025799754049926453,0.5043702099832995,24.50000000000182
744.311604909046,0.00036975024521289135,0.01615845981721968,-0.01269385891875157,0.0009290327424087419,0.007614157252185727,0.0026150481684813947,0.6066250353093278,34.3799999999992
854.3080132108059,0.0002241611406297549,0.015820209107145548,-0.012449030490252522,-0.004281459613126981,-0.0012935164317334769,0.002811601999516554,-0.10003355646866371,-84.92000000000007
837.5805604511816,2.7453942988699102e-05,0.015293972499327301,-0.01230950161306033,-0.0009342538471276418,-0.004287522600207372,0.002656729590258215,-0.2501930678239503,-28.7400000000016
858.7819771117522,-0.0007449514846571916,0.014768745677453397,-0.0120273359929721,-0.007024451541965515,-0.01219955560324315,0.003145707733741606,-1.3055577986340903,-75.98999999999978
744.5240651324727,-0.0011230802201878099,0.01427099674725956,-0.01168588604816862,0.001027163951818233,-0.006933146970789172,0.0030285985441941715,-1.0982672927480175,50.840000000000146
843.0327907160205,-0.0018226703935705405,0.013825141308778433,-0.011406984561815528,0.0031447004685973834,-0.002878684747892546,0.003188927833754449,-0.6205462827835546,38.780000000000655
869.9157021231484,-0.003190234357361053,0.013339105101854501,-0.011122926049571751,-0.0032566653469173756,0.0009048323107392342,0.003295388228238479,-1.080710350610425,36.06999999999971
671.3378304025993,-0.004747905403604659,0.012902106697099226,-0.0108499807139349,-0.00029606996101561034,-0.000418239894818373,0.0032965847829319124,-1.0843129525454458,-12.549999999999272
721.3735513592064,-0.005469832586937536,0.012529806707867124,-0.010609184678724225,0.0018770703369135333,-0.0016813676944258393,0.003373572280261471,-0.8160378182599666,-12.040000000000873
728.9235594185849,-0.006358642264185894,0.012346178096271759,-0.01033208294192883,-0.0019398274773827495,-0.00036244863554957263,0.0033355272711762677,-1.15931745858358,12.569999999999709
787.7777107803408,-0.006189692880311639,0.011946499632240102,-0.010197709743802803,0.0021417519362196824,0.002075211394375387,0.0030694590126901173,-0.8777528232204242,23.1299999999992
720.1935283905128,-0.007103835263397849,0.010577709158946319,-0.009803843354268956,-0.009243911366150992,-0.009047969703345315,0.003835223575788912,-2.1232788622735757,-105.69999999999891
749.8676142475952,-0.0071651232010877105,0.009343739389639411,-0.009367516716492523,0.0031178377047109684,-0.004026324998208097,0.004008753251062634,-1.5572909435919762,47.81000000000131
820.2112858164165,-0.006374377177058115,0.008331396419050735,-0.008902128632249552,0.004321985827611563,-0.0018595102167884292,0.004193264616719394,-0.8091176069780359,20.520000000000437
811.7488442032732,-0.0050800839116938255,0.007593084335432798,-0.008465129394213096,0.005171650755516177,0.01266349539649192,0.004506296784262171,0.17059113836606324,136.96999999999935
815.0571215661092,-0.004261259925315924,0.006915552595552564,-0.008000499364580919,-0.0002075628349310632,0.00930645038394129,0.003946123319012799,0.23386167527015606,-31.350000000002183
737.0231710338894,-0.002913556103760185,0.006375204031933713,-0.007599926624737977,0.0018558711585041632,0.006828096352026192,0.003963625893718224,0.6737836997617174,-23.139999999999418
803.5842542396445,-0.002228265947888497,0.005884717050487679,-0.007167227816747978,-0.0015698587127158659,7.547739452018476e-05,0.003917222296274137,0.3671322941397143,-64.07999999999993
829.2824716177794,-0.00034257639556976535,0.005381902707184628,-0.006744448832455943,-0.0002295597484277545,5.347425371970971e-05,0.003771653896054499,0.34510099574236613,-0.20999999999912689
740.4357869302019,0.0010575254331545328,0.004954046858744992,-0.006333167581739186,-0.00025687238475069485,-0.0020554683411825314,0.0037709974760685794,0.31303911418749114,-20.149999999999636
789.3104755735305,0.0020365558513104416,0.004498676213809521,-0.005936977975710004,0.0020932612927040406,0.0016058700209642396,0.003779099790083423,0.7789372014595081,34.95999999999913
842.3204233750931,0.002101795017318168,0.004142223990475616,-0.0054829847481920185,-0.0016137607113105856,0.0002191278710732547,0.0037615810632971322,0.40229780353147526,-13.229999999999563
808.3923137781993,0.002012497184559501,0.0035484977416955664,-0.00501586315532568,-0.0007348085409700778,-0.0002590358413318006,0.0037365918579325527,0.28280286043920566,-4.56000000000131
918.8199640274569,0.0018066727788735074,0.0028753516334828594,-0.004584001939138375,-0.0003325329464621829,-0.0026791358112548957,0.0022885048453801975,0.2858526401690225,-23.1299999999992
885.4461043739456,0.0017444736886753894,0.002274373094346765,-0.0041125972127481585,-0.0016191451585144678,-0.0026845145127306624,0.0022925000991227845,-0.022276406884963143,-0.00999999999839929
869.4383593118197,0.0021476856562269125,0.0018309124167612523,-0.00365955738000618,0.003951950171794172,0.001993099679110877,0.00223936450577896,1.0759429884371403,44.60999999999876
911.8516985597562,0.002446261684688402,0.001392046736074721,-0.0032024436336697045,0.00023869621614158731,0.0025656577527986,0.001700176091626519,1.1293233607287831,5.450000000000728
938.9938655088457,0.0019181405910002692,0.001550790860580683,-0.0026933658673162497,-0.0048680314459550456,-0.0006968465329521001,0.002233324797835822,-0.24614316663517724,-31.080000000001746
741.4433625220106,0.001903142376961587,0.0017309560640948417,-0.002183511105014515,0.00570171840389766,0.0010448194022336654,0.0027744810893412367,1.2307030950893234,16.6100000000024
822.6683875439998,0.0021378217007181743,0.0018156092623780118,-0.0017096222686613502,0.0009265969941025798,0.001733274580627997,0.002734182763164441,1.3651239530050312,6.579999999998108
800.4422944318367,0.0026079255304627034,0.0020597734725572563,-0.0012378038669330776,0.000614373198282836,0.007252047296600894,0.002730975967458143,1.3863139652097345,52.39000000000124
848.5904575081647,0.0031845714494548125,0.002271709990716828,-0.000787150673613653,4.594527708645657e-05,0.0015875555722886237,0.0027263364487496097,1.2778392703289017,-53.770000000002256
897.6625647475522,0.003078716884219063,0.0026825607530522946,-0.00029632467665123574,-0.0011026359891614934,-0.000443017408285451,0.002698330459813727,0.9242073477251479,-19.419999999998254
908.3925326347633,0.00396647522498526,0.003190898782124712,0.00021327042462976686,0.00967439468394371,0.008607429977831371,0.0037922006278966317,2.658987869695711,86.67000000000007
869.7265468419201,0.00558679171374705,0.004698089361699971,0.0008522452094487152,0.0009410873130246689,0.00951023540651863,0.003751482291318929,2.36587284650986,8.649999999999636
883.6461593328441,0.010440752865247357,0.00698387413483002,0.001549683373649994,0.04270732809757427,0.053785662243936994,0.012513929804545352,4.336435378826405,423.46000000000095
850.2086600003321,0.016185410840278483,0.009037019783100462,0.0022790329233308587,0.01310877955923151,0.05737009060941878,0.012552757637373676,3.5216436142966487,39.599999999998545
878.5486677585078,0.02144991847514968,0.010925195456959151,0.0029912533111422107,-0.00796030227607869,0.047966876738314346,0.013184152442204609,2.4831957095357273,-90.38999999999942
858.2852071308553,0.026661444397726334,0.012655925074668839,0.003675698616085264,-0.0010254760222189185,0.004013478781433877,0.013230645180125261,2.0816058542937297,-423.2900000000009
874.0225496907622,0.03207920881661222,0.014296738358770114,0.004351121073186505,-0.0016213027923753787,-0.010584362558967997,0.013044691730750565,1.7730383096909659,-148.5599999999995
718.9529345019942,0.03605679590817622,0.015844669454911565,0.005015908529106983,-0.0012073135492247644,-0.003849236272044254,0.013170833320672886,1.5474065618010637,69.10000000000036
753.4367408589692,0.039933913299990825,0.017471269128006176,0.005669021427269593,-5.0530671126369775e-05,-0.00287704675892575,0.013198544305559586,1.4011330485975617,9.880000000001019
731.2894479547776,0.03793932863786539,0.01912782773633245,0.006331931302120494,0.0005261400444096509,-0.0007323049396936732,0.013200936388193567,1.2956751935345883,21.719999999999345
626.5608964906672,0.03411695013453467,0.020814598873293257,0.006948509069590795,0.0004288113705326335,0.0009045980929132114,0.013189642596891388,1.200521277897696,16.530000000000655
759.3449604879702,0.03176589448644256,0.022506665967984747,0.007603561463315352,0.00443179129697957,0.005391201472003004,0.013070819523859899,1.245292180049224,45.279999999998836
773.9355526475206,0.02968107938068351,0.024219736443717697,0.008314835837842878,-0.001493084505626574,0.0033621584363932033,0.013104961923230046,1.0943284624542822,-20.460000000000946
864.6783901290703,0.027679051265407803,0.0259720040034437,0.009023690637133831,-0.0005349583433268412,0.00239556286323217,0.013143823238088216,0.9893620981008567,-9.75
777.5839935332642,0.025862509674227048,0.027685675623703245,0.009720814963808399,0.0007396646919233252,-0.0012890788999071479,0.004872302835695056,0.9350708118615789,-37.279999999998836
693.1884318810564,0.023999549664766896,0.02942750302190208,0.010444418188878883,-0.0007805638611760868,-0.0005764126798943892,0.0027992265073694417,0.8343450070311392,7.240000000001601
679.1974240482615,0.02208143039193967,0.03099304545904216,0.011157568452222794,0.0012492852409540234,0.0012077569001631705,0.0016634538976607325,0.808781987457137,18.06999999999971
697.2419733868269,0.020583604261435365,0.03281476360025337,0.012404689338218528,0.0036830123766575795,0.004152481324688928,0.0019207832587333623,0.8734781265202975,29.849999999998545
746.0265987206552,0.013095350943312743,0.032887371238439746,0.013024003529193822,-0.06073735870861996,-0.05610031414832828,0.017808767458694832,-1.5033989243465518,-610.1400000000012
726.4291807722753,0.0036985487194143335,0.032597611249050466,0.013568102820586233,-0.006144764499520283,-0.06307084719148115,0.01778333200446095,-1.6911978812166717,-71.3799999999992
878.3684450238153,-0.005652201684216679,0.032166365602419617,0.014045581107610724,-0.0016843878302978954,-0.06808126748023258,0.017749131096906637,-1.6996225978472324,-53.340000000000146
809.2953475358528,-0.014662312389934757,0.03183593938600062,0.014594277849911371,0.0035937994305599297,-0.004253101939477255,0.017858130131540736,-1.5427556983852198,652.130000000001
827.7589355388857,-0.023884945748308937,0.0313939124202458,0.015087561560101772,-0.0026489217280929456,-0.0007506053268764301,0.01779866798630675,-1.5905125031505611,33.52000000000044
764.914086460658,-0.03318765697148977,0.031018967735732008,0.015552103268060214,0.0005109635930535816,0.001446799536011678,0.017644561387008182,-1.5387708319677662,20.849999999998545
797.0647765510637,-0.04282173270151734,0.03031696863220398,0.016034779399507006,0.0019701539057697115,-0.00017337250501203716,0.01774150930431915,-1.414466296139791,-15.369999999998981
808.7649490927216,-0.04251089159094427,0.029629046164127024,0.016633241115727847,0.0023540712295713195,0.004842038502423485,0.017827966891533115,-1.2913171851802543,47.60999999999876
812.2356134954678,-0.04240263339813854,0.02699066972493644,0.017034992906521516,-0.0070204648227111255,-0.002721992435282816,0.01774834977535006,-1.3772226888382186,-71.80999999999767
874.7852263818387,-0.039585526296000983,0.02386902454700131,0.017481050882137136,0.002970160080330464,-0.0017266692099043857,0.017871067952092645,-1.180108958422207,9.419999999998254
804.2732241284806,-0.03660104858424334,0.021151627234136834,0.017977941744355443,0.0017854511001156315,-0.002292974397740455,0.017889206434340308,-1.0347400357633505,-5.440000000000509
864.3599102413255,-0.03394943468943296,0.018406598581531264,0.01846907723725913,-0.0021858015376272633,0.0025647063047005147,0.01770612931149374,-1.012485759144989,46.159999999999854
863.9940885066409,-0.03143267577039609,0.015660263606150495,0.018965259494149532,-0.0007319518575780171,-0.0011359090430572705,0.0034701806982410663,-0.951745515322871,-35.07999999999993
817.6574956687444,-0.029405864010256903,0.012985478602660899,0.019383092881769107,-0.0012394329383517144,-0.004151972055367881,0.0030173570148675183,-0.9097880059968323,-28.719999999997526
771.5708955932779,-0.02745735521231457,0.010367795045627659,0.019828459877305585,0.0020862242717472057,0.00011163582288231666,0.0030442377910533274,-0.7771065678422654,40.56999999999789
831.6736513051306,-0.02441398622077422,0.007755531964329884,0.020291472045320492,0.001185734955592821,0.002030941557996657,0.0028687692058292883,-0.6758401127839254,18.210000000000946
798.2606514302139,-0.021887836457173467,0.005304681816489431,0.020684728945013376,-0.0006763096004409608,0.0025959088055125257,0.0027627624170621246,-0.632934125902604,5.329999999998108
784.9039029141535,-0.01935144543699898,0.002678948710417337,0.0211255462970886,0.0018861073249798466,0.0023956900745769616,0.002810191562552991,-0.5097720687891539,-1.8499999999985448
760.234448445587,-0.01658308284248851,0.00025758982892364377,0.021396778268559073,-0.0019014662300647078,-0.000695242062039414,0.0028105673381686297,-0.511135948054443,-29.359999999998763
804.8167578842022,-0.012952384935051318,-0.0020599936130469764,0.021648771414309046,0.0067762215460267505,0.006757147894180138,0.0033943072885807796,-0.1953613805677517,70.80999999999949
739.6295661720275,-0.009080218168969681,-0.004324117442170089,0.02186867128814395,0.0017877211782233449,0.006658283406713261,0.002520287158973352,-0.03461481377255959,-0.819999999999709
789.8705122812494,-0.00514355259345111,-0.006627702822292722,0.022192737470357205,0.0032507683397078324,0.011854703832385738,0.0025416569755668953,0.24376722824677316,49.24999999999818
796.3088016845174,-0.001604753599477612,-0.009016645890940995,0.022540402609153923,-0.0016102356061787892,0.0034259428661038704,0.002633851232335317,0.37305869738230907,-79.85999999999876
803.5871939277196,0.0018801419920649396,-0.01158824022092583,0.022833084513102404,-0.002085846872584174,-0.00045395962368310894,0.002623969302098876,1.4217750126624351,-37.1200000000008
816.2462786304059,0.005184446392151264,-0.011645470446980026,0.023154845754976547,-0.0007433702234287409,-0.004433348936391579,0.0026245485813514383,1.211800589767357,-38.27000000000044
790.257187648301,0.006013993541764432,-0.011386164785334208,0.023414099857109853,-0.001657109900029985,-0.004480090685370475,0.0026555746283578024,0.759411419883396,-0.37999999999919964
830.8204409612466,0.0056988259190904845,-0.011155238778534768,0.02372776012594602,0.0007441114722939179,-0.0016569221131761402,0.00261951327058494,0.8580565643097704,27.1299999999992
741.768189458616,0.00491639066716418,-0.010814505512270872,0.023901808793218505,-0.0015247648797914737,-0.0024376023939282065,0.002678696667754593,0.4663540667270836,-7.459999999999127
691.9949235581647,0.004365092424337479,-0.010575828171446025,0.024271797347645514,0.005717697210279038,0.004931439180660968,0.0030634599674341833,1.6185864658146405,70.44999999999891
809.7372585263246,0.003628282649743004,-0.010247156140294148,0.024504268233724345,-0.003413822335437633,0.0007561076873041639,0.0032806188762440867,0.7809688267121464,-39.8899999999976
795.7187321581831,0.0033957431935241456,-0.010029764297539812,0.02482935137984125,0.002011628781862118,0.0043005797298785176,0.0032201005214730865,1.1337334348805674,33.82999999999993
814.2740049452161,0.0033168298164433473,-0.009784335268041086,0.025059869630638356,-0.0003796170664988052,-0.0017881430597762593,0.0026121182125119474,0.9828832095910267,-58.23000000000138
761.6616072953319,0.003909940161312497,-0.00924724253077296,0.025264353045987026,0.003471059377337715,0.005107969602982765,0.002748265172891881,1.5900164887721413,66.04999999999927
768.8659289331711,0.004374040380648794,-0.00876840013699639,0.02531575801050371,0.00247342549156615,0.005571193322077006,0.0026811183271066787,1.8747354730290189,4.540000000000873
741.7241498348799,0.005330202265428575,-0.008183881825891196,0.02543874579925684,0.0015349464791127865,0.007497154399022765,0.002636060415586183,1.91167224647014,18.44000000000051
735.5767798667493,0.005471945068110988,-0.007473025496022636,0.025514496168494327,-0.0008605308367237718,0.0031481851149484097,0.002548546640397142,1.5859758037892278,-41.57999999999993
718.1288282033446,0.006135221733258861,-0.00676812173043224,0.02564004380925358,0.0013131547636322516,0.0019871334148513498,0.002517899091494177,1.6650861395376009,-11.1200000000008
716.2574635244844,0.006472302542966876,-0.006141528539035431,0.02581254419337094,-0.00020701383576970933,0.00024438661548353835,0.002423004771320635,1.5219499575561308,-16.799999999999272
711.261737875047,0.0065722164718639954,-0.005577243865700837,0.0259363560125239,-0.002503315495398728,-0.0014002147479613702,0.0026164403467860186,0.9833230739330686,-15.8700000000008
923.0658066161562,0.00621458182515534,-0.005041906878159088,0.026010030566497144,-0.0003113644926160397,-0.003020331863880177,0.002547888414883987,0.8549145749817114,-15.670000000000073
737.2473471016052,0.00572237519124431,-0.004564770067042965,0.026224388514097748,0.001786750636679102,-0.0010321776463658727,0.0020542085085322632,1.1517503443168442,19.209999999999127
807.195428070982,0.004851051968270207,-0.004156806357476778,0.026363371051346764,-0.0014736942467887815,-1.0378816420741899e-06,0.0017845811799602953,0.7731575238235784,9.960000000000946
755.8893240729612,0.004176981263156741,-0.004064843591042893,0.02674301614011068,8.199273482101255e-05,0.00039244145303007905,0.0017290711741469631,0.7566360715302052,3.790000000000873
783.7623616343515,0.0020961304553270828,-0.0041307034130964124,0.026801735765714072,-0.011355581638869294,-0.012731599030802343,0.0038217470572809533,-2.0237369916935863,-126.6299999999992
716.1688257245542,0.0004773991738854212,-0.004061916068564817,0.026681427952773364,0.00204904911314574,-0.009248572911261133,0.003707623534516345,-1.4321886596118072,33.73999999999796
721.6501221700951,2.78944545878165e-05,-0.003980130881318055,0.026572062161617935,0.007113008844644275,-0.0022831547802515395,0.004260520807341154,0.21793688839884562,67.11000000000058
631.3091854508566,0.00013717407721428984,-0.0034896749566332083,0.026331063907869292,0.0037113354878770544,0.012922025913333135,0.004387203639793869,1.0095053765035082,145.09999999999854
764.4940780612366,0.0009615008633821505,-0.002921277155280014,0.02631347283902418,0.010146671267955654,0.0211075132858225,0.0052660562609860555,2.6453001346877865,78.39000000000124
661.3722048019258,0.0019949969847767503,-0.00227825403674022,0.026243640739551204,0.0008084223658051393,0.014715320388733133,0.005264145641083509,2.336873758874775,-60.02000000000044
711.9583454415557,0.003269549309114833,-0.0015726070784350058,0.026200004845821162,0.002822067274475648,0.013816302864302576,0.005282985268696634,2.365466451940132,-8.149999999997817
725.7551358937612,0.006129485011816911,-0.0007923748302900428,0.026056571022191447,0.00048350215020454,0.004118029665407752,0.005168291843349329,2.105472243318923,-93.18000000000029
672.8346823380397,0.009265665229822603,-0.00014438905661601675,0.026215123463507562,0.005668443078532537,0.008994122145386196,0.0052835019979620606,2.4306410521663397,47.599999999998545
694.7754537108469,0.01080144196772284,0.0003899785755130792,0.02619045967686171,-0.006411663110840293,-0.0002964389504427345,0.005793648726129669,1.466580253218963,-90.64000000000124
680.3246748754548,0.012205960521193234,0.0009177640335589642,0.026310766963765986,0.0024979831061495705,0.0017164715883082327,0.0057441855899193935,1.5939795767091947,19.700000000000728
757.5423877150442,0.011737429443683953,0.0013756700187995286,0.026329990711392543,-0.00372692853762413,-0.007641979071421279,0.005929963489761711,1.06629145644288,-92.01999999999862
738.3180383410539,0.011229595835944003,0.0020186632322334113,0.02620750229277236,0.00046684098126692497,-0.0007719923230219417,0.0044642658552336125,1.0312165347961308,67.67000000000007
754.357011364487,0.010809580368529114,0.0024381298182890266,0.026238278949056643,0.005428587216572467,0.002149052662499873,0.0045637903263373945,1.4981253707906492,28.61999999999898
751.8080768142461,0.010258735018808461,0.002790139400202053,0.026219716429525527,-0.0027876756037163997,0.0030938452749753598,0.004532554662519334,1.090060385632459,9.149999999999636
740.1178398806186,0.009015590114762986,0.003042488287014528,0.026172867483693612,0.0005296999387631729,0.003156869286168984,0.004490189328747908,1.0578690951566003,0.6300000000010186
709.1668361454131,0.008932789605480988,0.0033587486201526553,0.026178456823898834,0.0018616389154959556,-0.00040201966537700695,0.003549155928309971,1.153339783108512,-34.79999999999927
725.8695584088222,0.008458617711255726,0.003643353614214092,0.02618076571857612,-0.00020058158477787025,0.0021912635231680078,0.003556663196727139,1.0426023446656607,25.419999999998254
764.1841226347011,0.008488787517208484,0.00393605226409461,0.02620993930928126,-0.0008167446919231658,0.0008425828735341145,0.0035002600867194205,0.8838587625946105,-13.209999999999127
785.7143153806371,0.008263182132401806,0.004260257830618285,0.026237669392265135,-0.0018427449561481124,-0.0028580330379252006,0.003550178728173553,0.6339421869172045,-36.32999999999993
779.0950861202572,0.006930475672911273,0.004629267126299241,0.02619189575276024,-0.002281135094456821,-0.004933056468424346,0.003123678032754956,0.345027570199401,-20.36999999999898
771.3373798924009,0.0060560148419364045,0.004913701556483573,0.026154926458224675,0.0009190433352470606,-0.003204419326399255,0.0025492578650121917,0.390353418072609,16.99999999999818
821.8694561021014,0.005172307452727172,0.005379576264719993,0.026034049248053404,-0.00010429437188719248,-0.0014683403159485575,0.00242549564171471,0.32313818602827626,17.05999999999949
831.2269638027016,0.0044688716985385015,0.005808522032692766,0.026097008536860818,0.00513959008036613,0.005958430175733609,0.0026017837222548704,0.8231545977276953,72.60000000000036
834.2556934769358,0.003591655426287845,0.006446829541350733,0.026404034555517614,-0.0023379199837220144,0.002685068829173076,0.0027303870784058178,0.5102258223012829,-31.959999999999127
871.893813319206,0.001314027908187209,0.006864037389561334,0.026533273103396777,-0.010443318407508673,-0.007682797507717942,0.0036913132454876687,-1.3500019836448245,-101.38999999999942
855.7973623703343,-0.0009400416885639568,0.007035824666944934,0.026515943254654825,-0.002747360328776316,-0.015469135488465513,0.0036895863973244506,-2.1844677335405884,-76.92000000000007
827.4902529702536,-0.0023098359209948096,0.007070668544139094,0.02652684541438223,0.0026381597982887417,-0.01055855080474033,0.0038184145333179475,-1.9107444991436529,48.5099999999984
860.7296871766584,-0.003688749891576994,0.0066465514617816005,0.026578823595122883,-0.00020200500271561062,-0.00031842998559339364,0.0037305839514008773,-1.7944102701762437,100.45000000000073
875.4774085641238,-0.004823283792908959,0.0062933338390028975,0.026517420612416465,-0.001623582457887407,0.0008080849832596826,0.0037246674097149357,-1.91727290450857,10.909999999999854
917.2357564214309,-0.006310410287030421,0.005890285383844457,0.026479191648094185,0.0032080470665005745,0.0013769320593277623,0.00393204427820066,-1.1727905165501276,5.540000000000873
896.5278623117383,-0.0071789566361314784,0.00542895515919081,0.026458578020098166,0.0016611620518129921,0.003243041531754587,0.003977926056700818,-0.7898265020573517,18.099999999998545
910.2311953966267,-0.006539771333566552,0.004770257686352102,0.026450429538355934,-4.1100549411532405e-05,0.0048332373087509595,0.003939862361765837,-0.7310508305402372,15.350000000000364
873.9134775107818,-0.00539013169969115,0.004389974786880788,0.026464158659864075,-0.0010090599609734463,0.0006092985964518682,0.0039236737754032,-0.8703706049949718,-40.88999999999942
826.4924166199319,-0.004805232987606169,0.003859610397386138,0.02653011061985232,0.0005893842939885818,-0.0004613536671451701,0.003934942063897958,-0.6914600652049178,-10.409999999999854
894.2508572230458,-0.004335261621501834,0.0033204741987972234,0.02666566012175642,-0.002248209758895614,-0.0026675352939785624,0.0035425832782187226,-1.0582902656963502,-21.469999999999345
883.943706562833,-0.004378138791885662,0.0027799014943992186,0.026583764039504465,-0.00564091627025709,-0.0072917020245812925,0.003772891524522824,-1.8801658769345462,-44.93000000000029
869.1728483490614,-0.004637608442363091,0.0018924092929650008,0.026742063719659055,0.001858851615149204,-0.00603223359176952,0.002538406277544609,-1.4218602722121365,12.209999999999127
905.2885877087353,-0.005817850830181984,0.0011344281442508823,0.026686880800159688,-0.008223136478623605,-0.011984500101485107,0.0033737757909072935,-2.3795101952207753,-57.64000000000124
843.3452926328018,-0.006958225827310786,0.0007627255637265499,0.026678081880579154,0.000999004124281111,-0.005386939546912828,0.0032551026652310774,-1.9495899078029597,64.32999999999993
790.9683612557753,-0.008045006387027693,0.0004947782379060538,0.026617332102020885,-0.0009771718895357218,-0.008202451944656408,0.003247907093712714,-1.864966853677783,-27.31999999999789
802.4164422035642,-0.008975268528967241,0.00021952472422481068,0.026535266920907227,0.0014213092103547709,0.0014421948892284764,0.003309193796064783,-1.5288052216572405,93.13999999999942
837.1433131958458,-0.00933929120554906,-0.00011419352088595164,0.02649581939330645,0.0023220990942773856,0.0027658756574815424,0.00322283007491108,-1.1241891048058708,12.720000000001164
869.7273850238959,-0.0092513035453666,-0.00031835701676574403,0.026309292327664383,-0.0027333133866905834,0.0010031544096562595,0.003170212763553232,-1.3781770974721017,-16.93000000000029
960.2723511517663,-0.009212688006943498,-0.00043693044517004854,0.02620126160336112,0.002385573219909176,0.0019670157798610255,0.0033205285776581944,-0.9672098594574915,9.270000000000437
831.4826313782282,-0.008087296235332653,-0.0006396238085755507,0.026121462998985864,0.00019122306898466945,-0.00016310535982910768,0.0033362331264218774,-0.8667231227562185,-20.460000000000946
827.1057338721035,-0.0072351002016595055,-0.0007295155220666232,0.025970662500219198,-0.0015128671638210411,0.0010604862610774646,0.0033095583569978894,-1.0007966828095878,11.749999999998181
946.6778735818772,-0.00587224919267679,-0.0009478646459295228,0.025857432485425245,0.0033404269710861634,0.002014077759198152,0.0035072682273047996,-0.45667705939841025,9.200000000000728
867.2726176535804,-0.004257296327125086,-0.0009919356159524598,0.025752658725196685,0.0025172040055385647,0.004344297810394915,0.003208115288299799,0.07168990984705294,22.43000000000029
806.7730214604692,-0.0029645149484596603,-0.00048385340908349637,0.025582050823565048,0.001108016619214558,0.006980555801260113,0.0031785689213251847,0.31236217531464194,25.270000000000437
804.7401184607347,-0.0012123381291634045,-8.116590232120254e-05,0.02568167134343859,0.004795057783546719,0.008440464028459882,0.002144064176224513,1.1767700181567207,14.300000000001091
786.0909731562153,-0.0006270504026245874,0.0002503886748549177,0.025578100120088834,-0.006828118395191707,-0.0009600741574522509,0.0031502259910492158,-0.0904517849200182,-90.66000000000167
808.8076240061596,0.00012637997125185835,0.0005289055541052009,0.02556451862897966,0.0007911654571364224,-0.0012762707678187768,0.0031158924175951133,0.09322484390236976,-3.06999999999789
793.3565962254479,0.0009030761917597194,0.0009103738350969941,0.02548717521533115,-0.0017983750470806914,-0.007829863735893117,0.0031813548650139437,-0.22671813886326764,-63.780000000002474
794.8900487450345,0.0012260078575223902,0.0010153416035473632,0.025578703455495625,0.0008572702111560027,-0.00015222686151694642,0.0031277766022456866,-0.007675894600785441,74.66000000000167
826.1041384606888,0.0006566041062774037,0.00044749810985474065,0.025460000966331085,-0.006484608764009359,-0.007421142599345343,0.0036051198056313975,-1.230381381166236,-70.25000000000182
806.0421604795622,0.000165673699820543,-0.00013704872673769663,0.025359417521601944,0.001739890081479789,-0.003902808155987869,0.0035700602431470163,-0.8093154927113428,34.07000000000153
842.0436284114395,-0.0008719152847951581,-0.0005941831450092753,0.025222182420449716,0.0013851237089261836,-0.003377465130080637,0.0035956702219641754,-0.4405897550410529,5.039999999999054
866.115207124451,-0.0006157408167765333,-0.0008732999988812515,0.025090584234414865,0.003370205018207173,0.00650816883084393,0.0036850171446284907,0.4832086687253623,95.04000000000087
876.7000515482313,0.00010437559555995932,-0.0011309200510634958,0.0251011015556929,0.005412745119363072,0.010198506647240979,0.0038788332510552117,1.9140338162963435,35.56999999999971
851.8903669103034,0.0008580101681385881,-0.0013269391742686861,0.02506936887243203,-0.001262973550696711,0.007527102974676181,0.0038599612754710573,1.4567269064490267,-25.56999999999971
858.2058904782895,0.000706173200212452,-0.001576797677610248,0.024920081203312145,-0.005458489384723486,-0.00133816813896237,0.004180508682829741,0.10279479795515616,-85.35000000000036
893.9843352439291,0.0015348688542008153,-0.0013926648902707153,0.02473220678283347,-0.00016593947150356225,-0.006879394267171546,0.0038653341138006393,0.0042305221147342,-53.86000000000058
850.3300047408874,0.0020452496338868205,-0.0012702787010889696,0.02460231892338407,0.002569376804242962,-0.0030685952228934887,0.0034402749999425707,0.6247810970566579,37.030000000000655
892.3673477081214,0.0025695380421070623,-0.0011056105817321231,0.02451542401330997,0.0016657630850347438,0.00407277690371477,0.0034658887043494935,1.001312944665522,69.02000000000044
902.002105269643,0.0025038542189669264,-0.0009192780723313394,0.02439297963405961,-0.0007581595109767969,0.003478046194843376,0.003425432266450316,0.7207737318314699,-5.739999999999782
831.3641725776872,0.001915240165539592,-0.0008783698211384025,0.024358551687683277,0.0019257804424228642,0.0028338665154719056,0.003456704727620056,1.169386899131145,-6.140000000001237
841.1325168976872,0.0015067102940154646,-0.0007900047443188528,0.024334418383533712,-0.0009615553260570175,0.00020348422842286773,0.0027657596403255122,0.8291596321320635,-25.420000000000073
803.3967973561175,0.0015873488812035857,-0.0007950860516635604,0.024262631103576043,-0.0017876118806482433,-0.0008269588587968002,0.002841859561709042,0.251589931095116,-9.969999999999345
825.2966331974886,0.0018233162989358723,-0.0008456524781483569,0.024232017857808846,0.00039209600662126753,-0.0023564295758734533,0.002827992670252241,0.3179067540573989,-14.839999999998327
854.9346128750011,0.001509672239757249,-0.0007980927171996912,0.024167401472214113,-0.0018935261262138514,-0.003287099142751826,0.0027340631212123033,-0.3429466146314276,-8.9900000000016
784.3979275624469,0.0009752025682155754,-0.0010148797712763492,0.024172497635612192,0.0007978051034660538,-0.0007055659010966053,0.002164631854417939,-0.10761273247850847,25.01000000000022
794.7387732827124,0.0002718797392633173,-0.0013080170862820517,0.02407677462210103,-0.004011727703593926,-0.005104557596390502,0.002396004172939248,-1.316167633267235,-42.54000000000087
814.6562910451663,-0.0006027159933997639,-0.0017531306961857628,0.024039190227780255,8.107745703656022e-05,-0.0031363065560929826,0.0018561883823327515,-1.1829771885987972,19.090000000000146
823.6761125241854,-0.0015859572114241781,-0.0025558892231929407,0.02411636369217665,-0.0027917486469996033,-0.006711749858683613,0.0020034539257767657,-1.9081402584099478,-34.55999999999949
797.5530269336791,-0.002884059368711245,-0.0033990707326222165,0.024234994764417067,-0.007260523120378171,-0.009951738123971543,0.002600604936057326,-3.0473462206538735,-30.909999999999854
801.4937599756864,-0.005647347860383563,-0.00399553631472501,0.02401062370695893,-0.01051687771465526,-0.0204433745859407,0.003570171091574132,-3.5175603364383354,-100.94999999999891
761.9504177416828,-0.007359212977675121,-0.00455784681436413,0.023942571139193826,0.006449134810048607,-0.011366064402486997,0.004359625113602442,-2.1388534570945357,87.6399999999976
771.4995103964161,-0.009299364323623526,-0.005226727733677535,0.023877016006483107,-2.530230989006288e-05,-0.004160765337244632,0.004249899971607249,-1.8741787113337787,69.42000000000007
771.2563257673831,-0.010784131103449297,-0.00555903764959116,0.023756396424113507,-0.0014369967085078317,0.004977441821970796,0.004243644846857494,-1.8387275829450682,86.54000000000087
759.8780088951352,-0.012294012691147587,-0.0058361665812203395,0.023602803708903032,0.0020641022527747577,0.0005988213340644144,0.004390568811773695,-1.457225352126637,-41.22999999999956
846.413008929264,-0.012855509203763374,-0.005343586821353911,0.023117210742434703,0.004286174873406212,0.004912989480298613,0.004678608412525199,-0.9108142366268283,40.92000000000007
847.3696219219847,-0.00968163472747783,-0.005284628176129047,0.023290378794939434,0.023884611914398945,0.030395621358126457,0.00859997651190186,1.6042209329546557,241.28999999999905
897.255108988514,-0.005669484551419449,-0.0053770654504066385,0.0233598344964177,-0.0042482468040805355,0.02390480224381486,0.008730994789166745,1.135301969522711,-61.0099999999984
842.2015606572841,-0.0023416129245747304,-0.005264551798935512,0.02337398902671766,-0.00044865844949404377,0.01907747443782082,0.00862205411844534,1.0697170530284976,-45.04000000000087
860.3273244595955,0.0014786149443542027,-0.004968557552868346,0.023503849311594997,0.005294692953106583,0.0005748351319558864,0.008711427969999144,1.4948775405202122,-176.22999999999956
892.7422793613533,0.005199429857411694,-0.004667995883155587,0.023587921060157457,-0.0007137787982096633,0.004126422895575521,0.008643720302685436,1.3182746351079286,34.48999999999796
876.4970773643088,0.008621008523933467,-0.004493537408045695,0.023672684642129065,-5.7389044431310765e-05,0.004519483193493601,0.008224211442328388,1.2341627641119584,3.8000000000010914
843.4674448029455,0.01139056841144382,-0.004409523156013918,0.023755612182987235,-0.0017238198700473273,-0.0024936174657678167,0.007348387414527949,1.0290387698701022,-68.25
805.8463346745428,0.010719214416313936,-0.004190952108876785,0.023744293789997158,-0.0016631453157820442,-0.003441293057155348,0.007353006241971806,0.8453901570894217,-9.229999999999563
951.2229095943709,0.010827798288257993,-0.004147035086666045,0.02383756399015016,0.0023908979287110554,-0.001001291327607845,0.007322505703347996,1.0227398939324175,23.80999999999949
966.0877593391631,0.010888689859835397,-0.003991684667866694,0.02387379350393452,-0.0023226158563670607,-0.0016005207082124828,0.007367941978252218,0.7914336641950979,-5.819999999999709
996.777571052233,0.010267648032518074,-0.003792058084297458,0.02395450174427695,0.0014807213169369948,0.0015435431359120955,0.007371049786247721,0.8797359645021013,30.600000000000364
966.1986658351992,0.009642357055314302,-0.0036344395316467402,0.02402510599944464,-0.0005523959919460086,-0.0013972627192454512,0.007377698035699996,0.797365348178164,-28.6299999999992
993.3796119806165,0.009025255222082916,-0.0035558327865497334,0.024224129020824117,-0.00010581456152203295,0.0008215946751615189,0.0024412922222523496,0.7487840508183374,21.609999999998763
934.3573676323723,0.008149740874046695,-0.003305545234854572,0.02425573050069863,-0.0045299589642637805,-0.0051851296641781675,0.0024844966161066905,0.3539276708884962,-58.48999999999978
963.2567550988633,0.007986632906638709,-0.00294152566049051,0.024382725271353833,0.005089334278746138,0.00043044952696780214,0.0029196547148972424,0.7307768255822343,54.69000000000051
978.129655851176,0.007327667832678866,-0.0025602750378877913,0.02449605756836076,-0.00038610831570518034,0.00015000544540333394,0.0024428624998938677,0.6527940470406656,-2.7299999999995634
986.5806552645048,0.007055203332141493,-0.002279430847829071,0.024643523911813178,0.0005650042529410371,0.0052689214141146135,0.002449049283303918,0.6460798052754833,49.590000000000146
999.4697119101492,0.006178200972769235,-0.0018318396385536547,0.02482333960392394,-0.002970244169882008,-0.002792097102133906,0.0025797636130426844,0.34507600392070126,-78.2400000000016
1027.0968189201285,0.004613802945798258,-0.0008202391165984805,0.024879766208508222,-0.004667897571931201,-0.00706358044222366,0.0028441709467844517,-0.15617623781733095,-41.56999999999971
1024.4858804347273,0.0028419295687867763,-2.6011730783873867e-05,0.02495960976522868,0.0022078115559380773,-0.005433298357074068,0.0029355483730804746,-0.031800109766020844,15.840000000000146
1013.4140836172319,0.001982860375412919,0.000986167006988099,0.024941314241942177,1.4452328992664576e-05,-0.0024559752281173575,0.0028139182414591976,-0.13721888104038443,29.06999999999971
989.6814666718986,0.0008011627573921871,0.002027350332319269,0.025036883057697617,0.003973300740361507,0.006204426382830697,0.003025215965870769,0.2520751019188006,83.81999999999971
1001.7016484404385,-0.0005038111602348862,0.0029812134779328373,0.025141863141471443,-0.0012605841254826888,0.002722199396718361,0.0030074991285224057,-0.10318199703826346,-33.600000000000364
946.7744108848557,-0.0019433183595002404,0.003765647568050613,0.02521946501690919,-0.0012704112570379733,0.0014338567753602316,0.0030218522012269385,-0.9409480154306065,-12.479999999999563
957.4246485591116,-0.0028047663477758743,0.003651636499521229,0.025247190376465212,-0.00015462243777730755,-0.002683625258980138,0.0030216315889328325,-0.922112637137795,-39.98999999999978
983.2335286016739,-0.0021270833609666946,0.0036994693333529545,0.025226888836050267,-0.0006443597898871944,-0.002068278942779056,0.002718031719983349,-1.0988564386045017,6.010000000000218
967.1492099785786,-0.0016979323960305333,0.003774461962641636,0.02502650239781966,0.002250007737303328,0.001449327650099974,0.0023352753711674105,-0.26052426400942225,34.150000000001455
961.9850079574663,-0.0013908923868907667,0.003929216348964145,0.02447047250130388,-0.0009335972521155034,0.0006691032058190327,0.002344671198770005,-0.5478537034604882,-7.569999999999709
1016.9955091461106,-0.00011566834011503854,0.0038559345276167685,0.024514300881445277,0.012830155243539032,0.014161327927537659,0.004453189368972124,3.324050117079751,130.77999999999884
1012.7881690023728,7.261412466481656e-05,0.003739125319074796,0.024300010345153725,-0.011860960249507446,-0.00011734298427923395,0.005699306877718742,-0.20984708100278268,-138.41000000000167
1029.2797305179433,0.00023026367173975461,0.0036327936540413224,0.02403120628988135,-0.002057860998129435,-0.0012425252729230118,0.0055511725604037,-0.7755021371813773,-10.920000000000073
1034.927184587677,0.0002528263316022713,0.003554945657076198,0.023772812999973112,-0.0008541383415272552,-0.014736683630755754,0.005523693714498458,-0.9645548061848228,-132.80999999999767
1015.0527570378047,0.0001420364066527146,0.0034026007916615375,0.023472321984813374,-0.0015424801511507713,-0.004448232802860108,0.005541646382021692,-1.2999421959843958,101.65999999999985
1085.9122136719534,-0.0001631984726871517,0.003381073234825642,0.02316051245843526,0.00031021346822801554,-0.0020858305876430006,0.005394170670493826,-1.1151762862309018,22.98999999999978
1048.6085283742736,-0.00027965415868413766,0.0033281846163954977,0.022868086088091925,0.0014389441127338198,0.000204425080272852,0.005412750340590705,-0.6467056734161736,22.19999999999891
1065.432110637869,-0.0020486011129351982,0.0032353278800437207,0.022622918584504905,0.0011881069564643187,0.002939789633906731,0.005415385571905291,-0.2666575162894117,26.450000000000728
1020.105918414192,-0.0023094060402996264,0.003109116235347106,0.022334568907437402,-0.00177540598751047,0.0008486875837314667,0.0054396807457667475,-0.7176846129006218,-20.220000000001164
1048.294370025412,-0.0023087829275282535,0.0031440895382162702,0.022063236195659575,-0.00031295283914312133,-0.0009021767853603091,0.005437715036840967,-0.789161510296031,-16.94999999999891
992.4656934473638,-0.002483128607052966,0.0029995629174448374,0.021742324221699128,-0.0010982607599593353,-0.003183771015930259,0.005391314494059169,-1.0153759351264322,-22.140000000001237
1011.8637290690434,-0.002117042805645583,0.0030754861333991018,0.021351235465272733,0.0010777478173538135,-0.00033464263987592613,0.005404095318590076,-0.6458639294274169,27.640000000001237
1023.0053232367392,-0.0012349525097303305,0.003093163927788016,0.02108938694288014,0.005557547322841083,0.005535730152268714,0.0040439873011046115,0.98029811588056,56.81999999999971
1022.255204560759,-0.0006558290478628238,0.0030398995187532565,0.02083725227658317,-0.001058307612006093,0.005575948640455186,0.0020994050476788877,0.650593811157065,0.32999999999992724
1045.9022665143173,-0.0006731115714264215,0.00321451691656094,0.020841777849489745,-0.0029900578262989086,0.0014898648892984756,0.0022002358036965616,-0.2610167949569281,-39.48999999999978
1061.1978818868822,-0.00032056979212945566,0.0032958174960338116,0.02096560674854585,0.0029185558874051942,-0.0011384512952452575,0.002333371606332533,0.5617144236061143,-25.5
1074.8652228832007,4.279900802886009e-06,0.0033428238804277264,0.02107656714710845,-0.0015368093615760747,-0.0016169146552946767,0.002332962981715853,0.08016025263027812,-4.639999999999418
1063.9537665181253,0.00038350483690308975,0.003229754943365556,0.021137866418664004,-0.0010065420079328202,0.0003693329825702474,0.002363712906964523,-0.1851484720878544,19.299999999999272
1092.1145685126069,0.0008384781758321479,0.0032033341298424917,0.021231739168241323,0.0006909545795334981,-0.0018526061982586661,0.0023377976326089023,0.035969494922411666,-21.590000000000146
1088.5757941986253,0.0004568561995014412,0.003308273593681235,0.021258641139268866,5.461986122412554e-05,-0.0002616803173132176,0.0023142870106371556,0.048697946930120375,15.469999999999345
1070.3993161885044,0.00042073738309199825,0.003495572693782565,0.021265816681400245,0.00238871553468889,0.003136108770688706,0.0023289175171758085,0.7260540020159035,32.95000000000073
1085.1993280206013,0.0010723642241552223,0.003726920940606654,0.02132362206264935,0.0026122786348299343,0.005062127515734094,0.0024005905048548873,1.3725509513252205,18.709999999999127
1097.8348677673835,0.0013624838315847566,0.0038800912763234997,0.02143333847041066,0.0007628774012951034,0.005773931467153659,0.0023377855507285437,1.4627325306720804,6.9100000000016735
1069.0300707048364,0.00197161318422819,0.004053282727406243,0.02150862009678061,0.00010040993894455674,0.003477897922719242,0.002343839490610729,1.3645184723024415,-22.200000000000728
1095.345208980164,0.002706502605344087,0.0037112624547951858,0.021560760341520012,0.0001977262505672428,0.0010612609009952312,0.0017780516812182076,1.885166525177481,-23.479999999999563
1072.9394600330147,0.004045957324256808,0.003883279579190523,0.021667599734215642,0.0019430701943070616,0.0022418055756205924,0.001786643193195036,2.1620901035653692,11.530000000000655
1091.4554504830855,0.004946958211955419,0.003999395783656782,0.021824713909126763,0.00041709816221224827,0.0025591718855810797,0.001410831300459173,1.978296885665447,3.100000000000364
1120.4961749369854,0.005214328581464889,0.004120508099993141,0.021967327538341363,-0.0022041804832440004,0.00015159430087363646,0.001483121478644164,1.2645938398053778,-23.50000000000182
1142.1052170490093,0.004950183417596247,0.004307058287795893,0.02206479239851705,-0.0011736536267534792,-0.002959556812756725,0.0014438992098539443,0.881298857484507,-30.43000000000029
1128.4131042406918,0.004581001170960402,0.0045140141947842514,0.022153469520103945,0.0007259364374976318,-0.0026517609429846933,0.0013756269796567782,0.9925451142009322,3.0
1156.0183705176955,0.004273965068312875,0.004720785359172955,0.022244932988285265,0.0006147540983607591,0.00016590915142589147,0.0013750576122575128,1.0661329418675256,27.570000000001528
1155.840743261451,0.004120556072342187,0.0047960693424271015,0.022383071010435587,0.0012359205406511364,0.002578714887438771,0.0013796898144891644,1.2784381850025672,23.529999999998836
1171.2936460692326,0.003493797973995708,0.004899050148658842,0.022520818773830633,-0.0025015161478695314,-0.0006547131147540686,0.0015287877600918688,0.553976338757522,-31.539999999999054
1210.2403973596647,0.0025063584751753784,0.005001867208724693,0.022565662414377935,-0.002192008907471288,-0.0034579152160557625,0.0014756543219273425,-0.1137524746814482,-27.38000000000102
1265.5541611423755,0.0017992124753117456,0.005163925771990638,0.02258208448091697,-0.00016029214270518732,-0.004847582396116934,0.0014462101489921184,-0.2619182517816751,-13.6299999999992
1128.2709975573287,0.0013452592092114885,0.005310115324533107,0.022613134847284777,0.0012712382600581495,-0.0010837013167431797,0.0015100652271375244,0.061197865996758825,36.82999999999993
1084.3982083391268,0.0007797553032304806,0.005310076089525725,0.0226183254292591,-0.0005172923440733834,0.000592875425262207,0.0015091106754768686,-0.12907632714223646,16.340000000000146
1074.7577828088922,0.0005637179267218036,0.005368234499274866,0.022683982240262225,0.0021236393509960205,0.002878527377868201,0.0015332567643662842,0.5655834558699058,22.23999999999978
1076.7732414564887,0.0001037821564567941,0.005571845401471401,0.022755182922823,-0.0002592563748377019,0.0013455759188096827,0.001521025014960619,0.408789002213265,-14.900000000001455
1089.1695198255932,-0.00020373472630738553,0.005608049948452805,0.02279489487638394,-0.0008384454933555441,0.0010238241938795856,0.0014087084709253634,0.04595634311183313,-3.139999999999418
1110.6493086160567,1.1127781634406298e-05,0.005721572849021643,0.022845395291457796,0.0009048037694003863,-0.0001936737345623607,0.0013976963375472568,0.334542293343716,-11.859999999998763
1159.5881056795747,0.00020065484394940982,0.0059020206153186615,0.022865929925570995,0.0001291408342292133,0.00019474895322435515,0.0013813580038412113,0.31639636443519686,3.789999999999054
1146.470703328336,0.0003575870937571759,0.006222350204637845,0.02277402744031997,0.0018395068686880567,0.0028754704825724176,0.0014742996645541225,1.1518512492510438,26.13000000000102
1075.153482738871,0.0012521262198762187,0.006621571263672847,0.02276217034246639,0.006261252045826504,0.008242464991047083,0.0023083484651257465,3.4411325894348557,52.3899999999976
1064.997933555292,0.0023198307877927925,0.006925954431211567,0.022896777679123723,0.004665957115889796,0.01281608518095334,0.0023856702546217706,3.5632658759861875,44.640000000003056
1066.5837616414128,0.00332019414747607,0.007129864191965857,0.022979491926839752,-0.002044902869643317,0.008889116202945857,0.0023675120007990475,2.415302841269555,-38.16000000000167
1070.6386714920807,0.004548202965679082,0.007400211722490126,0.022999772049405922,0.00011051516288307361,0.002722316591798002,0.0023555150390049584,2.0903360246655804,-60.11999999999898
1073.2511762060574,0.005948791272115684,0.00770468649385022,0.023085602246795928,0.0027838633250845124,0.0008438639254242375,0.002403328900089419,2.2861419278636443,-18.44000000000051
1072.4551346752214,0.0071966132577200035,0.008017329423517966,0.02311431222391204,-0.0015801525559954177,0.0013099595453669455,0.0024928318477762863,1.7384401901736453,4.579999999999927
1095.473993318499,0.008356954719652055,0.008252905282134411,0.02315724757826985,0.001838834648667076,0.003040351825174259,0.002484316689827556,1.8389451254761289,17.06999999999971
1103.2796076217196,0.008894913948808076,0.008512848117037496,0.02321524685622748,0.0018253523859965703,0.0020815957215574166,0.0024493825905945485,1.8912647277299033,-9.399999999999636
1120.5186217162225,0.008925373499542873,0.00880008987863341,0.02339453110107733,0.0013024564065520217,0.00497477677802971,0.0023536008749866217,1.843041028349901,28.540000000000873
1119.4728707421732,0.00874504066155085,0.00911912672421949,0.02347331284926655,-0.004529997632229943,-0.0014139911340026456,0.0029312140742217517,1.0729124059801325,-63.1200000000008
1157.942962713267,0.008496794414088031,0.009404014402961977,0.023561982615335608,0.0003694335723012365,-0.0028652023196034104,0.0029251647919735753,1.0364646551376993,-14.410000000001673
1198.6292103026242,0.007877761151571662,0.009568896858263811,0.02375473936359079,-6.070637943089707e-05,-0.004222691298192971,0.0029311587193378524,0.9468547682736203,-13.5099999999984
1191.8144422834275,0.006969757229843177,0.009579579983219006,0.023862788321477556,-0.005617704673865576,-0.0053107341201761304,0.002965987031961587,0.11508135815000627,-10.55999999999949
1206.0296177581142,0.00559961578581916,0.009662173629617101,0.023903390047011207,-0.0020849614144768935,-0.007751192880355751,0.0026022986919740474,-0.22016617206171252,-24.139999999999418
1215.3616295861843,0.0039008069243314934,0.00980901264334261,0.024057390312905113,0.0004925038467302745,-0.007202237368259201,0.002580824228037073,-0.2059644208127372,5.429999999998472
1058.6220086729807,0.0017709720800019606,0.009937179999041732,0.02415322850417509,-0.0015695291208803752,-0.003160512519944092,0.002594416917784219,-0.5093580238600649,40.11999999999898
938.3202086318505,0.00033062886562933055,0.009973947117874023,0.024277137217693773,0.00045220416354485593,-0.0006260814946014159,0.002400531945534088,-0.495705072798026,24.920000000000073
966.9563080943345,-0.001390414534578851,0.00984171649161135,0.02446808362543879,-0.002674246930635782,-0.003789291734696665,0.0024545379140880523,-0.9973538161956039,-31.039999999999054
979.4250775209639,-0.0037777763726188187,0.009394556064806906,0.02461872922493238,-0.006129100901512863,-0.008338726437917221,0.0027227306024039727,-1.908938028591033,-44.5099999999984
991.8586924133125,-0.006153912763175464,0.008710568395280689,0.02470839743879635,-0.008246206549408885,-0.01696070458907295,0.003121329666615493,-2.6804593250152813,-84.54000000000087
1013.5072268652253,-0.008929909752144045,0.00788873665527334,0.02465547347316635,-0.00648180631179518,-0.02071372157451712,0.0031002514606105766,-2.833171598540482,-36.2400000000016
1042.013095508694,-0.01196623101010068,0.006141530540536541,0.02522062453222541,-0.0016913544521065527,-0.01634109711295273,0.0030816941035324502,-2.501936811743731,43.720000000001164
987.236257169678,-0.018647167491680147,0.004490199770849784,0.024688362243905353,-0.032318894267697185,-0.04021729879414526,0.008937634416161133,-3.5356963382454145,-228.72999999999956
909.1515148881464,-0.02350739939832462,0.0027265077045204467,0.024567130876576245,0.0117441209103748,-0.02261024361145425,0.01015657981923129,-2.348077526762035,171.0500000000011
899.6226306674355,-0.02862316892169689,0.0004965500284575767,0.02445269350114455,-0.003924846458553066,-0.024796934288542793,0.01015155713390646,-2.1662284621207437,-20.530000000002474
932.7828658641401,-0.033257125094134615,-0.0015893060466249686,0.024008528993374977,-0.0058181833790103,0.0019097714113924802,0.010132371887699101,-2.0899908256211175,254.6200000000008
906.4961627121205,-0.034817106724726966,-0.003610404710294557,0.023849581974394105,0.010699591142426579,0.0008753946758044417,0.010997597337707717,-1.4782934579292735,-9.470000000001164
965.0380385464805,-0.03615609788613186,-0.005437800470327359,0.023632357241609475,-0.0021102160728836417,0.002698770047622867,0.010988598814753699,-1.4175307265238362,16.960000000000946
752.1429618434347,-0.03737202384142043,-0.007668451609277815,0.023528306184512234,-0.0014458151090352978,0.007108595507315796,0.010934177923783019,-1.342772027126859,40.710000000000946
818.2192423157478,-0.03458899654031488,-0.009659582798391094,0.023208941498464794,-0.0065450609279048555,-0.010074786655659973,0.010947534954549497,-1.4444270637945726,-160.20000000000073
811.2216693973712,-0.03281728179728444,-0.011541870238601116,0.022913933337178283,0.0035643278102794884,-0.004445533651319833,0.011160337237618768,-1.2040707261660186,52.80000000000109
849.1457620584437,-0.03001879681131932,-0.013459643000563714,0.02266430489316709,0.0038204085493733775,0.0008048699454488162,0.011241836506981474,-0.9805744777968365,49.04999999999745
904.3250783448171,-0.026181916561865998,-0.015450676305548236,0.022467806260151543,0.001987532942609116,0.009400590962098887,0.011237882973212182,-0.8348655347278944,79.63000000000284
851.6577429586774,-0.023847720250734325,-0.017233737165567965,0.022266843262326627,0.00011969942619072249,0.0059359302221835275,0.011252161776321927,-0.7615543290207301,-31.92000000000189
832.8001695665927,-0.02131350255092508,-0.01896206483801748,0.02206368421744367,0.0007544435764901269,0.002863503819254598,0.005792821782208494,-0.6669713479321244,-28.479999999997744
816.35814404741,-0.018328941617557205,-0.020758542884277448,0.02190026838666617,0.002035248453008176,0.0029112610441424103,0.004750827704389759,-0.520200728027876,0.499999999998181
864.1364766113097,-0.014601346272145611,-0.021917580762363876,0.021578861186102534,-0.0011988478273147196,0.0015890334252701699,0.004595079001498857,-0.509912741015097,-12.369999999998981
801.6121446459385,-0.010710902394942578,-0.02301386869647123,0.021326629344036972,0.007760787644194522,0.008601220508384966,0.004572704739629682,-0.08440515575829467,65.67999999999847
737.9478319725644,-0.007306438908086757,-0.02416894691369868,0.02113056770754766,0.002276216187602653,0.008843767216786924,0.0035940321307610674,0.11183572862565896,2.4400000000005093
720.8894641668874,-0.004152053100015234,-0.025262299188474925,0.021017183667995955,0.0003168902503432047,0.010374745539200703,0.003474412585335092,0.22695643162652973,14.25
733.4720001413282,-0.0010723769682346404,-0.026458475730478787,0.020923090615304472,9.186906019009733e-05,0.002685935101371051,0.003398690700440853,0.36378059274936253,-71.86999999999898
741.4795835386747,0.0018566428199382214,-0.0275667541018654,0.020833379188712454,-0.0006187393555185938,-0.0002102038660610761,0.0024657804155714257,0.4891543380061786,-27.360000000000582
735.9799339873472,0.0042314799697657,-0.02797720286596761,0.020594810134138632,-0.001585840902439628,-0.002111932418162654,0.0025660210961651808,0.5431381788144668,-18.01000000000022
820.3200226289827,0.007191331712360458,-0.028881346226111722,0.020701702048108773,0.0070190476190477025,0.004799981416701904,0.002982470385856256,1.3992796027605974,65.45999999999913
821.990389983646,0.007709363452777624,-0.02915670731489712,0.02053575122952823,-0.010958005869910026,-0.005595345382625183,0.004679866934986563,0.34148240900070476,-98.42000000000007
780.4015074266138,0.0076920794130579005,-0.029614318631179217,0.02042521423148439,0.0014300816506500613,-0.002591534391534367,0.004685444024975894,0.6381748815461189,28.470000000001164
806.9837919946638,0.007312937870906665,-0.028937164431279475,0.020332119723371102,-0.002707545798582789,-0.012225301140250555,0.004781360836695357,0.21761024007571286,-91.85000000000036
866.3132207907588,0.005117783335957172,-0.028201851483369855,0.02005127086331887,-0.004785111473522785,-0.006060316296662149,0.0049611511109059064,-0.4490911065575997,59.30000000000109
888.9098746862584,0.0040872400165489434,-0.02752216070148569,0.0199209982657149,0.006539811288283071,-0.000988805910767665,0.00531636627534413,0.4057769959533705,47.719999999999345
863.63877288855,0.003048905015807616,-0.02627927085959866,0.019693795844428603,-0.0011299687028406558,0.0005914899909467142,0.004790552245502761,0.1705986717200749,14.8799999999992
809.8502954573507,0.001335115630290993,-0.02565754498005888,0.019622424077544543,0.00558712674963191,0.011019763741567434,0.005043747725991139,0.957410361491773,97.53000000000065
873.386253362443,0.001567245027507545,-0.024882823064345357,0.01952106451269363,-0.0006449498313615409,0.003803024365481189,0.005044740207535994,0.7886645188325573,-67.28000000000065
859.2638290422315,0.0016112883070982604,-0.02411907149536693,0.019485996535263613,0.0009860347016503734,0.005929477808315431,0.00505517968803556,0.8654499441164024,19.960000000000946
883.338210484515,0.001917554343564326,-0.023196041246120565,0.0194691375754458,-0.0006690398379930462,-0.000328818684513843,0.005055694774895567,0.7181264775036051,-58.88000000000102
857.5322204937025,0.0023808720920457838,-0.02236392242237781,0.019403255730381454,-0.002618723023503966,-0.0023032162505289833,0.005092386191299361,0.17178050725501512,-18.659999999999854
842.6882293032786,0.002044048063451306,-0.021610808331783495,0.019344333020855125,-8.377314233043442e-05,-0.0033695086943470454,0.004567496800430123,0.08080886429828248,-10.109999999998763
838.4284683074864,0.0018943520324736127,-0.021146625846461087,0.019266862037828535,-0.0012344317371977276,-0.003933372748146757,0.003271394074315201,-0.25699466412664224,-5.31000000000131
778.9370760037053,0.0007985397178766947,-0.02063937402642495,0.019161919583007444,-0.002207521926564482,-0.0035227136559765615,0.003300873894439897,-0.8431851605910042,3.970000000001164
969.8245652239178,-0.00016011045621728325,-0.020153754170541202,0.019046778394324414,0.0004256673133262723,-0.0030150252825195123,0.003211282676215731,-0.8205495209205106,4.789999999999054
984.3856139700231,-0.0011753411404482137,-0.0196342554720907,0.01890108020334941,0.0005254754542332041,-0.0012582556435684067,0.0028335360367142703,-0.731330582619639,16.580000000001746
1079.7919899205278,-0.001714065208989434,-0.019115556240805298,0.01883185262020847,0.0028630813474448402,0.003817171632253036,0.0022558049402291356,-0.06206762251769499,47.719999999997526
1064.7737516787333,-0.0019164299342803622,-0.01885337373818683,0.018751708306810683,0.00011873362112102548,0.0035091974160224026,0.002219912930757343,-0.015040654471994064,-2.8799999999991996
1063.6837478663087,-0.0017142657419051337,-0.0187061686173006,0.01867503045199737,0.0008066567733728824,0.0037912172614142925,0.0014822180317568547,0.245425821026268,2.6700000000000728
817.2859153245308,-0.0012910042370167351,-0.018723357801458534,0.01863026732965995,-0.0004278931241600281,0.000497197038444197,0.0014768690765579787,0.16913339804270572,-30.969999999999345
850.3582058636183,-0.000840989461520115,-0.01878163902411754,0.018514691031315304,-0.002906468508313109,-0.0025291498834005832,0.001629888311229127,-0.6161154777208829,-28.55000000000109
876.5051436816399,-0.0006327386655716196,-0.018651020969413453,0.018351583901305212,-0.0018214394259808975,-0.005148486328073298,0.001677186818885064,-1.0676111534283264,-24.75
866.3977748400542,-0.00022322565930414358,-0.01835801567398525,0.018207487748894954,0.0029085489194080605,-0.001827801012336816,0.0018101306011524705,-0.16138811422262367,31.360000000000582
907.678917415344,1.484209633420424e-05,-0.018364939434091936,0.018127121397727132,0.0029415136640793538,0.004026507575870308,0.0020101136565011603,1.0267301340617614,55.14000000000124
996.6447096538934,0.0004696504925863221,-0.01795413331539043,0.01803990549579848,-0.00045406291046923286,0.005401895028212422,0.0019729686246578496,0.7928726954368321,12.849999999998545
1039.1194923810963,0.00032204353783572034,-0.017711767215779214,0.018013361079944477,-0.00044473905465403085,0.0020402703942117295,0.0018357523940680106,0.5977072351643824,-31.519999999998618
973.9135392287222,0.00010147072201840262,-0.01723672370523017,0.01792167515132901,-0.0018581413924831924,-0.002755071692194133,0.0019454588281327403,-0.13337594016969143,-45.25000000000182
915.5160057838094,0.00031964253725506414,-0.01654978072069229,0.017832785574245755,0.0012852897473998315,-0.001019723118171334,0.00196966899479955,0.27770714919677786,16.400000000001455
1013.0563589368763,0.0007385099138042196,-0.016466975182175658,0.01782865556580927,0.0012899997986031142,0.0007140178440898648,0.0018272097530125774,0.8229639140163792,16.36999999999898
994.540085534234,0.0003127359508248112,-0.016094961090496615,0.017639198402575253,-0.006738102194726592,-0.004178518361282135,0.0026940829133065493,-2.137947643637608,-46.11000000000058
970.2676623123746,-0.0003063654033041985,-0.015918523086602132,0.017483535236413505,0.002703932692645905,-0.0027676166591231732,0.002827028648287144,-0.8911320007272905,13.260000000000218
1016.2612103964449,-0.00047437925112303955,-0.015673778783214562,0.017385570618978722,0.0015646258503401178,-0.002494103498943634,0.002876496939593987,-0.14079240917876482,2.5499999999992724
1005.7597019391826,-0.000508227325155465,-0.015309861657296607,0.017274764474917843,0.0009370967194186619,0.005213889922122128,0.0027501336382493497,0.3781390452515158,72.48000000000138
984.5686368919389,9.543044174949056e-05,-0.015010670833688431,0.017212895956325722,0.0032380679739809626,0.005749362244898082,0.0028006182129990597,1.9131647568692092,5.170000000000073
963.7167278209314,0.0003764060058099632,-0.014635438621017766,0.01713228248996856,-0.0010874975824580746,0.0030861577124228212,0.002739965864692579,1.2919850064995517,-25.01000000000022
1052.5177735374896,0.0002615261573058337,-0.01427889026118295,0.01705488792049998,-0.0010431875409973035,0.0011016216846648774,0.0026274339711542427,0.7710752077595857,-18.68999999999869
1000.3387263923393,0.0010142520347068285,-0.013823032363266003,0.01693570145121438,-0.000900238722126967,-0.003027872277689192,0.002636803369176117,0.326784955820046,-39.04000000000087
966.6498101919289,0.0013713815830804763,-0.013289485095932158,0.016835155059317874,0.00037632083312133524,-0.0015668973105651407,0.002637350251046863,0.43790766574404233,13.840000000000146
999.8097793593925,0.00139579201965446,-0.012835864485417972,0.016759494016864055,-0.0002182899420259954,-0.0007424321696600789,0.0025751612538498013,0.2729315017499114,7.799999999999272
983.8354477021845,0.0012011297061361992,-0.01252560162055029,0.016696932381421503,-0.0010037170387062755,-0.0008459268305094358,0.002565541223358783,-0.28451446240232714,-0.9700000000011642
1068.1059438951095,0.0002645843254992324,-0.012249141210102427,0.016592306076162192,-0.0029102027911633854,-0.004128435020064547,0.0026478179059147805,-1.614017432811079,-30.979999999997744
1065.6406430296922,-0.00031693447951135824,-0.011895456545746842,0.016471513696111377,0.0008480500700678295,-0.003066265462488893,0.0017598074331346188,-1.1096286394370438,10.029999999998836
1052.647260925278,-0.0005305850928792754,-0.011627702256206959,0.01642163111421298,0.002061450138209686,-7.4266932329480895e-06,0.0016851841677416068,-0.0984388477203959,28.860000000000582
1074.8400760732352,-0.0006869158878507408,-0.011321396757143259,0.016343809385361088,-0.0009962452482071837,0.0019121028555983965,0.0016523035054550328,-0.5312326578777788,18.039999999999054
989.9783392889689,-0.00082377849417299,-0.010923606055130163,0.0162895160175245,0.0008676720475786492,0.0019317456942378186,0.0016486191890366037,-0.1468317394064946,0.2000000000007276
917.4969061812982,-0.0010259310805138878,-0.010594584981172139,0.016330187708466233,0.00019736486077825965,6.790169955839254e-05,0.001289526302625693,-0.13132400927199767,-17.529999999998836
1027.865481636368,-0.0015121080324828702,-0.01026290003083874,0.016358250163288728,-0.0033980371375861296,-0.002336448598130869,0.0015592585225981698,-1.7343824660908391,-22.640000000001237
1136.85421815383,-0.0012838364981240641,-0.010249374259732331,0.01642309413053846,0.0017042793272301626,-0.0015025195852791384,0.0016715105976402907,-0.8270662763576834,7.8400000000001455
1150.1637290348697,-0.001521340876715363,-0.00998386418739479,0.01630715994580213,-0.00440700913176495,-0.00609906821853945,0.0020527004427307507,-2.4721066624987174,-43.32999999999993
1100.987487500867,-0.0016323962106909755,-0.009796399630384119,0.016294330872682086,0.004160733689561047,0.0014392165211838392,0.0024617880443276747,-0.6305156616223417,71.01000000000022
1279.92067233421,-0.0017586899503558703,-0.009552495136267866,0.016262735084630442,-0.0012777012432607648,-0.0015419749819607365,0.0024791760043609257,-1.1008245249861586,-28.030000000000655
1327.469627390242,-0.0021409105866642356,-0.009383866121087027,0.016207073385117756,-0.0005630354957161243,0.0023130605195684772,0.0024718024282332747,-1.2230315408459658,36.17999999999847
1401.2340429482429,-0.002602736972396326,-0.009156269123988444,0.015960715171767576,-0.000985068491546004,-0.0028232732962567564,0.002346977728840322,-1.481020232433308,-48.22999999999956
1259.5052338863636,-0.0022534335839597486,-0.008759967451794564,0.015820468749658975,0.0025626375125786804,0.0010111223458038054,0.0024625394224346846,-0.5131929074857388,36.06000000000131
1207.7361647452092,-0.002690309978892809,-0.008545767018614656,0.015686515833450605,-0.0025167464114832505,-0.0009456657518840395,0.0024677412030195676,-1.4494150812844309,-18.3799999999992
1235.1101573784429,-0.0028297537627127623,-0.008221495438950968,0.01542156865886489,-0.004238205030629993,-0.004198930599853212,0.00270635764084452,-2.5301439500669565,-30.51000000000022
1272.9167135124924,-0.003250927732460365,-0.008088253913409343,0.015229611066110682,0.002260861932201985,-0.0044986709197234465,0.002805801624523436,-1.5880551113897585,-2.9200000000000728
1389.7161697599438,-0.003772371379631404,-0.00816283793173966,0.015025985934363948,-0.0029542791654961764,-0.004935334328927676,0.0028769393857164902,-2.240484999596958,-3.9899999999997817
1322.7574779775236,-0.0043611133659243505,-0.00830951513109281,0.014834054608317505,-0.0026930818647611376,-0.0033912928983029778,0.0028259059698151965,-2.551306678022709,14.619999999998981
1319.6788878844393,-0.005317403890923923,-0.008423455457184533,0.014587939455635327,-0.004395325830917507,-0.010009943723438552,0.002892968645157903,-2.889381024412875,-62.04000000000087
1454.6562425742675,-0.006749927507172325,-0.008781583918853189,0.014396964373168293,-0.0007519713625138147,-0.00782322070737862,0.0027179228342739514,-2.500813079099937,20.69000000000051
1805.852911265888,-0.008735633827999347,-0.00914297001708856,0.014126200933767114,-0.007935651047289993,-0.01303882215579344,0.002888253735770275,-3.0035766873461234,-48.35999999999876
596.2563286074245,-0.01025111891915798,-0.010017625529374078,0.013950728131185206,-0.0019219676769874905,-0.010586936844115269,0.0028804499905364994,-2.635909649194755,23.26000000000022
606.7248988690454,-0.013703702182576893,-0.010854044689872375,0.013596451032895196,-0.013863506505401801,-0.02356942345065849,0.004420106084755031,-3.147263672121815,-120.17000000000007
619.2972626062323,-0.016857918753146888,-0.011238241869042435,0.013148433916305496,-0.0020113449141392348,-0.01773847744463186,0.004384844202319807,-2.6419656766901154,55.30999999999949
488.21146313399055,-0.018802072801960612,-0.011613860648455866,0.012782314461747721,0.0074477785742854685,-0.008517213254183975,0.005132088194127319,-1.8136409983569612,84.8799999999992
545.1621817044286,-0.019824821620653077,-0.012107910750892936,0.012405413593764982,0.0030001990601282724,0.008437918108738618,0.005399687576536575,-1.4438123492093091,154.42000000000007
704.4100372577252,-0.020528299006457692,-0.012815902439423434,0.012095956570969277,0.0014692966345430936,0.011955003096777883,0.005468034815320141,-1.2251612859535823,31.590000000000146
674.6210819057446,-0.020775708550903892,-0.01330064881354634,0.011687374615156157,-0.005041928480162272,-0.0005905817064840724,0.005372971936004666,-1.4334566142482619,-113.26999999999862
756.167222001173,-0.020057841816919702,-0.014024309170148935,0.011376009193705383,0.004455639481653506,0.0008596481802103373,0.005726541351786323,-1.041083742410862,13.209999999999127
725.477333079485,-0.01786531274173711,-0.014107731024659117,0.010963073429432778,-0.0035714872615129067,-0.00417806711841473,0.005743837307493101,-1.178450473581766,-46.0
826.4644116706534,-0.01426694051432414,-0.014309462832458583,0.010608498545264345,0.010152552156345251,0.011029605958166044,0.006640683905092937,-0.43738461455395544,138.38999999999942
572.7385338696267,-0.011510178651092873,-0.013719331738855334,0.010178272474943293,0.0027406534248917147,0.009303395651768964,0.00671500842090907,-0.20031333961481876,-15.30999999999949
766.8576080535977,-0.007582465814782864,-0.01364555952317494,0.009901686406790698,0.016416343835784497,0.029549490118468524,0.007826094327778659,1.0040971518595316,183.84000000000015
994.0686976866513,-0.0039578548939824,-0.0135154097301566,0.009589896059998323,-0.0007422033936316241,0.018445533594772856,0.0077850483041182715,0.9762519189240816,-99.29000000000087
157.59592684924525,0.00047079815633574977,-0.013174876704475773,0.009275162068517697,0.0014331424614142385,0.017117544451885625,0.0060670025424318106,1.0990959115797672,-11.770000000000437
-18.63193947513268,0.004765808571668141,-0.013215732627786612,0.009032875332891734,0.005218521589632319,0.005911997103804856,0.005882554683973276,1.455112672300598,-102.33999999999833
-732.9098094604702,0.009476568539610422,-0.012985697151789268,0.00876762206259984,-0.0004480129775135122,0.006208146575954476,0.005852297027395961,1.41147684686948,2.7299999999995634
-138.77024183316274,0.013408955247296139,-0.012913720314877567,0.008568219406201793,0.005843773067874647,0.01063980782180618,0.005912937524313537,1.7397967170367636,41.61000000000058
13.189567891326975,0.016630409809541724,-0.012738216489106093,0.00834371871373243,-0.003318842217193585,0.002056400799628655,0.006192389373084352,1.4215700096993764,-80.33000000000175
8.599578441128438,0.017248904095120882,-0.012549218247786672,0.008021570151731189,-0.0011770638877647288,0.0013255232258646554,0.005840115771823415,1.29184089372822,-6.889999999999418
-252.51846003501157,0.01800609172269136,-0.01229919560854807,0.007781803917141317,-0.00043170977223327966,-0.004921770147737647,0.0059057808358247465,1.2058376827409518,-59.090000000000146
-88.7432138216308,0.018353619481500102,-0.0120671434204925,0.007560661716868126,-0.0009646036105250833,-0.002571317781822624,0.005699407498756777,1.086179429764255,22.340000000000146
404.349550056889,0.017586211462131508,-0.011323814567191363,0.007284543733548626,-0.0029167866061498016,-0.004308612026564407,0.005428448028390301,0.851624599115082,-16.349999999998545
121.63307965436945,0.0174149079472348,-0.01031569006745788,0.007059001294834411,0.008894205929257604,0.004981132395825094,0.005802674663699887,1.2995568641574726,87.55999999999949
491.70554594029403,0.01719215745921011,-0.009052529603557104,0.006886025109990042,0.00762156169156869,0.013618398061707282,0.004191838534041521,1.5810017265318745,81.27000000000044
348.0492815099734,0.017252526008700555,-0.007732533973599479,0.006711042325272222,-0.00012889460822318455,0.01645252322091917,0.0041645434788661305,1.4248701926827425,26.229999999999563
241.42837066912276,0.017316202252347396,-0.0060407782398355465,0.006539870249388822,-0.001014520853748646,0.006469563381025445,0.004234702569390188,1.2684302145131008,-93.17000000000007
349.0372799933398,0.01647602351528412,-0.004241367939339291,0.006349522226621291,-0.004790296031062402,-0.005928104054626182,0.00440330785655796,0.9313693391012301,-117.84000000000015
648.0835801523799,0.015577447015455633,-0.0025932936158988605,0.00615046594617196,-0.00040374821713007325,-0.006201363524411918,0.004402370920925783,0.8388611053119388,-2.600000000000364
174.1645543197185,0.01566327490506339,-0.0011285580117339324,0.005990405933760398,0.0033694427922397185,-0.0018401619006753744,0.0041871819963494716,0.9740373174488505,41.6299999999992
87.83933842619518,0.014541636576514128,0.0004065276583216548,0.005819233131362524,-0.0013684764820695028,0.0015918010649254022,0.00406602400462677,0.8193593686288814,32.63999999999942
119.38420977859862,0.012510215512446562,0.002152664795421853,0.005620440292365614,0.0015555913404714516,0.0035550521604508223,0.004036466267126434,0.8788743000139977,18.610000000000582
122.70768801329345,0.01031431466179177,0.0038170756264177667,0.005424581932208194,-0.0001292561257419944,5.570603191218382e-05,0.0040291148203487875,0.8243156772059393,-33.17999999999847
-97.0514419276285,0.008740380686996606,0.005610282564865288,0.00526131122783932,0.0032728098238945513,0.0047036114347540625,0.0040450683445358996,1.1339648717645854,44.159999999999854
148.07468541986876,0.0076850913557269815,0.006778743500848667,0.0050867274610163155,-0.0006484459296661749,0.002492646587480607,0.003886972698969353,1.079064241546898,-20.970000000001164
240.5718509101435,0.006110910540408008,0.007741937210814636,0.00487599840455149,-0.009899672002607884,-0.007303389680874739,0.004332686898080729,-0.29473787632508613,-93.20999999999913
222.84081629944563,0.003965083059929763,0.008258246255357116,0.0046750386532333965,-0.0011953072807872056,-0.011724405242041103,0.003562287188836808,-0.5573981902904837,-42.43000000000029
423.1451412202865,0.0032554238073615725,0.008665384265541252,0.0044907414050456215,0.006074848579284753,-0.005075625988630539,0.004101396568224126,0.36638939341648086,63.50000000000182
388.00778797881014,0.00196525521483687,0.009062984701193872,0.004290467832426501,-0.003495836709235589,0.001359410583286591,0.004194948928949093,-0.3565497198997867,61.2599999999984
237.79819213363743,0.0010408076135059085,0.009266379980573801,0.004080905646724634,0.0029646515001411355,0.005530009603581965,0.004093259745070747,0.16713651271832958,39.32999999999993
289.69310123349595,-7.299087719372333e-05,0.009444823285531258,0.0038643715008125886,0.0006567469415936777,0.0001148421342092032,0.004095008465276909,0.2405426542851242,-51.080000000001746
356.0088252752818,-0.0011148937451086283,0.009479999121178865,0.0036448159794037743,-4.003210996605944e-05,0.003583168307410123,0.003963438598532535,0.21218499894619608,32.80000000000109
342.4970921139306,-0.000382967164213911,0.009653615124664887,0.0034284711421943056,0.0011683522966710047,0.0017857613468057476,0.0039623873049788125,0.40482598781130885,-16.94999999999891
390.0905570830885,0.00041763815963792556,0.009955257857662053,0.003209810670653663,0.00031779137101728416,0.00144642334167,0.003934899498253111,0.4135735009111071,-3.209999999999127
313.81748378291326,0.00042531102891727,0.010194625397314304,0.0029883926577113883,0.0011245399011792223,0.0026127265065316596,0.0039500733573322394,0.5989155134833654,11.06999999999789
322.4563913671665,0.0004792683138249419,0.010423689906987702,0.002752755990018364,-0.004250378278412792,-0.0028138216096027513,0.003984612395310705,-0.48855282444784986,-51.539999999999054
295.36530742082374,-1.4773783233571178e-05,0.010654993514289923,0.002525973205670023,-0.0008273227561245156,-0.003955350821734704,0.003985136926727723,-0.9688759548816508,-10.860000000000582
238.48102859205986,-0.001252488812947856,0.010521477093763939,0.0022971518732307224,-0.005122242042306602,-0.010170435440484127,0.003117688585846168,-2.22763010993384,-59.18999999999869
116.70452211391382,-0.0017523829671493068,0.010163867274326294,0.0020734876240731865,0.003608276424335033,-0.0023585030101251903,0.003284796282349937,-1.1397441439406542,74.43999999999869
265.0260101494298,-0.0018862992838295167,0.009734851215175313,0.0018375992143412345,0.0022212819970381936,0.0006854299145271359,0.002810391496186907,-0.4545395094356429,28.840000000000146
250.90397666827664,-0.002532198537914101,0.009382811887481662,0.0015970794451727753,-0.004339841688654422,0.0014723975876882456,0.0029107917077150123,-1.5752006823251636,7.3799999999992
338.7981929287964,-0.002844730074719219,0.009317287825624685,0.0013876132832079556,0.004995823563581636,0.0028569917495240293,0.003160517168962949,-0.13178306958722924,13.140000000001237
210.9379900085789,-0.002541888721804418,0.009263660532807673,0.0011808851209927898,0.002002951162376032,0.0026385224274405594,0.0032110080417162667,0.4228120589474408,-2.0100000000002183
283.94050930160034,-0.002286846662350019,0.009084294969126477,0.0009630256259470568,-0.0013684210526315743,0.005630769100306576,0.003237991051148579,0.06365918580015445,28.1200000000008
223.14093112333387,-0.0011979475462622663,0.00892422272593984,0.00073684325402914,-0.0003330873827342984,0.00029849140545157304,0.003216026298619429,-0.011617669051919903,-50.29000000000087
248.3973781439583,-0.0008419476545987323,0.008738398751552271,0.0005208460060895012,-0.001607998447886061,-0.0033063157894737127,0.0032377627797540664,-0.4316430682159525,-34.23999999999978
275.3517268186541,-0.0005273593007888904,0.008608845039378107,0.00029454493986541097,0.002041486641622514,9.697480763160016e-05,0.003285542238743289,0.2201277498191858,32.32999999999993
388.21788858924117,0.0005781922848575327,0.008175480293127394,4.588184823473405e-05,0.0017474852233154703,0.0021784424874311537,0.0030705522447125396,0.891902896834577,19.73999999999978
321.7874430564099,0.00035596941479289245,0.007651011356142206,-0.0002014519803063199,-0.007312325740438719,-0.0035475186907448775,0.0037689475411357026,-1.5132026942070131,-54.25
263.0775037540412,-0.0003493512297737378,0.007516677062906811,-0.00045844539626763663,-0.0015993640699523137,-0.007168062125313068,0.0034847252248952428,-1.9207511696426596,-34.42000000000007
292.5448811416357,-0.001385268686084465,0.007436854479627539,-0.0007218494300447995,-0.0012102026452481818,-0.010099426587405924,0.00330470347171832,-2.137413056369803,-27.979999999999563
222.75404534990602,-0.0024862812377409223,0.007094654388370651,-0.0009988527954064238,-0.0006217775184381713,-0.0034276629570747508,0.003200200341058535,-2.012750771510211,63.649999999999636
91.3967346361159,-0.003154112951140919,0.006872007175975949,-0.0013263045445815926,-0.00040733154235073066,-0.002237813312441439,0.002979959010376002,-1.8857495237063497,11.260000000000218
191.26630296846508,-0.00432162982162074,0.006189659027624108,-0.0017580435775082202,-0.0006128422367465136,-0.001641067501655491,0.0024687941849518814,-1.8015261327137053,5.639999999999418
115.60370342374885,-0.007090370829392721,0.005722855434463397,-0.002063154693260294,-0.013373689326279803,-0.014379973326696827,0.004246908246401812,-3.378696171697798,-119.76999999999862
167.0284107989402,-0.007234252868352649,0.005388595582758838,-0.0023833224550930637,0.013334843997000245,-0.0008298905289274572,0.006155220986478287,-1.0432620960871204,127.40999999999985
140.7656351618278,-0.007080317260828063,0.005019614666625792,-0.002703339448585474,0.0014843952154341977,0.0012668914423079602,0.006190805924201561,-0.7272290394651879,19.69999999999891
178.8851047087949,-0.006399171722363868,0.0046984882194120465,-0.003025845403316476,0.0029069736532918444,0.017789143723462075,0.006265897909684008,-0.18246105842703048,152.95999999999913
184.59271842654806,-0.005560243972575836,0.0043354728269279505,-0.003361393251636352,0.0007092642205357436,0.005108065888406177,0.006232316319656842,0.002147213483152545,-116.88999999999942
232.9822678375701,-0.004689466047552015,0.004085987216189848,-0.003727642458485103,-0.0006218879118551346,0.002994161597538403,0.006195072151064638,-0.07791674894145038,-19.80999999999949
189.27983660455848,-0.004167049130176936,0.0038707817337614156,-0.004099271849663607,-0.002499700523580173,-0.0024129826097742946,0.005868954965285586,-0.49523080632413996,-50.92000000000007
149.81679181041238,-0.001843370515510585,0.0039030040074400493,-0.004417627662696114,-0.0008055645594103877,-0.003923085072571331,0.005856322632331314,-0.6256171676410114,-14.270000000000437
113.36236177612714,-0.0013781090921661323,0.0037521834849897125,-0.0047635139272896405,0.002132531799186932,-0.0011777639023313746,0.005880402554510338,-0.2069353225850176,25.92000000000189
291.0148013396705,-0.001128627454552809,0.003515184129509762,-0.005082685950580395,-0.0013924827160206599,-6.907875509454264e-05,0.005893618571269515,-0.4156901187332323,10.459999999999127
379.2170277247596,-0.0011334255853755518,0.0035118613276528842,-0.005350362031840322,0.0006695788030481875,0.0014071519053986403,0.005893868453672914,-0.27443479486264594,13.880000000001019
240.12132328111502,-0.0012074999928068546,0.003309247633836825,-0.005618486286089162,0.0019957090661908428,0.0012704282096620556,0.005910814982873908,0.14112996922067253,-1.2600000000020373
272.23818422235826,-0.0010117381643003824,0.0030134620875306626,-0.005886278839872083,-0.00016005952942499402,0.0025061378056945305,0.0040557128313619874,0.17660283787616707,11.610000000000582
221.92774844209816,-0.00038557100144494646,0.0027351014736940026,-0.006147531127280028,-7.209132698937637e-05,0.0017631064661396412,0.0015901803782878178,0.2203456340042946,-6.980000000001382
255.61287410897643,0.00026978196270977434,0.0025300627744578703,-0.006393824948207348,-0.00029792828516295167,-0.0005299984418045689,0.0015587644648666422,0.21807994689161464,-21.599999999998545
212.80694016233878,0.0008030001965853786,0.002336796507078603,-0.006690425867002943,0.0019100667197653465,0.0015393618645362928,0.0014228116262268297,0.6734089708203279,19.520000000000437
231.89338209919177,0.001180071540718776,0.0020085729746442604,-0.006939026056851405,-0.002856991637556927,-0.001250026506075086,0.0016459168596518958,0.10392221281234423,-26.30999999999949
215.07504147103487,0.0014120444606412796,0.001580969843510665,-0.007160709319315638,-0.0012749455679983424,-0.0022261132952733353,0.0016729155063129786,-0.11339689103132612,-9.200000000000728
229.41931394376127,0.0013033330414305916,0.0015107231340868571,-0.007307903814579346,-0.001224489795918382,-0.005347729437916837,0.001551072514106323,-0.40378175364581603,-29.530000000000655
63.94390458499229,0.001142008828116745,0.0013799289888887217,-0.007507776746864891,0.002182732257185682,-0.00032059413949669935,0.0016657228759303167,0.19908594527016754,47.5
647.0995245256418,0.0005936414991989208,0.0013331566399060355,-0.007485029416497216,-0.003286612813648393,-0.00233418367346927,0.001803618586388405,-0.6715145405060126,-18.93999999999869
331.90306288027045,0.00011910160682864943,0.0012931272312445058,-0.007535065979333472,0.0008118439725377513,-0.0003001123825091545,0.0017963962828951613,-0.43858483931907183,19.139999999999418
230.9926495284353,-0.000562271220059001,0.001245492881910772,-0.007588670169560361,0.000884639214108196,-0.0015949894817771648,0.0018061837189130986,-0.20292640355317185,-12.200000000000728
250.99334124948928,-0.001092640877246587,0.0012309296430211066,-0.007567699448044519,-0.0023367443206050442,-0.0006435088706207015,0.0017785669093090559,-0.8128547131827041,8.979999999999563
280.54873545131346,-0.0013743365968172526,0.0015673505724304964,-0.007696659577783675,0.0008539445628998887,-0.0006014695017703131,0.0018186159433052796,-1.355795916575107,0.3900000000012369
356.3302300503035,-0.002686044885843391,0.0015032960070540896,-0.007695190825986859,-0.006340001768212922,-0.00781538337178267,0.0024932782919550524,-3.261729424984099,-67.82999999999993
300.8890673746699,-0.0032228996059608193,0.001390776524126444,-0.007736196436881319,0.005187334713335101,-0.0003326226012794198,0.0030559350952721557,-1.253878648107124,70.35999999999876
385.355451065262,-0.003328236658125903,0.0011329006223495567,-0.007780075957074939,-0.0008062383223417235,-0.0019908372487886794,0.002963840725259894,-1.4006337481824793,-15.569999999999709
212.70378671763623,-0.0034374703610351026,0.0007784488878943921,-0.007852633092242935,-6.61734256059976e-05,0.004310451101946944,0.002886291780595755,-1.3053286169068274,58.900000000001455
205.38104215205286,-0.003736337930495529,0.00036709965125650377,-0.00798514711928907,-0.0008603114626363206,-0.00173191935910455,0.002878004245741545,-1.4555379124997483,-56.45000000000073
39.32893535827047,-0.004097951762316488,-9.564520875026653e-05,-0.008153189378497478,-0.0035147169424312175,-0.004437888768875409,0.0030093823835003124,-2.2210285953547406,-25.340000000000146
178.48141101494332,-0.005101424868713513,-0.0005642330429223516,-0.0082944552944597,-0.003994536725937969,-0.00834907724657652,0.0030170218061110754,-2.676362673834207,-36.64000000000124
-121.16963532741832,-0.00524019995474719,-0.0011062269871713322,-0.008407692083693602,-0.0003175293418637981,-0.007810363393955799,0.0029442609449129757,-2.3021475262446045,5.110000000002401
-239.2342320359159,-0.005834028192420082,-0.0015352951220243532,-0.0085273072014132,0.0018519455657208805,-0.0024668354821211214,0.0030129383789781073,-1.6937314898415936,50.099999999998545
-271.6269877029324,-0.006152000511122777,-0.002184859663633564,-0.008700276527585954,0.0020720644231482233,0.003609070790745017,0.003091351505280367,-1.1702202355901075,56.54000000000087
-135.42030620386205,-0.006826886310247086,-0.0029389103238877993,-0.008883070157536239,-0.0034770447479142153,0.0004371452905131967,0.0031632866592710292,-1.6688799644202685,-29.470000000001164
-162.0916844311219,-0.007308218580811557,-0.003651704236781206,-0.009011903040559079,-0.00029704280968056995,-0.0017088083157705825,0.003126331695791462,-1.5639380659560957,-19.959999999999127
5.382211937480234,-0.006725078168213023,-0.004281478478177371,-0.009159203625792093,0.005137353143506607,0.0013449149024935547,0.003059072954947058,-0.5524897795175601,28.43999999999869
140.1467465998963,-0.005248982964183097,-0.004749897183074303,-0.009306447990184291,0.0033588423989590055,0.008213879432906523,0.002817330184613126,0.15028638741289682,63.780000000000655
57.46734928525746,-0.0034889389145779776,-0.0053202734362646515,-0.009483874557288672,0.0025715447735941144,0.011106888596303266,0.0029051222009536153,0.7679217091467808,26.850000000000364
73.3033866967099,-0.0020571896417730926,-0.0057918043019785075,-0.009651417712930467,-0.0012382879045995665,0.004693382459259654,0.0029346364313203505,0.5605603139271125,-59.349999999998545
167.76791502255625,-0.0011363676554974273,-0.006216516426972133,-0.00982655192089726,-0.0010244798446117365,0.0003042300790678798,0.0029399371765354027,0.37952083572325523,-40.970000000001164
46.776219142904054,0.0003423307332136706,-0.006598567231875907,-0.009975048107748309,0.001100230931109003,-0.0011637563884157043,0.002718460480289456,0.6593421779556456,-13.780000000000655
-83.22221579885239,0.0016915855248635693,-0.007096421594516479,-0.010117491183587258,-0.0011970915897653311,-0.001122556999350821,0.0024014619614984166,0.4507583581930045,0.3999999999996362
8.739634900785001,0.002398924191809701,-0.0074784277105318115,-0.010285303178980564,-1.4941557166303632e-05,-0.00011311782608880439,0.0023912392137238466,0.4710491609504556,9.470000000001164
-93.1209352054205,0.002183735345146322,-0.007966020087801125,-0.010422716173193094,-0.0031014867071519348,-0.004309742918451764,0.0025997149276554125,-0.2551429598175835,-39.3700000000008
-26.351787261840578,0.0012973521696596647,-0.008293336539676127,-0.010562989189726627,-0.0032289008033710154,-0.006335220238552708,0.002723147421470256,-1.00585446607937,-18.93000000000029
-34.77129328899267,0.0006385744276608951,-0.008619512530997856,-0.010724615622560411,0.00020084893582295038,-0.006120793621994358,0.0025092413511358085,-0.8765001536919351,2.0100000000002183
74.18332466951317,-0.00019185740637058497,-0.008856148459344081,-0.01086401593602108,-0.0021831224127100146,-0.005205210777848079,0.0025998785978562752,-1.3337104609787578,8.730000000001382
187.68768466586,-0.0009032756996178057,-0.00867695044159077,-0.01097425767286597,0.002355784856252985,0.00036840205875532384,0.002195905753878992,-0.692577293208227,52.04999999999927
193.65208343226044,-0.0013542373078280654,-0.00892419416210262,-0.011196533275617197,0.003303660868528846,0.003471733772892893,0.002187818333225909,0.2110172374671128,28.899999999999636
138.7191379700994,-0.0021006244693745793,-0.009039872239075498,-0.011365933248207949,-0.0047802599982021965,0.0008598776154162824,0.0023621323817937813,-0.9850896716678607,-24.340000000000146
161.41751738429414,-0.002433086600606462,-0.009198331645199493,-0.011530749373223282,-6.129025667711563e-05,-0.0015535902751905306,0.0023674943968994074,-0.9212707431384767,-22.459999999999127
118.2457767840568,-0.0023366710543338636,-0.00927981570048769,-0.011670731658034185,-0.0003032440663093272,-0.005143033255285312,0.002368196089281475,-0.9222932829199775,-33.590000000000146
245.67347020083787,-0.002164546901426737,-0.00917294523961194,-0.01178943126800274,0.0013176832009913486,0.0009526871476484011,0.002383663873957875,-0.5459466446081098,56.92000000000007
176.75853153868948,-0.0016550101121528954,-0.008953719939685526,-0.011920858011372867,0.0016253315386292044,0.0026410192441694846,0.0024617757570031063,-0.16015240789088941,15.699999999998909
98.14382164173155,-0.0017049991982225408,-0.008722099556243347,-0.012035980982021586,-0.0005812955812956044,0.002362148823981114,0.002459027996040221,-0.36737017630258445,-2.600000000000364
153.9431250332627,-0.0021726935767824346,-0.008534733707373785,-0.012184024060865323,0.0006256318022703766,0.0016693755525643006,0.002325872914824931,-0.21947669580915685,-6.420000000000073
132.44465483463972,-0.002034253531119121,-0.00830464820923467,-0.012325109050083704,-0.001439233152553343,-0.00139532389532393,0.002161544560011977,-0.6076128742386868,-28.549999999999272
126.97304146392558,-0.0017062153336006465,-0.008048112247535877,-0.012508148507030468,0.0009075297041454267,9.228873927158432e-05,0.0021768867747174393,-0.3987337655464497,13.8700000000008
-27.03802466114333,-0.0017616422778897623,-0.007749855991456148,-0.012655910061570625,-0.0027308507807336513,-0.00326240480630946,0.002233333792858496,-1.2098297452139777,-31.280000000000655
32.670023595104,-0.0019635086938711607,-0.007733562420205,-0.012836217047313367,0.0004680444028883901,-0.0013586095570932155,0.002117315919398351,-0.9997922722342287,17.770000000000437
209.29346767142619,-0.0022584839578612525,-0.007898678826088728,-0.013010481053452594,-0.0006194654099549446,-0.0028821474251672363,0.001819653717971849,-1.0836414807495602,-14.210000000000946
172.603063033541,-0.002465064224075298,-0.008017476701387121,-0.013106861076655565,-0.0012450794074412297,-0.0013966014596529241,0.0012563683810286358,-1.3695769398888413,13.880000000001019
158.66552361429748,-0.002361341206046607,-0.008129249716833495,-0.013272454484152112,0.0027884896148155924,0.0009195189679016558,0.0015203277857663243,-0.4635929903876238,21.529999999998836
130.9791503499635,-0.0021274164841908498,-0.008259849232122295,-0.013488475163667172,-0.00018051142755526328,0.0013591489123578882,0.001518015843669028,-0.45915082502316823,4.079999999999927
114.49715616805942,-0.002277984295110685,-0.008466226905170331,-0.013693135155949223,-0.0020343442007217938,0.0005678261309922661,0.0015764485234285018,-1.1631669747428883,-7.359999999998763
225.15094161740325,-0.002115801309202917,-0.008625904555049519,-0.01391094842297906,-0.0012146952277984902,-0.0034264937052010946,0.0014879900461551457,-1.6208107336899433,-37.159999999999854
199.08802738947043,-0.0021908647915125272,-0.00873671603983265,-0.014077297328269267,-0.0011859838274932422,-0.0044287017702985265,0.0015034431961368291,-2.1558177833036902,-9.319999999999709
226.22198368466744,-0.0020531191652447276,-0.00883207058455829,-0.01426228518036501,0.0011636442141624848,-0.0012383860921704182,0.0015470731277548138,-1.4937557605229745,29.709999999999127
155.76477287096392,-0.0018569102936306535,-0.00868197445596108,-0.0143956122479681,7.76298737004133e-05,5.3908355795107e-05,0.001520055484165947,-1.3254260863972822,12.0
140.61471297793062,-0.0018411801944353426,-0.008567594648118102,-0.014561006059170932,0.0033270443641852943,0.00457253886010367,0.0018267867050999484,0.30707603584115317,41.86000000000058
176.3792270541998,-0.0019629008377675403,-0.008255434655434584,-0.014647817460317273,-0.00157526680678588,0.001824302031961933,0.001702624699534334,-0.46528174195943206,-25.44000000000051
173.66480480027175,-0.0015153704725132903,-0.007959339947694991,-0.01476033292049559,0.003476220713109379,0.005228828634574967,0.0019797784934949317,1.1894462888114161,31.579999999999927
203.37432072454723,-0.0005970917875872358,-0.007776845783046707,-0.014894727160136009,0.0020377520377521385,0.003937092482990012,0.0020240574968100997,2.1916693545251396,-11.860000000000582
273.40138879310723,0.0006944667473287391,-0.007322548026698539,-0.015007613216586717,0.0007481536979556669,0.006273340723441212,0.0019525699200780768,2.1700201791545166,21.649999999999636
116.75671052892973,0.001865993364329964,-0.006928795446387435,-0.015179602251559149,0.002339039934802223,0.005132990132990178,0.0019110409020576915,2.552746179162613,-10.429999999998472
141.58374973805692,0.002871569926171758,-0.0064129201871819365,-0.015268763575231523,-0.0015418497502097672,0.0015423311570159637,0.0019987842117602625,1.7615621047796879,-33.45000000000073
19.35788916079103,0.0036519884386760674,-0.006023402622180852,-0.015435418281190544,0.002630001250345959,0.003425672113018363,0.0019198718944554605,2.232842158350311,17.6200000000008
59.406231376498866,0.004530727313777906,-0.005697349424711288,-0.015558176895047283,-0.0018780603750578884,-0.0007959999402467055,0.001993094822530105,1.537231697665376,-39.4900000000016
6.6102555761394,0.0050643892867470895,-0.005377202353958793,-0.015697769764869772,0.0009194395796847665,0.0016671279766518055,0.0018923530245682258,1.6223088853988106,23.06000000000131
-19.76434471134697,0.005247842164143848,-0.005059229709406608,-0.015784097356400007,-0.0004267572530062269,-0.0013866949761351943,0.001933340256550287,1.3933765739507076,-28.610000000000582
-65.35112061677022,0.005549451134690905,-0.004734495328502566,-0.01593079508087162,0.0020759930878502253,0.0025693050275510387,0.0019473003432925674,1.7068939256265474,37.06999999999971
-138.70193763623462,0.005258242051504276,-0.004446227498161546,-0.016064282221187186,-0.0021899225219045304,-0.0005451823907155484,0.0020012934880381866,1.1069223076613912,-29.170000000000073
142.31782747273948,0.005114152574571236,-0.004070560695203146,-0.016174562286919433,-0.000993819319164313,-0.0011121772737995306,0.0019515483075884543,0.8104116680973279,-5.309999999999491
72.67617414646739,0.004533339558025449,-0.0037103257219586886,-0.01631190946982513,0.000538542665080799,-0.002644736197416786,0.0017295310081668358,0.8606519710975022,-14.409999999999854
136.81005435397037,0.004109594273009754,-0.003315784219596509,-0.016406720410755058,-0.0013477679062499082,-0.0018029654458309174,0.0017060276094414248,0.5023371804121143,7.940000000000509
-37.46569743142428,0.0034746664380074293,-0.0028510820841985965,-0.016471863692862517,-0.000491925471152399,-0.001301478107278986,0.001698940026627479,0.3337194061973798,4.709999999999127
-20.781079912870034,0.0029496050803069574,-0.002560489643269786,-0.01656930103487392,0.001003593893270427,-0.0008372821224245097,0.0015683268527664222,0.5210112498384986,4.3400000000019645
24.460715550615205,0.0020655444621336724,-0.0022378674444983268,-0.016629111790170622,-0.0017475809097895478,-0.0012372995002678522,0.0015860463780094306,0.07166305822599177,-3.7300000000013824
73.1173029838043,0.0015981054239877423,-0.00182105396307757,-0.01667833814918552,0.0011306887779138908,0.00038410469902339095,0.0013937636902632078,0.28507067291272453,15.159999999999854
31.046076797550565,0.0011789279758459557,-0.0012513235425127252,-0.016694821759001048,-0.00015080213903739814,-0.0007695769144028253,0.0013002210339869559,0.17793886359584724,-10.790000000000873
90.57100510374173,0.0009169779968924897,-0.0007981135668023625,-0.016801531213822083,0.002773680309009263,0.0037561138569335295,0.0015278333906280311,0.8808095892864792,42.280000000000655
44.23374527062833,0.0005252015224835967,-0.00042762791752794525,-0.016877028092674013,-0.0027212059924135445,-0.00010588235294117787,0.0017196105689186944,-0.038816962696939544,-36.06999999999971
110.94424840618736,0.00016704209542776563,-0.00011588112098177294,-0.01696801168746972,-0.000781900971332794,-0.0007370095383367747,0.0015707154710904638,-0.5000683541744223,-5.899999999999636
71.85632022932138,-0.00048321998819538377,0.00010726540840518902,-0.017011477548690427,-0.0014644015543209266,-0.004960253965002992,0.0015089266355337641,-1.2440994163672576,-39.61000000000058
44.55512043881149,-0.0005793423999878368,0.0003302940395916625,-0.01711190757053473,0.001659516167418218,-0.0005893672164218877,0.0015984599959966016,-0.7690473127297343,40.98999999999978
-35.07593196760931,-0.0011063286097280664,0.0003743134210610815,-0.01718762925010136,-0.001979986086584229,-0.0017876831840030194,0.0016661367427834263,-1.9304661215086365,-11.19000000000051
-32.916982153830745,-0.0015923111444175225,0.0001756176812535672,-0.017275157545982238,-0.001151742627345853,-0.001475125482149453,0.0016563239795770583,-2.250455818096868,2.9400000000005093
-66.32605752804457,-0.0024799780677450195,7.191730196409759e-05,-0.017324173725707943,-0.0008245421536440256,-0.003951410071172501,0.0016621108116974584,-2.2617597011031574,-23.159999999999854
-33.50030424577,-0.0029758649577562887,-2.212538604210185e-05,-0.0172754574562184,-0.00029441534914009804,-0.002269168900804308,0.001607012384541016,-2.06706994348339,15.760000000000218
-56.232672589917414,-0.0029514390215637444,0.0001265900384330608,-0.017147417111239193,0.002961142925931526,0.0018391155067605247,0.0018248714649719588,-0.7782443707520712,38.289999999999054
-36.325266779598316,-0.00225516610247177,0.00020216763013092715,-0.017089429264722008,0.0050721275179796965,0.007751504849257129,0.002342096286198137,1.3308761515731522,55.01000000000022
-140.87197421604014,-0.0016176189253567963,0.000354300112931751,-0.016997693392708003,0.0008327362369280333,0.008887728077868973,0.0023436939456427364,1.5617379065143218,10.550000000001091
73.62585839326866,-0.0007485439982082706,0.0005279597680777413,-0.016838475495788277,0.0002599469665571785,0.006170570515217966,0.0022152236552128784,1.5772799867093605,-25.110000000000582
-23.786929189473035,0.0006109693430510723,0.0007174359015117307,-0.016645728138211798,0.0028437624148336393,0.0039397700325845,0.0021453335840529737,2.2916222417577665,-20.6299999999992
-41.687044833396975,0.002088438458550109,0.000817998286428798,-0.016461646713944067,0.0002039153878587996,0.003308997041505224,0.0021063625951101,2.1457355027581455,-5.890000000001237
158.8056231282705,0.0035949246771741802,0.0010326455663462598,-0.016281476156816483,-0.0009599058782555625,0.002085425770878002,0.0020643631473752674,1.6767343770957737,-11.479999999999563
84.6539516730521,0.00473457881973637,0.0013063363523586943,-0.016125713511756148,0.0014359279591436014,0.0006786559002174286,0.0020560905848311796,1.8550604561140076,-13.19000000000051
52.78134609915233,0.005161855293238328,0.0015674411867564503,-0.015992388509187036,0.0004054315086083893,0.0008802676693293598,0.0018813260410730302,1.754622395767449,1.8999999999996362
7.224632497713099,0.005453666877976295,0.0019131696370372625,-0.01580489524910003,-0.0004148153806329269,0.001426362191836228,0.0018193160251821481,1.4911334013631758,5.130000000001019
335.63341160378565,0.005767968736393734,0.0023295392417934688,-0.015608200953503475,0.0011865883674009314,0.0011770249817979472,0.0017304302337813298,1.5912679016655829,-2.3299999999999272
418.0573799087053,0.005840849125541758,0.0027804442247712758,-0.015339186032318358,0.0018138161695722133,0.0025864959027699364,0.0016791831994942925,1.770740599877657,13.290000000000873
233.16690517651227,0.006197818572361786,0.0033327809893760225,-0.01516078360978313,0.0027205600692465914,0.0057312854954960635,0.001658904925176745,2.024529107557075,29.61999999999898
299.9601226054397,0.006662875602816232,0.0037854852356649367,-0.015020398205561187,0.0002596040299833735,0.0048000932880321034,0.0011690992170855345,1.8235661067271376,-8.719999999999345
355.97979005865136,0.006871141578332273,0.004284068838987612,-0.01491265508109571,-0.001034981531751522,0.001942803690057282,0.001293955429865245,1.4782625183899922,-26.920000000000073
347.7591810373055,0.007218702752683567,0.004875351476615995,-0.01467958166909301,0.0021935614693586736,0.0014162138546238712,0.0013497459865263507,1.6563409351892968,-4.940000000000509
400.0254671812993,0.008525935271940153,0.005661557121255938,-0.014549972191540748,0.008231298323706948,0.009397125895322267,0.0024812471479146257,2.4444283155918707,75.64999999999964
345.4370072938171,0.009740075779977611,0.006476457180451573,-0.014454611129988484,0.001305461196759783,0.011762009669835649,0.0024557725910527503,2.224325505161378,22.299999999999272
359.68766452066626,0.01077578361842488,0.007331778260837374,-0.01439642024294317,0.001043842425722863,0.01060131367769701,0.002344194407809302,2.0469229834232454,-10.769999999998618
309.6676157526775,0.011257524724414034,0.008398782101486207,-0.014116495608047317,-0.0013545373874216393,0.000992944865429779,0.0024950172999868765,1.687257778603678,-91.10000000000036
243.50487734144673,0.012908780027304521,0.009549114460402073,-0.014059031849132233,0.012853712018377372,0.012537591375356483,0.004119607183440609,2.5525234298145767,110.61000000000058
205.86407073265107,0.014496991951699838,0.010718131669425713,-0.013945976464658016,-0.0031020298759806275,0.008344117147150332,0.00435297207170286,1.9851224414946427,-40.090000000000146
260.7896605428827,0.015657519671697238,0.011937254511367842,-0.013727091007747275,-0.00041571828777842157,0.009292053879085271,0.004410292209816007,1.7622137843076486,8.969999999999345
263.5156876074825,0.01603424643227106,0.0131873160351288,-0.013665291526591808,0.004704122392015675,0.001171121947196374,0.004475092912608822,1.9618834339954112,-77.63000000000102
183.23538623303597,0.015868362598850584,0.014225818248383192,-0.01355695942611002,-0.004838613349589016,-0.0005729053020628871,0.004918114826742898,1.417805612579504,-16.899999999999636
237.42979153314303,0.015414474990938998,0.015028784256995959,-0.013484536630585993,-0.002015630448436334,-0.002172565872714527,0.005019561556392506,1.1427053916191283,-15.459999999999127
516.6887043797823,0.015246740282959238,0.01579691798168378,-0.01342238087045937,-0.0008045627833724867,-0.007643546902319498,0.005009562935954604,0.9885987931111608,-53.22999999999956
555.420325336947,0.01338518476625559,0.016518946743262215,-0.013407532611493585,0.0012399828581450834,-0.0015820836528024351,0.005004834864939191,1.0140351772894547,58.94000000000051
727.2008029937973,0.011860993249358633,0.017062279152856002,-0.01337140115974583,-0.0015068637956801023,-0.0010730959804001738,0.004567568237323983,0.806968133123064,4.93999999999869
573.4192206293595,0.010451475462019626,0.01759300980255217,-0.01329597584448033,-0.0003850688764706067,-0.0006537148122437442,0.0045696469918587775,0.7052749086454464,4.050000000001091
519.3429313559989,0.008407968984758395,0.018209607921245274,-0.01318456342354308,0.0003924854609054229,-0.0014996092932250127,0.004565838930487844,0.676928163926474,-8.170000000001892
603.260391150731,0.007220932952880885,0.018782465941883857,-0.013199566686315348,0.0020197805642307998,0.002027060689345994,0.004552028433708992,0.8047461207829751,34.00000000000182
581.7765943105495,0.006017010085068262,0.019217584076187042,-0.01318398016142884,-0.0039040124630083106,-0.001500374314837738,0.0026507514899097463,0.3462916789557344,-33.98000000000138
710.5652105428129,0.004765089717093193,0.01963934631274634,-0.013163682660535154,-0.00153798479277234,-0.0034271918926462863,0.0025597633967982874,0.10734687610283537,-18.56999999999789
543.387505684845,0.0033310653676887217,0.020088307105641006,-0.013114390524884304,0.0002135040810522515,-0.005223649469607516,0.0025700300459035154,0.05096756698797088,-17.410000000001673
561.3001667931084,0.0023603584344325354,0.020545622862759325,-0.01308931604888902,0.001984643482643156,0.0006572051311914962,0.002151916792719715,0.2282662166235762,56.75
414.4419905950886,0.0016053635731997622,0.020949705884962352,-0.013037755584199255,0.0008188884732096557,0.003019260151077452,0.001761966727846037,0.27194162507554587,22.670000000000073
314.70275058486084,0.0010378109389355124,0.0213623474187546,-0.012944146569352472,0.0013238940552484646,0.00413276494365733,0.0017281091103870084,0.40845749045461016,10.700000000000728
120.89277020298645,0.00023974329929117536,0.02184287938071532,-0.012789383433959724,0.00044278850989742935,0.0025876044394563813,0.0017135626074333058,0.4275471407977923,-14.789999999999054
466.6142049144401,0.00031603389648438636,0.022313178028704774,-0.0127391205512146,0.0034764762585899334,0.005249888896734056,0.001954481704807386,1.2219422083506202,25.659999999998035
333.8131684440937,0.000573389371964571,0.022410908044714496,-0.012677017089590889,-0.0012105887262374715,0.002705468904736108,0.0019316197588151642,0.8467986486184985,-24.469999999999345
244.9498507180484,0.0009701975290373934,0.02242805708516811,-0.01260183681475248,-0.001501625727026834,0.000756657027063401,0.0019936678228193467,0.3636413383551297,-18.790000000000873
280.6872545274508,0.0012020991577138891,0.02237812546452463,-0.012563952719664697,0.000651475919212885,-0.002060686440992998,0.00199722332733957,0.49471383801864044,-27.24999999999818
442.7996845159537,0.0012259200567129838,0.022294089607764384,-0.012568921250029324,-0.0013145242509023936,-0.0021645335032142166,0.0019573466863253954,-0.021627633451684062,-0.9800000000013824
403.0584779568666,0.000644502052478233,0.02164757028201831,-0.01248543251059332,-0.0035321223100991395,-0.004193682030036228,0.0018925894697081015,-1.2278487206545379,-19.55999999999949
483.18183136840787,0.0008414569903436836,0.02115036873944135,-0.01249100807507892,0.003274217822853087,-0.0015836394518745633,0.0020443867976378304,0.05603245295686186,25.18999999999869
417.8152092383846,0.00010273627664924305,0.020647874367071013,-0.012426961696589753,-0.003077962966994585,-0.0033466029751498816,0.0022771280767616853,-1.0494478301290264,-16.98999999999978
234.19334281280163,-0.00023793838506797518,0.020029617993834337,-0.012388784223671522,0.0023595353722325463,0.002546151597949242,0.002307534536610984,-0.025767850612315207,56.77000000000044
390.98834402675124,-0.00026959518296056973,0.01955682098062024,-0.012307070178354073,-0.0009222958007010229,-0.0016473166569734854,0.0023158671747584934,-0.4072770501909879,-40.36999999999898
320.8413596644788,-0.00042778435890835037,0.019205452103206847,-0.012199628799379447,0.0015659235106593172,0.0030032340921144485,0.0023294835089117637,0.36198604004260826,44.77000000000044
380.8393987622021,-0.0003832793396639326,0.018896685628761716,-0.012127163796737297,0.0009279246214171089,0.0015707039845460624,0.0023417109570280773,0.7721837074312029,-13.7400000000016
199.1244545641707,8.879959188662394e-05,0.018545407536121456,-0.012036083106180004,-0.00042986783894560787,0.0020643607023809185,0.0020802185795955525,0.5610537415265705,4.739999999999782
110.01643200103106,0.0001667917570309856,0.0182962617500011,-0.011883478591093715,0.000216580759752949,0.0007143464403982502,0.0020621164073183294,0.6246722084497897,-12.989999999999782
264.5739579761096,0.0008170204266926271,0.01808226314744813,-0.011803753446494293,0.001891822168716084,0.0016780383110648334,0.0020921568936838036,1.3941631066913158,9.31000000000131
319.05677734857005,0.001034685308771516,0.017699913616616384,-0.011916377091174914,-0.000808659063341155,0.0012984482869395908,0.002101777224458738,0.9468199930430434,-3.6700000000000728
311.4342820954175,0.00018692019446081033,0.016985674601520916,-0.011909700364323178,-0.011803351303129372,-0.010734484934319832,0.004014502498358667,-3.1436629662191855,-116.14000000000124
374.19524293844364,-0.0009796581119481615,0.016400016673292432,-0.011896468233930825,-0.0015636029265451157,-0.014146363154101227,0.003934883845920052,-2.853499703776253,-33.18999999999869
361.9134787034376,-0.0025230075506848387,0.01565345927952164,-0.012066681716115153,-0.0007992842105705167,-0.014137113441538562,0.0037315562415854505,-2.5514466116691112,0.1999999999989086
330.73295830859416,-0.005452467846235421,0.014640279707977835,-0.012150114401525672,-0.012806125608996966,-0.015137519558127588,0.005041926278356161,-3.5307444990482937,-7.93999999999869
186.85860228602402,-0.008736656309387579,0.013554547903803593,-0.012139038499233916,-0.003265659427132639,-0.016816436304286198,0.004873910525115941,-2.980736119828238,-15.780000000002474
323.12510477042645,-0.011735250963363916,0.012386725805059253,-0.01221943452380953,0.00405517426794022,-0.012039794623295852,0.005203964427182815,-2.134406641388923,45.63000000000102
292.0483687952226,-0.01525978021978035,0.011043272791327479,-0.012293718403822627,-0.0054424399812138535,-0.004670392772375798,0.005172607244858863,-2.2634549693010517,70.77000000000044
560.2078287340632,-0.01740261300458741,0.009539234637126828,-0.012386137761447959,-0.003972222222222266,-0.005375959783254558,0.005071051793255195,-2.214622881572158,-6.469999999999345
279.76770134113315,-0.019785928160533404,0.007910583713948465,-0.012352307412291277,-0.004471822903370448,-0.01382286249816711,0.005026544109749007,-2.1908067268690643,-79.70000000000073
339.40376699257513,-0.021320140674547603,0.006329140802972834,-0.012388975703331216,0.0040997163060965125,-0.004361111111111038,0.005381137677822454,-1.6879083956629028,89.27000000000044
283.8424475665021,-0.021272454315487868,0.004845476425387348,-0.012367664647856155,-0.0012651327691922676,-0.0016550786135526296,0.005199285628707221,-1.5924544379466847,25.389999999999418
261.4498539693527,-0.020506483608248176,0.0032910846368870428,-0.012341565364380882,0.0022885040811657653,0.005124376018868615,0.005400168424702389,-1.3148982575891268,62.9900000000016
411.1272538411786,-0.02066860506625831,0.0017928173628347552,-0.0123623092188707,-0.0026263065875272718,-0.0016085106200330879,0.004620023210236226,-1.3516889792536555,-62.55000000000109
347.37870213544346,-0.01998587490419815,0.000388849844833147,-0.01244336177551883,0.00048042871007569765,0.00013645071282075705,0.0046807865367977835,-1.2090249247387284,16.26000000000022
416.7074069802387,-0.019249788165105794,-0.0011238931448579613,-0.012441073505855806,-0.0029553125798987834,-0.005096106741675488,0.004672839097867272,-1.2726918776787732,-48.81000000000131
398.7603723798894,-0.017490236506153917,-0.002489481158627616,-0.01247362595413576,0.0015526093210431746,-0.000927539097976382,0.003348801591699287,-1.0827705618074892,38.909999999999854
497.72040368653967,-0.016533159399324864,-0.003925016907808763,-0.012495732299400058,-0.0005034661709462096,-0.0019100493518938721,0.0032699301603891133,-1.0252710371047082,-9.149999999999636
445.7939117295277,-0.015265543395262786,-0.005354659905512811,-0.012530550595591133,0.0001926620513881261,0.0012412254946854162,0.0029283390277155107,-0.9338030667375218,29.30000000000109
438.2877852290194,-0.014498291826097678,-0.007210319176698608,-0.012722522317945082,-0.0011202377788084306,-0.0014307906140135218,0.002584884284010019,-0.9265611874263081,-24.81999999999971
383.7780582502577,-0.01450284084281195,-0.009357886645165642,-0.012931569558109784,-0.010488824919793305,-0.011406885031342573,0.0037559732593647017,-1.4671375519907155,-92.68000000000029
471.79287877241137,-0.015268308460705347,-0.011469819092794636,-0.013067263897388092,-0.0074840226894141715,-0.01899454085854768,0.0040787615126990735,-1.7744732361631568,-70.53000000000065
486.4189688014376,-0.015695541031988575,-0.013217031565931674,-0.013035627158726554,-0.0015521886408311758,-0.01941876224109218,0.003682191383398044,-1.7363693098548392,-3.7399999999997817
256.26915390920874,-0.015277829293337798,-0.015214620841942087,-0.013161975959489093,0.00878816876711852,-0.0003157356095330188,0.004821324682857444,-1.1445942569046013,177.35000000000036
301.2451097085482,-0.015054579619410716,-0.016716074522922456,-0.013099773960689124,-0.0017817468961011107,0.005427723953945529,0.004701493656994233,-1.2598043194678992,52.3799999999992
284.17438186914075,-0.013758285796423655,-0.017610996658720384,-0.013079529313704166,0.009499609410799525,0.016556782512873403,0.0056375373487176925,-0.45386589754767315,101.21999999999935
269.81005687386,-0.012365017501941786,-0.01871427304777267,-0.01317450014044483,0.004955304986322906,0.012694402091047552,0.005848561381019593,0.07709676195295619,-34.13999999999942
379.4482886135417,-0.0099976289296482,-0.0197746463778061,-0.013246585091087114,-0.003452147429279462,0.010999777429617552,0.005872516402360682,-0.17493129861864676,-15.739999999999782
282.79187845963696,-0.006650614054090003,-0.0205015183370293,-0.013363959320990302,-0.0008223204977951815,0.00066250860558692,0.005851143187934231,-0.20580630795845153,-94.68999999999869
320.57465828572253,-0.0040589220150255255,-0.021088255512316762,-0.013446589871493601,-0.004254312635276092,-0.00850776894486871,0.005961327250754007,-0.6608838248674757,-85.23999999999978
275.4347854453793,-0.0029438322040776345,-0.021794222946146205,-0.013497964600791034,-0.0012506169023098757,-0.006317407078862858,0.005957852430836999,-0.7619041539217346,20.56999999999971
101.76877136060055,-0.0013537934967916638,-0.022194573877067053,-0.013552792295853511,0.0004887097194588019,-0.0050135870152200335,0.005966785561195791,-0.6315654666906786,12.119999999998981
243.34935849160001,-0.001171562524094474,-0.02242879664320986,-0.013587747759729787,0.0015978429120686588,0.0008341061560070973,0.005106204143986332,-0.35156607049837096,54.10999999999876
322.860156653707,-0.0017473504162472842,-0.022261017730000835,-0.013556973192346243,0.0011010995823190761,0.0031907314572672263,0.004462929382920126,-0.16322289908424004,21.69000000000051
214.77193616627383,-0.0015395032608897714,-0.02233513648745254,-0.013589664809828395,0.004492654780076322,0.007205489979831503,0.004476279263440056,0.5342833115770235,37.0
137.09689780755892,-0.0010104365217010276,-0.02248112259771199,-0.013663197334975972,0.00045911109195162503,0.006060382740480819,0.00386692054346591,0.6287491418090485,-10.459999999999127
166.1751164265355,-0.00020347830192795298,-0.022570643129928212,-0.01366233792827492,-0.0026855368811578018,0.0022549879293733976,0.003932558541618484,0.27832945024681377,-35.090000000000146
144.2268339333003,0.001101455710595136,-0.02258225082734572,-0.01364657129644334,0.002214270052375511,-1.832133465540231e-05,0.0029022237990885625,0.6603083851363512,-21.0
156.2366674633551,0.0022883744920558008,-0.022515752490779483,-0.01362321959714202,0.0005701272709441874,9.264186593660462e-05,0.0025026906540319936,0.7854898969172018,1.0300000000006548
233.66645511469042,0.0035058186230324086,-0.022696003857590533,-0.013755789643766952,0.002386922765383659,0.005179231659093286,0.0023613690026869387,1.1412686790699913,47.090000000000146
169.4144885735906,0.0038369334784141367,-0.022928757043461732,-0.013835339372969303,-0.0062367828344479515,-0.003296822914589548,0.0030300529652433363,0.16307743502274358,-78.53999999999905
135.10309226945438,0.0033577255204032225,-0.022762690249232918,-0.013755979449579918,-0.0021063922733899343,-0.0059629983886118065,0.0028179034076176294,-0.14141238518323618,-24.770000000002256
169.93391091351992,0.003430616340346241,-0.023008683356675403,-0.013820935591512028,0.006501556039078649,-0.0018826401664289172,0.003326367635186573,0.9583191339964272,37.840000000000146
132.60362010841956,0.0034505730331384973,-0.023145812624672413,-0.013811265320437608,-0.004685333356300503,-0.0003243930605836276,0.0036775608872966206,0.1939314927389622,14.520000000000437
36.726805205637504,0.0030166484525812848,-0.02285857701625137,-0.013801352873416741,-0.0007604077429628209,0.0010239950761550265,0.0036649366484144265,0.02272795340306731,12.450000000000728
-6.9540787351569335,0.0019910195025254,-0.022007224680917266,-0.013725918234520212,-0.0008497501085190651,-0.006287303952388745,0.0036599641915133975,-0.2468270176082298,-67.85000000000036
32.30724864557205,0.0007052137331615631,-0.021425537766040177,-0.01380431741238297,0.003751830954176416,0.00213628064345861,0.0035816311036426774,0.4630032343757875,78.14999999999964
-131.61416892112638,-0.00024922523882798793,-0.02126227746355087,-0.013859055618868434,-0.004945605890689486,-0.002061049944739324,0.003833173425173424,-0.9296992717178044,-38.79000000000087
444.22411663281594,-0.0009303182012720012,-0.021114200955991994,-0.01392757793300786,-0.0035849991918835977,-0.004792983003544915,0.00388671330185779,-2.0764002146615863,-25.19999999999891
231.62446829572534,-0.0030151394830304308,-0.02154135703446122,-0.014076393219301906,-0.003780786246777579,-0.012261475975170577,0.0038709882982959827,-2.5599508708971443,-69.36000000000058
225.16237590107855,-0.004616158037920519,-0.021241776663923587,-0.013878879650436717,-0.005393834025957389,-0.012706408633502364,0.00401109020616814,-2.9723188198872736,-3.539999999999054
232.33788899526454,-0.004165100894235558,-0.021315266610763186,-0.013986654781283145,0.01610774976021312,0.006806068417752442,0.006467466192245773,0.2389229802781515,179.65999999999985
331.8675758035266,-0.004191861096038935,-0.021387947295371166,-0.014080001408694304,-0.0036157449256307705,0.00697286363849936,0.006298098396984639,-0.4547812837777015,1.2899999999990541
206.48750623071606,-0.005012240103663354,-0.021118152797347953,-0.014083150106454152,-0.002213781877373755,0.010192455802844114,0.0063010048941466905,-0.8671212136671378,28.960000000000946
202.04442245230024,-0.00501188475637609,-0.021233948142999722,-0.014270909164837031,0.002511256607139023,-0.003324885061696925,0.0060085655911925225,-0.3781422035838466,-123.52000000000044
296.0569014309323,-0.005396678582088215,-0.021067226364870337,-0.01430691198163399,-0.007711259545504334,-0.00742159522517627,0.006253127841032045,-1.7398258418142083,-37.63999999999942
250.3325946725383,-0.0049283470456246495,-0.021155735362734896,-0.0144285024819987,0.0023385713395454033,-0.002893002414460666,0.006321850371614392,-1.2134347479562562,41.789999999999054
298.99572868481107,-0.003994604969750442,-0.021073066032271846,-0.014429435714794922,-0.0033256980802791603,-0.008698491704537736,0.006370407495592904,-1.6237519181892741,-53.57999999999993
268.59456286166267,-0.004990268400082481,-0.021320168022962518,-0.014478824854932088,0.002798355350636994,0.001800667132412892,0.006313870458655813,-1.0600853561636645,96.64999999999964
412.25449716264137,-0.005461130526039286,-0.021504664819866747,-0.014497684202903668,-0.0015376925662550223,-0.0020735165794066868,0.006190868824513761,-1.2110202201678406,-35.47999999999956
444.09505214859246,-0.0055326489388315865,-0.021283650910731092,-0.014431670326490651,0.0005027877394117031,0.0017597791958641196,0.006124841090073378,-1.0361433364681398,35.090000000000146
362.07742370018894,-0.0056076843717614636,-0.021169719114002773,-0.014403125339361375,0.004319616674987481,0.0032794649833898237,0.006149866871974184,-0.2665473039454096,13.969999999999345
450.7227279484165,-0.004384913973803136,-0.021149496889729943,-0.014430678719546574,0.0011921946061896893,0.006022522704691946,0.005873635198361544,0.00022869755985312874,25.05000000000109
408.3799069835141,-0.0035953348723403522,-0.021460739178783127,-0.014427511813143144,-0.0011038570896199085,0.004407014078629201,0.0034268102668194187,-0.11859142044275782,-14.760000000000218
265.8348113965851,-0.0027327367929014107,-0.021360608239780414,-0.014359802878668199,-0.0047542237106439345,-0.0046676159262405426,0.003535343873711467,-0.9804771381286395,-83.25
269.0019159466719,-0.0026690813758778282,-0.021181256870228742,-0.014284937836353716,-0.0015464109059672992,-0.007390192838183984,0.0035125159379091856,-1.1796780801317928,-25.110000000000582
361.9983471606325,-0.0024786140199074486,-0.02126027887849915,-0.014215984441852033,-0.00011821275449941382,-0.00641075144144021,0.0033855136144590424,-1.1514749479281707,9.079999999999927
323.3454085597662,-0.002084175556430334,-0.02108914140723268,-0.01415731338578179,0.00012260549819975708,-0.0015420394263743198,0.002579573333518276,-1.04183990342661,44.830000000001746
455.81841444674455,-0.002474178003759894,-0.020784639482208364,-0.014042981818707159,0.00023423535837463483,0.00023861463408225703,0.002468402586246264,-0.915549354639899,16.289999999999054
560.9576064311163,-0.0027344575821340537,-0.020587375144331826,-0.013996449487766354,0.003147210899242303,0.003505203618175967,0.0024466312678518842,-0.16822231775452537,29.840000000000146
476.0213668810446,-0.0029913475082373247,-0.02046218553353873,-0.013901554981338639,-0.0010668691318107548,0.002311705966762556,0.002335621222093236,-0.3424253033620898,-10.900000000001455
461.84922385773643,-0.0022753004835315786,-0.02008844920755603,-0.013807020333886236,0.0013017036811349136,0.0033813914042621906,0.0023150200192965644,0.058371280111960196,9.780000000000655
414.79543442321983,-0.0014127040664610585,-0.019609791616531563,-0.013704287436785267,0.0012454807697550585,0.001479217323860249,0.002334111169080499,0.40699232780607375,-17.340000000000146
492.9201447622652,-0.0006751700365365968,-0.019123748682896683,-0.013658623442823259,4.792730734592965e-05,0.0025968551625328296,0.0019509527249913568,0.38364164313949606,10.220000000001164
425.95432522851667,-0.0003989701178124116,-0.01843078653522766,-0.01359665906178691,-0.002833021639231492,-0.0015432182917718418,0.002050541732469665,-0.5076432007669187,-37.93000000000029
338.5214123994399,-0.0005166984404789356,-0.01835140261519581,-0.013514044556503246,-0.0014199890770071333,-0.004201264191656895,0.002061795137360648,-0.9244213168064301,-24.420000000000073
401.7771391439597,-0.0004863364246429877,-0.01801234169958042,-0.013389631618785909,-0.0004309779041785644,-0.004678134540753276,0.001562343483566366,-1.0159203965698962,-4.380000000001019
417.33577391508896,-0.00013321135176683617,-0.01765747261452562,-0.01330345619228921,0.00306848499572121,0.0012124522119061343,0.0017349869070315152,0.19235034303400142,54.05000000000109
386.77271212841,-5.8059604140434823e-05,-0.01751280065508602,-0.013239373161422777,-1.636464799636972e-05,0.0026197768540801025,0.0017331372512741686,0.32266013399427174,12.850000000000364
489.6915619971374,-0.0003037958072241995,-0.017006191908286644,-0.013253528628939307,-0.002362002847495548,0.0006828582872075994,0.001894948276782978,-0.7436842154357137,-17.710000000000946
505.18338199213673,-0.0008934034837365102,-0.01666566311651679,-0.013300220092201397,-0.0002526163839768891,-0.0026303444212915084,0.0018964710461307167,-0.7959540294453024,-30.350000000000364
438.5221400661781,-0.001174188970988542,-0.016130151457555104,-0.013326370968705417,-0.001838768145666303,-0.004447984115121817,0.0016874823162840134,-1.5411834929630108,-16.659999999999854
518.5159253748282,-0.001347491036930394,-0.01592013536094616,-0.013433506959757778,0.0003451986700535592,-0.0017464431394419444,0.0016844427698427162,-1.275659157502612,24.80000000000109
447.1457672623242,-0.0018328460064270336,-0.015555984645089954,-0.013511366213307847,-0.004636116354250985,-0.006123393265579979,0.002021688513792522,-2.583323847107897,-40.01000000000022
516.3972518600058,-0.002862059988690345,-0.01590067383347054,-0.013842936417629893,-0.0004468408025084525,-0.004737440795688386,0.0019260752364490257,-2.2907619445789322,12.75
446.1745357929305,-0.0054826824488080515,-0.01606936694436214,-0.013935038191849705,-0.014905389261116953,-0.019910542234998108,0.004446534935018418,-3.8587073507314673,-138.52000000000044
385.4323505274161,-0.007217130718627556,-0.01593069817356867,-0.013918742315517629,0.0029106094172299812,-0.01247962527005797,0.004669183360285519,-2.683148246208102,68.36000000000058
329.9525025502834,-0.007926330625996052,-0.016290944608727976,-0.014195475862514273,0.008625128446317687,-0.003516865871316277,0.005536983177695194,-1.2554096644463781,81.44999999999891
393.45549032818326,-0.00943031376747038,-0.01627167212610576,-0.014327375436987463,-0.008491703324084776,0.0029709676770341975,0.005957388185861148,-2.1594502530909585,58.52000000000044
450.0199386050613,-0.010898051213468773,-0.01623706799929765,-0.014494508974044008,0.0018755934364258486,0.0019358894057699416,0.005883722783621476,-1.6966203128935113,-9.210000000000946
450.5790425728338,-0.011904498879384478,-0.016267626628869054,-0.014688144943473548,-0.0011379323002583819,-0.007762422361964227,0.005865168128204598,-1.642743741755079,-87.61999999999898
384.02776864443246,-0.012977034649989694,-0.01622725979581538,-0.014841216607333063,-0.0011937958252781211,-0.0004591470563323208,0.0058627472407138505,-1.5972851496463714,66.13000000000102
529.6604011795312,-0.011797243854478143,-0.016252880099760354,-0.01502690340923429,0.0006711978093529858,-0.0016607359963692891,0.005887995629257886,-1.382463766239726,-10.81000000000131
726.2174752400579,-0.011118853147766719,-0.016410853272815013,-0.015208955461805082,-0.000769911287501146,-0.0012929076055485655,0.0058907953806814715,-1.33471559741412,3.319999999999709
420.8751330791291,-0.011618842512260554,-0.016504022381960207,-0.015391240400546805,-0.0007247871634618042,-0.0008239454835747839,0.005869550379877038,-1.2872183269687631,4.219999999999345
358.7068264726936,-0.01093113612709102,-0.016455104953258352,-0.015475686779202543,-1.5622123158087753e-05,-0.0015097392106570018,0.005797565064079611,-1.1833558379655318,-6.1599999999980355
388.8315934056284,-0.009972216243465813,-0.016482006647205442,-0.015598082750473717,0.004308425700579432,0.0035648377870576287,0.006007489215832236,-0.6804654384160914,45.52000000000044
357.6321292949327,-0.008742650228085052,-0.0162931775210671,-0.01564987266508818,0.0009355430816477828,0.005232295392031849,0.00402428007174471,-0.5200983252761102,14.920000000000073
417.2785542359618,-0.006845569060773495,-0.016004995132730182,-0.01572305030106789,0.004602299595716897,0.00987445196177883,0.004141174268622602,0.03890761628885393,41.599999999998545
423.260322407925,-0.005037223749623963,-0.01580895100358572,-0.015812581882169902,0.0014950276243095306,0.007045461616067339,0.0033380513784536064,0.25930980600418135,-25.079999999999927
452.9765630894286,-0.0031831106632155843,-0.01572830742227394,-0.01595443087991452,4.1926269345404776e-05,0.006146389981062317,0.0019582444173081442,0.3149049493558176,-8.040000000000873
415.8526633722003,-0.0015082894866368778,-0.015688690193665655,-0.016025332320888614,-0.0025309165691186353,-0.000997790055248693,0.0021502705235002945,0.08130288036959976,-64.39999999999964
468.905890194773,0.0004164512906698706,-0.015788191302507602,-0.016118554753942006,0.0011281975274777256,-0.001363707076602716,0.002094678797365636,0.32460103120860123,-3.3299999999999272
406.90193867091295,0.0017605997817529016,-0.015403580358430022,-0.01602540562037946,0.0003082474420432746,-0.0010977602381313512,0.0020171250037244975,0.4606426736505729,2.4099999999998545
356.94787795841364,0.0038111556747881825,-0.015069688943882685,-0.016082458600726567,0.00943785923507523,0.010888212216167092,0.003207490226337712,1.918772278583502,108.39000000000124
400.68321340254175,0.005317125021295402,-0.014849168506987578,-0.016190178212654907,0.0009956879054555667,0.010754410755736465,0.0031326192558065627,1.9938642260904795,-1.1000000000003638
429.81137122261276,0.006293961643835582,-0.014526626968406436,-0.016199870903049713,-0.002569817380097983,0.007846290462957706,0.0033013197865815174,1.6145731730703545,-26.299999999999272
477.7930590924275,0.007518532704170358,-0.014052840385708618,-0.01620958537104459,0.00265972602739728,0.0010788442579992008,0.0032790825831243726,1.852679010898684,-61.18000000000029
495.51882860042696,0.009043192981175539,-0.01370139054372902,-0.016332350567148008,0.0011749571277270832,0.0012581283728170245,0.003178693953190391,1.8391719904351846,1.6499999999996362
470.70438860369796,0.010048699448569735,-0.012817159490065297,-0.016426901796110165,-0.0037838345331123735,3.945205479460867e-05,0.0035244162232593093,1.2298224055674547,-11.149999999999636
462.3662867760757,0.010163799731979947,-0.0120114707403775,-0.016486434939450085,-0.0023626465147678077,-0.004969795404442201,0.0034646073542157823,0.8419671738000784,-45.830000000001746
547.7173444963202,0.008983364227539512,-0.011554601710664074,-0.01652070580235184,-0.0004822162174036304,-0.006616797779917527,0.0034599734913700842,0.7382463661454652,-15.139999999999418
483.55994666944554,0.008023704341731096,-0.010695352794313794,-0.01652131770798075,0.0002989204794596745,-0.0025456529934162475,0.003458791289894917,0.7111502903298365,37.3799999999992
452.2799269613356,0.007247047054074419,-0.009885579337972369,-0.01652482796445198,0.0015589757562242124,0.0013752498956480785,0.0033481753791542368,0.8456476518074518,35.75000000000182
411.1873509512736,0.00635307996565662,-0.009031028603060008,-0.016588973460052,0.00183078259648628,0.0036925470992075216,0.003362513286144465,1.0062943856952407,21.079999999999927
415.41476090132664,0.005268377675193893,-0.008227490359529481,-0.01670800534563509,9.197405893557331e-05,0.0034848985896709372,0.00336570685144977,0.9429974117726204,-1.8799999999991996
423.3800829045299,0.004442257859789252,-0.007484716283166962,-0.01682175033094549,-0.0024097176984514412,-0.0004914263650244166,0.0020696985928642503,0.5431811889747145,-36.20000000000073
437.2503293622199,0.0038138367924346285,-0.006686738578609213,-0.016917713186402557,-0.0015551194928795642,-0.003869480050936125,0.002061128156696979,0.24705883737131998,-30.860000000000582
443.84892327624095,0.0032811887256920984,-0.005978721437170996,-0.01702968062437138,0.0006441209672367609,-0.00331952024611748,0.0019691419294939564,0.2748770220384208,5.020000000000437
405.3237914369442,0.002663903094155878,-0.005415967626168589,-0.017172839348908283,-0.00015818039815329588,-0.0010700363483115982,0.001754103745892333,0.1574460929370633,20.56999999999971
428.1786811445427,0.0016202327639731875,-0.005017676406382517,-0.017287573966667663,-0.0020006394135853034,-0.00151577271982839,0.0017294396132394683,-0.3750345024277577,-4.040000000000873
426.3098115509293,0.000506030271633415,-0.0045624481682499845,-0.017405133875354976,0.0002664059851076317,-0.0018926724029032505,0.0014431202543540437,-0.45140311876151806,-3.4400000000005093
391.16376281575265,-0.0005643033356000097,-0.004187836161152697,-0.01746625782374667,0.00018929597305850088,-0.0015457988220287655,0.0013017067302662682,-0.46997389940533435,3.1600000000016735
382.5750947553675,-0.0007383419932596216,-0.003853184596125455,-0.017632233083527286,0.003549728103591443,0.004007098288396849,0.00167363562117219,0.45360977372305294,50.470000000001164
468.29213943754644,-0.0008201957294536431,-0.003498480523753734,-0.017789657915397106,-0.0018047691518243703,0.0019281775860362504,0.0017689075636348574,-0.11970797997256302,-18.88000000000102
412.0959155557697,-0.0011053107239194764,-0.0031041910914279833,-0.017958118779349632,-0.0010995384355139137,0.0006371024711653295,0.0017241298561991745,-0.5806170527435143,-11.730000000001382
419.26065324735976,-0.0015624210384473849,-0.002884847145635918,-0.0181795755270399,-0.0009061108600245671,-0.0038058042077656618,0.0016074760748736646,-1.0245026616782398,-40.5
412.69213658514064,-0.0020866013226638453,-0.002671180601849767,-0.018297666749326764,-0.0038049346381129334,-0.005801960056327937,0.001864863317511196,-2.377145740267337,-18.109999999998763
494.7629733498469,-0.002505306831415145,-0.0026195232847237133,-0.01828528809584583,0.0011899237653298922,-0.003523275722716823,0.0018644373682343966,-1.742877794154631,20.780000000000655
454.946323929789,-0.0018312660672355054,-0.002664430282629168,-0.01848222214141408,0.007117814731559147,0.004479630887220143,0.0028308276832802247,0.7693975913126918,72.73999999999978
454.23551344498406,-0.0017774932774252592,-0.0024424035568280495,-0.018551434247310396,-0.0013137897520015818,0.006991492652745679,0.0028632443341052934,0.3154532918609358,22.579999999999927
509.6897875748805,-0.001103626145800494,-0.002380754994145891,-0.018758924383748092,0.004452353888623195,0.010272827493966519,0.0031227230087925223,1.894847633693656,29.80999999999949
551.582991700533,-0.00034719792976694084,-0.0022457341884046236,-0.018871789325097633,-0.0016646895747176593,0.0014628101075246924,0.0030998220527924543,1.416885596678155,-79.73999999999978
542.5487949304826,0.0008106663971621796,-0.0018312764320387832,-0.019017901866067048,0.002192651335613416,0.00497899998683371,0.003135486702026411,2.0144525798087547,32.029999999998836
562.3052425858524,0.0027612210857650135,-0.0012867563688056742,-0.01916518784233083,0.004052552168967161,0.004578988646467552,0.0032762727716417047,2.6955909470931627,-3.459999999999127
624.4315635027542,0.004682956644450229,-0.000816475029155348,-0.019430624205692158,0.002332338057450478,0.008601014046535793,0.0032081746429903956,2.6579008522838925,36.68999999999869
476.5120520401905,0.005238162118998504,-0.0003011394272504756,-0.019623949043900316,-0.003629764065335661,0.002741368129384858,0.0033861290862189754,1.6011492603485271,-53.49999999999818
454.0483911898035,0.006123248544543243,8.456396300417056e-05,-0.019889527735026263,0.0015362387953099521,0.00022834078884126363,0.0033409127164470273,1.7316620370714424,-23.010000000002037
505.7625600198358,0.006152677130519962,0.00040188212490363675,-0.02002350060323177,-0.003052545527281625,-0.005145239378926303,0.003503573080265143,1.0311935183464584,-49.529999999998836
501.439069434663,0.006693336516308431,0.0006568544932680439,-0.02022957799783548,0.002285514895101981,0.000761042464862971,0.0032069556614032426,1.3815409729583734,54.42000000000007
520.5958050234428,0.0068171390351613554,0.0010389679005940327,-0.020448533861319024,-0.0012815826348817616,-0.002054597951054893,0.0032923032175111297,1.0457269146802253,-25.889999999999418
467.8064657017326,0.00614395960585544,0.001421470798829761,-0.020648410808023817,-0.0011873664212775914,-0.00018755179482699003,0.002734667590513982,0.7547644653924825,17.18000000000029
497.75327259592575,0.0050230216134597855,0.0016950374080401203,-0.020907943533999607,-0.0004460643815955567,-0.002912391098114031,0.0026966270586467078,0.6165525227757891,-25.05000000000109
463.43205457141477,0.004183552791878082,0.0019605992341131745,-0.021114803336074368,-0.002664487358960521,-0.004293037675463296,0.0025167641025844443,0.07750072746152616,-12.639999999999418
509.2563998237943,0.0030972905662867882,0.0023156468607740165,-0.021359524730031748,-6.56414206117173e-05,-0.0031748005252435485,0.002469857691406615,0.01637607092068052,10.299999999999272
452.94495699788905,0.0022664959580835035,0.0026392401110490126,-0.021518608187156552,-0.0010284497651523727,-0.0037555960235635677,0.002384154148092223,-0.2330353682664583,-5.309999999999491
483.50275810015086,0.0012339307515018666,0.0029934832797244683,-0.0216278433517924,0.0011686017411838279,7.329958634971767e-05,0.002028473167416077,-0.04668126833309817,35.090000000000146
465.8479664678973,0.000669065880713514,0.0030917700591335732,-0.021896439906815376,0.0026757857796098072,0.002815107708231235,0.0020740229885034913,0.4720279081212423,25.06000000000131
513.2287042686727,9.639925577312016e-05,0.003218585239976438,-0.022094171561888105,-0.003131239294325683,0.0007042276659616764,0.0020090430657794217,-0.22387757744639175,-19.30000000000109
511.32683947153464,-0.0004073678290214058,0.0034371168410875187,-0.02242663643955747,0.0007661157929299556,0.0003019284035863379,0.0019519211772377207,-0.11273229473022744,-3.6700000000000728
533.1504264127132,-0.0010302847514203652,0.003746762254501066,-0.022561132511853262,-0.00439851268591418,-0.006755621501903897,0.0021415918245896656,-1.1377083480562906,-64.68000000000029
545.7354187010411,-0.001255281680235273,0.004317290872221998,-0.022667428892103793,0.004062048951094965,0.0004115136259166263,0.0024050675110349963,-0.36104762746702646,65.68000000000029
601.2220385480505,-0.0010087324308695532,0.004822128001467085,-0.022960355962325207,0.004622153956563846,0.004266185476815343,0.002794267632403459,0.8643155043629294,35.25
634.8948781245209,-0.0011417380547952556,0.004985254980250103,-0.023155237321590586,-0.0024490880441162544,0.0062325759190138275,0.002867073333518793,0.032361956622453836,17.729999999999563
756.6587645405285,-0.0012512654200555547,0.005136565084773301,-0.023471919693461532,0.0011604144742873856,0.003324668845916534,0.002885570608895383,0.3490957951529329,-26.350000000000364
293.48547464750976,-0.0013598541628520114,0.005026954885162846,-0.023741557578635344,-0.0037661580063568234,-0.005052809481858267,0.002995554085651689,-0.9211207068793035,-76.78999999999905
400.7580864132762,-0.0015243722692767105,0.0050518466029074545,-0.023920921471202592,-0.001234593574640952,-0.003841484981201959,0.0030156865947108752,-1.2893983044584902,11.209999999999127
360.5510265567684,-0.000933286725460051,0.005020470762672729,-0.024082672564438582,0.001841029310720721,-0.0031642705658505577,0.0030514709080999144,-0.6429844758621635,6.170000000000073
380.41562507398817,-0.0006781002309182656,0.004813243804755195,-0.02434123207796016,0.0015171519109880016,0.002122231330876412,0.003064099105034206,-0.0830607466036644,48.409999999999854
247.00927998455296,-0.0010307488443489076,0.004565818237268634,-0.02453448755095655,-0.001052861511577019,0.002304574190741704,0.002971082201767319,-0.37985442134313224,1.640000000001237
277.78800202622966,-0.0008752256762169613,0.004390824915824915,-0.024873118212197072,0.0006013321146336459,0.0010643033953796621,0.0028248938017243963,-0.08808544072247491,-11.299999999999272
284.0429276785913,-0.0013954260651628334,0.00414901953675972,-0.025093070066941146,-0.003481259547239657,-0.003931847968545177,0.002999858498716476,-1.4349610808898117,-45.73000000000138
283.3209169528341,-0.0012196027778599893,0.0039653484674224086,-0.025369330034307604,0.000865131578947409,-0.0020193825740514315,0.0027026129406358284,-0.9791141813793259,17.529999999998836
254.28531675663916,-0.0010730218806107186,0.0037063221469813123,-0.02558875708315245,-0.0007844091022131128,-0.0034014943410412,0.0024247216716384674,-1.2551208909316593,-12.659999999999854
336.8457014059224,-0.0009560150429453521,0.003545361957692767,-0.025787470767596847,0.0013551546860832708,0.0014353070175439075,0.0019789339252943455,-0.5739815387115689,44.220000000001164
334.3806371706614,-0.0009423894244096462,0.0034339747766813722,-0.026039379316941037,0.00160515225405633,0.0021757492695464453,0.0019529594877746893,0.26642128610754956,6.770000000000437
386.32028623574064,-0.0008480462269633792,0.003306748421750389,-0.02633461205357689,-0.00019895602743835727,0.002762936738616384,0.001911265947858047,0.21666204997504834,5.3400000000001455
316.7373567785789,-0.0009955030255105952,0.0033504941018044038,-0.026546981275317898,-0.0013306465280185087,7.335961870524876e-05,0.0016063558042309352,-0.46506330788755756,-24.530000000000655
336.62920476221575,-0.0006070571874025365,0.0033841754638019948,-0.026731794672224665,0.0013860666363030294,-0.00014539094312804313,0.0016050734156961963,0.24429298626307627,-2.0
334.1407362444365,-0.00037101466301877673,0.0035733272029330318,-0.02677422013837901,-0.00024381123980743435,-0.0001902485586484648,0.0015211792703578413,0.08509697083836658,-0.4099999999998545
349.7550209203826,0.0003331541579529563,0.0037287835323830767,-0.026925773437399457,0.0038745914072213505,0.005020933328662158,0.001849026831659298,1.8709978087452985,47.600000000000364
328.91572554322306,0.0008400232678933286,0.0036819267263979998,-0.02709611566983192,-0.0004902163706123064,0.0031378397230830135,0.001820837143124744,1.565739130192123,-17.159999999999854
371.7852067333681,0.0008578041633539709,0.003741804703133581,-0.027112632623880948,-0.0036010428201485034,-0.0002307476113247997,0.002128083090435502,-0.1466940499940289,-30.81000000000131
198.68685286327852,0.0008665618035417339,0.0038020867705973673,-0.027139504845036837,0.0008936697119255044,-0.003199478845529624,0.001850356413869235,0.26140569186376234,-27.26000000000022
277.87872024774623,0.001260459823864268,0.004184362120434024,-0.02699921880085916,0.0016119778148138142,-0.001102982849270684,0.001884167547931862,0.9779193600321819,19.25
367.13459692908566,0.0018515535632911417,0.00449548145882092,-0.026944127246896137,0.005630114566284927,0.008151317862018281,0.002380713691703777,2.922561562102464,84.64000000000124
293.5919609987365,0.0027917669721153567,0.004669877777703559,-0.02685040566937877,0.0014690883840027258,0.008730908991557484,0.00238303160872122,2.861073578309764,5.369999999998981
344.5402842944127,0.00352848606895155,0.004995931196977049,-0.026747296713363657,0.001601275820301895,0.008720130932896808,0.0023829252001842734,2.691028220114396,0.030000000000654836
316.7471312868135,0.004521536486145238,0.005276330599419904,-0.02672300124992133,0.002843723904587536,0.005925178482303561,0.0024188817115203725,2.7424209053411803,-25.31000000000131
339.2272427358924,0.0060382036588138305,0.005670559370431653,-0.02671749898544135,-0.00042712871351191506,0.004020524065723841,0.002348112345585599,2.2269663003990954,-17.49999999999818
305.28174745492794,0.0072195008786671636,0.006073585533957077,-0.026726319554026517,-0.000610752920229829,0.0018031524339854332,0.0024047535600682677,1.851274925828806,-20.44000000000051
334.8095364405994,0.007961035772573476,0.006309247992751599,-0.026734649586075656,-0.001684376008871058,-0.002720249028983157,0.00250870336878909,1.3882881910805753,-41.88999999999942
315.81532742265324,0.007809147221437609,0.0064810933550803074,-0.026669109755913314,-0.001648282120140676,-0.0039386009873478844,0.0024237353142906046,1.0041535823305632,-11.280000000000655
328.8918525826445,0.007538453518319168,0.006568220181711954,-0.026609926292513828,0.0004593342902796671,-0.002872077040767307,0.0024051196155072236,1.0007135595993186,9.899999999999636
336.66617721505264,0.0070777054729039965,0.006660414647869979,-0.026575714470717993,0.0008013002721172224,-0.0003893579811355963,0.002020200940831398,1.0515098901534825,23.0
297.27054403302446,0.006220573027744318,0.006950350996603559,-0.02656419919994732,-0.0002055745321285496,0.0010551688649351743,0.00204585010911909,0.9366588917054675,13.340000000000146
312.65596963737033,0.005185617129250716,0.007169151465350455,-0.026442981216275484,-0.0010205086526796636,-0.00042555541478661585,0.002093791283031533,0.6900871705750818,-13.670000000000073
282.48388395157764,0.004499540610821664,0.007423274291850797,-0.026364894222867443,0.002373508567813376,0.0011447255525898203,0.001513200390141172,1.0393582831705268,14.510000000000218
279.5769647877729,0.003901531484078977,0.0075976475331762635,-0.026210575403569452,-0.0013552405335799378,-6.493162159060262e-06,0.001539225207311041,0.7199021530869845,-10.639999999999418
245.16390379376676,0.003562782811902057,0.007688532981104622,-0.026051413047496655,-0.00023916635914145168,0.0007756422339362246,0.0014652950697266976,0.6109433474545392,7.219999999999345
327.426061919348,0.00319177361541024,0.007669357461294075,-0.026106443064993667,-0.0002933465537732216,-0.0018869616998649086,0.0011451200027176819,0.4917656769536537,-24.61999999999898
238.68527971632219,0.002143284872824056,0.007727906087989233,-0.025904136730079828,-0.005501591141149675,-0.0060311046130969714,0.0018855239467161144,-0.7295391275072565,-38.27000000000044
267.1582928981946,0.0013962492929386677,0.007701653204526195,-0.02591525951758496,0.0033762670528159067,-0.002436616577652484,0.0022307593926358,-0.06753999525773922,33.219999999999345
283.4563734282963,0.0006340451261259692,0.0077206395620953916,-0.025826450115098543,-0.0021864837326694975,-0.004325695061777934,0.002261305613490319,-0.6808545547111646,-17.44000000000051
303.3621215479966,-0.00023667091020283126,0.007603190635460877,-0.02584367899304782,0.0023728843050341286,0.003558091173364142,0.0023637510758790043,-0.13237446451025772,72.6299999999992
291.07061491604736,-0.0009590510798946611,0.007506444287567241,-0.025796414410951568,-0.001938728792780453,-0.0017578678148508775,0.002411374138275365,-0.6829074334751896,-48.87999999999738
273.07778988539616,-0.0016340750597905929,0.0075817835645991686,-0.025762573133034254,0.0003076250800313485,0.0007373123550931115,0.0023946946221344956,-0.7671246697917387,22.979999999999563
293.2257128869819,-0.0025024187991227577,0.007724100887139277,-0.025584612849623437,-0.0008682574214818883,-0.0024985408000970377,0.002398467949645819,-1.2398340439960673,-29.80999999999949
318.9857470869042,-0.0020985738112255462,0.007864162553280218,-0.02549717364237635,0.004247173535921522,0.003683891859457722,0.0027357875687234034,0.13335249304787677,56.919999999998254
169.074595844586,-0.001982442960635829,0.007411955599955535,-0.025917779958137023,0.0013234561483312923,0.0047031515897044684,0.00266982369506173,0.6083875406264141,9.390000000001237
156.87098995365776,-0.003001795918367102,0.006684202996209191,-0.02606979544939577,-0.015750160616594733,-0.010261736827508194,0.00527048622704024,-3.554611704421079,-137.63000000000102
126.54269344703849,-0.0047429364220036374,0.005815185659590557,-0.026196703793735145,-0.0043725274725275876,-0.018756904282279607,0.005332229499284723,-3.2441854116071207,-78.84000000000015
130.00413766844252,-0.006335023885907658,0.004913232289722538,-0.02627125585167159,-0.0019337300128803303,-0.021948771418250024,0.005316494911553712,-2.807435321668599,-29.73999999999978
76.94421540938487,-0.007842542771836181,0.004066953763498303,-0.026289900289483897,3.428183427711673e-05,-0.006263736263736219,0.005199664739095361,-2.3435960027895795,145.9300000000003
67.46361321643326,-0.00912108754565112,0.003196091035020812,-0.02634119754136076,0.0010759703638172358,-0.0008255879278735723,0.005052629040011048,-1.9240683535168284,49.52000000000044
93.92710713774656,-0.011171609231682061,0.0024957928468666546,-0.026287453013166623,-0.0010726046176124937,3.649356552082317e-05,0.005048580771723597,-1.8150420340544,7.809999999999491
97.77033252796319,-0.013140746978610424,0.002064199084069079,-0.026127547485937656,0.0028762515177451764,0.0028784695344465927,0.0050845710799099905,-1.3426642865512497,25.700000000000728
58.90300745999091,-0.012170024570178186,0.0015052898212896972,-0.026182389063317484,0.006479193474936196,0.008291421482801375,0.005553421637499043,-0.5496158154773368,49.030000000000655
175.60048755321785,-0.010989180533751905,0.0008177535088043509,-0.026215054881754723,-0.0030445485709027498,0.0063009923675940716,0.005585759086823065,-0.828999651860791,-18.080000000001746
205.51941597102902,-0.009718569828400879,0.00016614551182031077,-0.026190969911859253,-0.0022648351648352216,0.001142349292041045,0.005599181342547992,-1.0033970412141848,-46.6200000000008
291.00891618059387,-0.008302200860630908,-0.0004031924908450257,-0.02613613664755962,0.0012060281582795263,-0.004102855127035232,0.005403856939510377,-0.7942123634430237,-47.80999999999949
261.8270985111001,-0.006958694915475053,-0.001063658057349066,-0.026122004247831166,0.00121337595733495,0.00015054945054959745,0.005399114162112169,-0.590920225621965,38.82000000000153
270.7625111256224,-0.005414257765272275,-0.0016585769256334405,-0.026097318538049575,-0.0003482992120966699,0.0020717250828525824,0.0029055650022310436,-0.5707310636669471,17.44000000000051
245.71250395597266,-0.004358975567112948,-0.0022454637635285625,-0.02609534726039946,-0.0002615902046559926,0.0006028377376423588,0.0025674583516448286,-0.5411112844342538,-13.330000000001746
227.66394257437707,-0.004244523678630448,-0.0028277429071299934,-0.026042657147169024,-9.015130026757134e-05,-0.000699894631247866,0.0024731144066972967,-0.4908601689711884,-11.850000000000364
333.4431242451274,-0.0036498203084429966,-0.003228360104607606,-0.026005538276263465,0.0005189664650906423,0.00016706601305727098,0.0024690638868193346,-0.3748478268856571,7.889999999999418
296.12912988651794,-0.003036356269413585,-0.0036752366655966083,-0.025853183810927025,-0.0007483746752646736,-0.0003199271753399069,0.0024880784928535695,-0.4155531552497417,-4.429999999998472
236.88221346023462,-0.002200670073613375,-0.004107273426965308,-0.025796417905572976,0.002428265538754859,0.0021979109400769303,0.0025084625518683084,-0.025782642307723314,22.899999999999636
293.7721132440386,-0.0018311825493568835,-0.004803225621069424,-0.02591229301000936,-0.001887001521669096,-0.0002120944380704648,0.002503381594775037,-0.2329914309060657,-21.919999999998254
259.7124196449468,-0.001778310965777876,-0.005317357611175643,-0.025821423024430957,-0.0044582255690669426,-0.003923936341611256,0.001970191004046758,-0.8455345042889398,-33.75000000000182
300.548193402892,-0.0015161604893570635,-0.005753778161775819,-0.02569264352203043,0.0023230060404781927,-0.00402852882998217,0.0019850644313682254,-0.41449391828730525,-1.0399999999990541
275.44885784472297,-0.0009433651376710852,-0.006155150056775015,-0.025673555006279148,0.002787976123204139,0.0006364182949925024,0.002041744484190889,0.1368298748893285,42.5099999999984
262.0672227387712,-0.0005443866660848019,-0.006757738057812866,-0.025613173194877912,-0.000584385483513028,0.004530082596997165,0.002028808453056848,0.17602618201385392,35.2400000000016
258.70680466526613,9.275175099403637e-05,-0.007387884023063295,-0.02552477162093857,-0.0003989773868851021,0.00180210546723103,0.0019997064690517484,0.4121307950926861,-24.67000000000189
335.541358265326,0.0005326582332513118,-0.007427361610475102,-0.025467222865352503,0.0009346174610731506,-4.943110292876529e-05,0.0020171045474864785,0.7611329519336874,-16.80999999999949
436.5055004097065,0.0005101760327215712,-0.007314956312603903,-0.025389406240675847,-0.0009040846390196977,-0.0003693013829018099,0.002034492697526992,0.3636923848168301,-2.9099999999998545
381.6914787233144,0.0009728293471947244,-0.007162774137659037,-0.025348478716156808,0.0002308986354990772,0.0002605933391464088,0.0020354038417979845,0.3876582535673504,5.730000000001382
308.12965745205224,0.0008974709335510477,-0.006968840674600378,-0.0253107354325847,-0.0012817412333736566,-0.00195427287097949,0.002061502359449993,-0.26552726499999546,-20.159999999999854
330.67304062069655,0.0003186180917730969,-0.00683261004352851,-0.02528019189125515,-0.001030231119583891,-0.0020802867541149794,0.002070775283684007,-0.8697450183286435,-1.1300000000010186
410.3394756007733,-0.0001593978764268804,-0.006550240155812569,-0.025206178998280617,-0.0002412962567126531,-0.0025513905683191007,0.001904980785947262,-1.2611978238746324,-4.289999999999054
333.5099893059518,-0.00046304838721075237,-0.006387303174150856,-0.02514232746048317,0.001549517897152075,0.00027626924253798535,0.001915424498258394,-0.3968798497853173,25.719999999999345
353.5190148761211,-0.0007216834630700965,-0.006534279298896568,-0.025123396288701628,0.0006217092051474804,0.001930370053702335,0.00133573366679382,0.12024326595512926,15.010000000000218
295.8259571975851,-0.0007909421332339132,-0.0065801561055869925,-0.025084490808649187,-0.001911255292241676,0.00025678354910141366,0.0013217163453467416,-1.2011890135243941,-15.19000000000051
294.34298461165434,-0.0012281120134961167,-0.0064923420632787224,-0.02501035851484581,-0.002053741025901057,-0.0033418245239523747,0.0011088247645015237,-2.3286955793911495,-32.70000000000073
343.79398611974295,-0.0015555513502260752,-0.006406183420104084,-0.02487604887770102,0.0001457359000516245,-0.003815912464947613,0.001119112982245919,-1.9478889510747988,-4.329999999999927
340.2613955581467,-0.0014431214600375874,-0.006313956793735326,-0.024759648065296812,0.002340265818872256,0.0004274954495973038,0.0013634777000732373,-0.5191975897907855,38.57999999999993
380.6080696135929,-0.0010959203669659323,-0.0062842681948222364,-0.024730586421097354,0.0014944933920704173,0.003984551994594465,0.0014120561451347758,0.38472177003293,32.210000000000946
325.9135668106095,-0.0010883422209636067,-0.006207042293227627,-0.024664068929620458,-0.0009875109555432804,0.002846955446637711,0.0014166445693503849,-0.1776118434439574,-10.299999999999272
342.97559003290155,-0.0011573678696261292,-0.006152313388332969,-0.0246173343664958,0.0002080446118095658,0.0007136563876650737,0.0014161839552987773,-0.028885337244210836,-19.31000000000131
271.9492190611009,-0.0009906972918489205,-0.006142480754683454,-0.024579178728760222,-0.0003246581734619447,-0.0011040768367097664,0.0013694842957278418,-0.18363624605146345,-16.519999999998618
327.8034043689867,-0.0005498993077405795,-0.0061216661004446825,-0.024548398072834172,-0.0003886154391520291,-0.0005052512001092468,0.001338448983266103,-0.3869972001586847,5.449999999998909
321.28196017686946,-0.00020772466659591562,-0.0062286380144483955,-0.024494520309280912,-0.0004680616740088128,-0.0011808753224570312,0.0013443343802094082,-0.6177641145532664,-6.139999999999418
346.836366112603,-0.00011926435073387939,-0.00627615649326796,-0.024443171365569415,-0.00017078478362664296,-0.0010271337244440737,0.001255022714617777,-0.6691276658166895,1.3999999999996362
332.0749464135106,-0.0003680012600408715,-0.006195601816775437,-0.024410338750750885,-0.0004628507196227094,-0.0011013215859030367,0.0012352940123426161,-1.0960057636679952,-0.6700000000000728
322.5470734107087,-0.0007782069505810237,-0.006183787071238108,-0.024352969798797988,-0.0011973539140022194,-0.0018301517780899834,0.0011611359593597626,-1.772490021883603,-6.610000000000582
339.303298052013,-0.0011112178033249674,-0.006223487521652728,-0.02427390430192901,0.0001313590473268622,-0.0015285094002778221,0.00099596156133411,-1.5491329330814922,2.7399999999997817
353.7399279732774,-0.0011888106159894283,-0.0062633490723708815,-0.024197597679687242,0.0009348445365675584,-0.0001323042998898627,0.0010300063535707783,-0.842026850979713,12.670000000000073
370.0715321122738,-0.0011946831168774894,-0.0062998755349949545,-0.024138211252749366,0.0003903493295696059,0.0014570919535408233,0.0007621256153181898,-0.5118467301955871,14.400000000001455
380.0141196466879,-0.0012019458449142,-0.006418902106665993,-0.024061069198214973,-0.0004982176593911758,0.0008266807058903147,0.0005872714507017766,-0.8096556462563913,-5.710000000000946
354.26781554156173,-0.0011562192713821912,-0.006423792752953463,-0.02395754675378716,-9.153247417792443e-05,-0.00019958539167252987,0.0005379410873435765,-0.8112003862066866,-9.299999999999272
369.52492812249574,-0.0009774486624286635,-0.00604473542375403,-0.023575626213173804,0.0009926116605400992,0.00040232178247290307,0.000627204001254235,0.06104989785170232,5.459999999999127
376.6177723491775,0.000385441088287957,-0.0058093483743308985,-0.023507248687961096,0.009808296395214189,0.010718121885965992,0.002920385651585,4.098827452428185,93.54000000000087
278.7299921589076,0.0013642005467296746,-0.005497464755754481,-0.023271039047818853,-0.0030070889175243254,0.007771046400183668,0.003105045337887944,2.3208454322551333,-26.729999999999563
254.01280881037545,0.0021841563580156068,-0.005249156633885348,-0.0230773622151351,0.00015649880437096364,0.006929271627668099,0.0030919996216495138,2.045685934757847,-7.570000000001528
259.07222328493856,0.0028424409647673154,-0.00509630822449458,-0.022930977030707567,-0.0009694842256380287,-0.003817780886218314,0.003118167006439516,1.5576148381053656,-97.8799999999992
304.5899772821539,0.0035551205854558554,-0.004938251089234505,-0.02271092935989745,-0.000763415633262654,-0.0015759320160440016,0.003127933078838948,1.2273375503543191,20.589999999998327
299.7726579053376,0.00432424274589408,-0.00461812520159546,-0.022450891983220166,0.00021155205769995966,-0.0015209741237437457,0.003084962919240488,1.1875841102882323,0.500000000001819
269.6605401353415,0.0050798712710739945,-0.004268868620018673,-0.022252249434660643,0.002074525094849511,0.0015213548272621225,0.003108578793722878,1.6282992486384622,27.789999999999054
243.33981810369022,0.00428114653261245,-0.003938230507714481,-0.022043177626437444,-0.0009230187086268771,0.0013613868169088938,0.003145661592254712,1.24695660890836,-1.4699999999993452
265.4928351297484,0.003846635454452325,-0.003767396559104229,-0.021853567602529083,-0.0006852411534382652,0.00046356265986324807,0.0031678928966147077,0.9701083651737503,-8.19000000000051
253.02497257754018,0.003377487769587174,-0.003614995491439733,-0.02161699981108956,-0.0010274711612504595,-0.002633446742148604,0.003187066664800338,0.640679181236013,-28.30999999999949
253.8520661884721,0.0031868424425884915,-0.003447275708424813,-0.02140329922492657,0.0008443139839229286,-0.000869139737747382,0.0031832215344213214,0.8128178755095917,16.140000000001237
238.38183158467342,0.003030065323864552,-0.0034677119080933224,-0.021329690828030528,-0.0003878376734999245,-0.0005717909873909077,0.003191074343797617,0.6545760761617403,2.719999999999345
289.7696377968328,0.0022623599175742026,-0.0034518268366248136,-0.021163538838371992,-0.005842838495000446,-0.005389354845430239,0.0019873028498324915,-0.923521568419639,-43.93000000000029
204.94082802457595,0.0011252146503776992,-0.0034499250993845227,-0.021020855860394837,-0.00039798559755177543,-0.006623916875649893,0.001870319988648978,-1.0010779400440666,-11.31000000000131
167.51055012153284,1.5422347612333275e-05,-0.0034016033943704655,-0.020862115875093144,-0.0008668732015966185,-0.007099963941214371,0.0018538330519227522,-1.1872232182917408,-4.319999999999709
202.05672931258053,-0.000896286767410306,-0.0034995827036618456,-0.020859578294109487,0.0011480029715615903,-0.00011796249013296123,0.0019280302715461248,-0.8785376682113569,63.710000000000946
158.71997453279286,-0.00218058217174044,-0.0035027414876164825,-0.020706131720882946,-0.004888854096262163,-0.004610089036480303,0.0023010066488219176,-1.9404411251015925,-40.72999999999956
137.41999697806187,-0.003403759020977471,-0.0034855340798463355,-0.02062249692355193,0.0018559001558955401,-0.0018975164501097153,0.002418848174759029,-1.4419038083981521,24.610000000000582
122.26414997510929,-0.004819101054592368,-0.003484565737667497,-0.020513157896820206,-0.0018203896916840767,-0.004856879182236207,0.0022603192381304552,-1.737775196371963,-26.8600000000024
73.06185091071073,-0.005419116369867908,-0.003556371127516461,-0.020398159736054574,-0.0003689521758206693,-0.0003368320282939319,0.0022695177520213874,-1.6729955386195499,41.01000000000022
50.32067284272383,-0.005921073548700976,-0.0035153732898083223,-0.020253655074558636,1.4408854573710883e-05,-0.002174292912424436,0.002288272067333517,-1.5409564621200769,-16.61999999999898
180.35989887513938,-0.005894355197515938,-0.0035231476240890763,-0.02023936280249259,0.0035733444464640662,0.0032175288846343353,0.002637981066214,-0.8110915759319058,48.70000000000073
116.80404970240929,-0.006309681530374408,-0.003480200901596511,-0.020178703264251394,-0.002170167649592436,0.0014098510013600407,0.0026320020101407962,-1.1803735384229923,-16.31999999999971
224.76404961565595,-0.006074456573326764,-0.003441583069208988,-0.020106128284185752,-0.0005478724287351078,0.0008467850983555625,0.002629873951481985,-1.2057947683894503,-5.080000000001746
422.48410500030155,-0.006000619811842783,-0.003733900362146331,-0.020005425531047154,0.0005537098560355336,-0.0021646455945044663,0.002128392842410829,-1.0267516193898734,-27.23999999999978
356.25565785234187,-0.005119815082492057,-0.003953662333877403,-0.019955217569440912,0.0014443829551742393,0.0014499250134198949,0.0021883571178674304,-0.6823715308869066,32.69999999999891
297.45032373114987,-0.004550663528196657,-0.0042313157244361745,-0.0198900448489909,-0.002176159503981423,-0.00018161683277950758,0.0022576513769911586,-1.0273109760046557,-14.739999999997963
309.9952850457264,-0.004139331414358342,-0.00433025287252099,-0.019691805488010573,-0.0016193417187618797,-0.002353071389042616,0.002239579969093659,-1.2427346816162688,-19.6200000000008
346.0448487467252,-0.0038366101310734766,-0.004329512237128293,-0.01949905493990614,0.004070452442604289,0.00026304010256361643,0.0021391325660022743,-0.3740915839921257,23.640000000001237
285.43065187446877,-0.0029515586409894134,-0.0043697716251565625,-0.019379527605567194,0.0030219558628705734,0.005473862362599613,0.0022434418451170272,0.3062351168941893,47.039999999999054
295.4641471428177,-0.001999287376235195,-0.0044888710838694,-0.019266504036890498,-7.270500056177909e-05,0.007031487484662424,0.0021456579642896954,0.3876183863863461,13.960000000000946
307.97058349516044,-0.0010434473315601772,-0.0044376143507097576,-0.019065538373513748,-1.3220052175189068e-05,0.002935772112485191,0.0021353415787951024,0.4861623770681997,-36.81000000000131
343.95957170428215,4.3738386989199495e-05,-0.0044659281973979505,-0.018977676982860535,0.0036366640960669994,0.0035504275274351738,0.0023084513429679917,1.4938678305506157,5.6599999999998545
323.43926213477573,0.0011459386373819432,-0.004438724761364976,-0.01883054638797213,-0.002580677738004744,0.0010333674116900227,0.0023219036903029443,0.8994224524076306,-22.850000000000364
314.55781721294017,0.0024752538110952077,-0.004424665378689058,-0.018695155058558014,0.0003851868156055094,0.0014321912526165104,0.002188555834740724,1.1545881113500085,3.6200000000008004
285.9692328508224,0.00325680023260732,-0.004301521309283026,-0.01848651794027905,-5.500550055004272e-05,-0.0022513696472342692,0.002171486394938652,1.3078915587473607,-33.51000000000022
294.74011297760353,0.003902940388020924,-0.0036347868192528306,-0.01811677174880647,0.003134385829803632,0.0034655808066912375,0.002296142549814012,2.077803442279033,52.0
277.0751061585626,0.005284278829495749,-0.003052482246307507,-0.01796791949899966,0.009721440800000813,0.012830583058305756,0.0034647279473637754,3.385902665458179,85.13999999999942
219.2131258578572,0.006526460029015856,-0.0024753681048342428,-0.017781604039247688,-0.001691172557167997,0.011173331866439318,0.003421081519061817,2.4624955499951486,-15.069999999999709
299.65790818708814,0.0072427827774261145,-0.0018981235706595578,-0.017616215854639575,0.00031770002589470714,0.00833407362806926,0.0033044966227008684,2.1492248333120734,-25.56999999999971
305.08787873935745,0.008408195305851546,-0.0011495765856880688,-0.01744514885990351,0.00038612222345513203,-0.0009884181291089922,0.0032301187802580835,1.9317815807763208,-85.08999999999833
827.5137405764771,0.009333883971234188,-0.00039283249023519003,-0.017232621193365938,5.001342751786986e-05,0.0007539935546063692,0.0032040345808955926,1.7203654143851206,16.029999999998836
565.1939666043249,0.010514884714866259,0.0005097577909864093,-0.01698886536822297,0.0018873688708076486,0.002324347018375139,0.003188653881486881,1.765336275688391,14.44000000000051
390.6359386185536,0.011499265279634088,0.0013942510753877442,-0.016818896867535894,0.0032717151274774814,0.005215530691392134,0.0032098871226968495,1.9353978980547155,26.599999999998545
384.388403702536,0.011023352354921384,0.0023177806281031847,-0.016609578693045267,-0.0012038288897300298,0.003955211953916127,0.003226369727036511,1.6079472474445136,-11.589999999998327
314.1394585813983,0.010938159212246992,0.003317553051294029,-0.016342136717631496,0.0017748909779442545,0.003842501912569851,0.0030079289786736963,1.631421818961017,-0.9700000000011642
377.8254617647376,0.011552590217976584,0.004424940266991707,-0.016232099897715912,0.006415689089328991,0.00698826456113788,0.0032951190579315133,2.061043906098555,29.200000000000728
425.24762736162285,0.012080595005584798,0.0053803546928197134,-0.016137615505418815,-0.00019011590625683805,0.008010291985268037,0.0033030035142183447,1.8165164448374547,9.359999999998763
395.369153590621,0.012524309117377752,0.0062284831060875154,-0.01606463650809025,-0.0005951651959426041,0.005625483744038151,0.0033604502628896415,1.5887913322505856,-21.93000000000029
334.44112231074723,0.012563355929961217,0.007006156190616348,-0.01597464718233188,-0.001687663929139549,-0.0024715067813377845,0.002335862637535257,1.3011197679939586,-75.04999999999927
365.78327732624405,0.012228698347927022,0.007819097407390296,-0.015949530799679347,0.0006072939884356199,-0.0016759164362282197,0.00221032487092006,1.2603202083408125,7.4099999999998545
408.7345399448446,0.0117668727653,0.008712922503407976,-0.015879783992116134,-0.002427701625139611,-0.003506471169970271,0.0024112312667843713,0.9514013066594978,-17.019999999998618
377.5856131606751,0.011064686149716469,0.009478229941640924,-0.01577853794150956,0.0011445300954242565,-0.0006794370686220574,0.0024124607038547444,0.9970947209841392,26.30999999999949
367.0449716284761,0.009762961398713611,0.01028249794663464,-0.0156048477049395,0.0015300421623589688,0.00024212449718818974,0.002411034807951462,1.0785416928982945,8.55999999999949
322.2075157339347,0.009172651185760073,0.011149273608742644,-0.015561956325030714,0.005866601255084758,0.008558625614605075,0.0028041803630226843,1.5918079388014474,77.09000000000015
313.31185067466305,0.00842355092134598,0.011866743061968029,-0.015572802055132399,-0.0031509638997511136,0.0042313208250588374,0.002981957767981801,1.1589868170512565,-40.07000000000153
478.6290021268901,0.007424094257783673,0.012390372436107173,-0.015468762552580784,-0.004835805778074409,-0.002151696774283729,0.0033512898728062864,0.5362128318674384,-59.26999999999862
455.6378130516717,0.006577465960669348,0.013038418745904097,-0.015386583139449624,0.0014361201467603113,-0.006546860159666101,0.0033397954258100365,0.6505710575634029,-41.210000000000946
503.33815773095233,0.005954146702611457,0.013687222720652936,-0.015285495355459554,-0.0003412892119233346,-0.00374675699512661,0.0027382642470563413,0.5484814078545505,26.290000000000873
496.37228260490224,0.005228995612988435,0.014323142579826163,-0.015195599547117588,0.0004975692342819027,0.0015924545471208695,0.002746139062104193,0.5768581704492198,49.69000000000051
551.7400547772118,0.004171770111431439,0.014785276515347945,-0.015131307452217623,-0.0011604174919481736,-0.0010044884376166907,0.0027590427442925622,0.3036241648776872,-24.100000000000364
530.9552339621164,0.0021753936847510196,0.01482114157511273,-0.015030007413647814,-0.002148943095038325,-0.002810943076787087,0.0027845945365972736,-0.1945370371732665,-16.769999999998618
458.1170284151597,0.0009291229743200681,0.014921901462838685,-0.014915177379893585,-0.0007689782094041364,-0.004073302216634267,0.0027744628201866054,-0.4481095230252191,-11.7400000000016
419.6859057462788,0.00033582026767891573,0.014981788811437443,-0.014850891472616574,0.000254001331615461,-0.00266300821857568,0.002700066219360563,-0.4908723548458967,13.130000000001019
322.2049458805173,-0.0006207646636609105,0.015033523443626993,-0.014733478532171695,-0.0016478879479419062,-0.002162211201161335,0.002699646273684226,-1.0239734598978547,4.68999999999869
392.7985804098263,-0.0014594353256008423,0.01514241248915989,-0.0145397982918344,0.0005184532558646371,-0.000876574808256092,0.0026501775793754028,-1.0400892925576253,11.909999999999854
336.09905362423984,-0.0018697952868586539,0.015173805834881171,-0.014430615006648337,0.004755614838470423,0.0036199505741674187,0.002418468179835861,0.3032065195004059,41.61000000000058
393.52916646801407,-0.002259034849382025,0.015052905081868278,-0.014321881184768476,-0.002022013895693009,0.0032438505382603733,0.002328344448729661,-0.40580363821096344,-3.530000000000655
431.99421730960137,-0.0023092799027952,0.014977505719948483,-0.014264204814396667,-0.000972058444339674,0.001749278706507429,0.001894182836429088,-0.8131248172551708,-13.799999999999272
323.1085496230992,-0.0024043474829764724,0.014842599902785195,-0.01413474973152251,-0.0010334795539514996,-0.0040224940970761125,0.0018415931939923284,-1.1780632846340784,-53.530000000000655
358.7538253863405,-0.0022338682747525835,0.014469279501171781,-0.014060608411093542,0.002175038728013279,0.00016614539448212007,0.0019794270618698397,-0.3543743434795658,38.900000000001455
392.5565865828613,-0.0016512539413361916,0.01412396620370178,-0.013937464715595128,-0.0007054612843063746,0.0004330462916766198,0.0019752453319939766,-0.5509709667447111,2.469999999999345
333.85163375107334,-0.001006519895861711,0.013795079218912785,-0.013835845706338558,0.001367661234522144,0.0028377120581681847,0.0020015937213466884,0.0015244792584662426,22.23999999999978
408.0794548304547,-0.001182881205889776,0.013438290707710871,-0.013821232027076517,-0.0011340288422773126,-0.00047354358380813366,0.0019233246500296626,-0.3953098382122766,-30.640000000001237
384.1789704040569,-0.0016565318885270195,0.013027552081592663,-0.013681171049826742,-0.004977261297584468,-0.004746335002520419,0.0024111265300515005,-1.9864299666669736,-39.57999999999811
332.19030460351553,-0.0016362878088112785,0.012750176453378876,-0.013574042182838883,0.0030997763562334857,-0.0030247955621958145,0.002601412831096641,-0.8606060665016232,15.909999999999854
315.1943785066443,-0.0015435950383230238,0.012432095328038538,-0.013468129910195647,0.0002616612244015215,-0.0016317474158602518,0.002552594175894841,-0.7182118137160897,12.94000000000051
331.2519374017363,-0.0016912907846441693,0.012073841544780113,-0.013343289675160129,0.00023781161428670927,0.003600859867982864,0.0025498074079171374,-0.5797996451092733,48.31999999999789
332.63701827677863,-0.0016603967440139056,0.011472732297561978,-0.013244688882365971,0.00015886361720585107,0.0006584780399194745,0.0020883257151425288,-0.48889256106279494,-27.109999999998763
337.0085196943254,-0.001676522115280654,0.011054930083422796,-0.01305241245008112,-0.0008309300473597903,-0.00043454667701514627,0.0020261755457625847,-0.8471442709961574,-10.110000000000582
332.54897629968895,-0.0011874325406307567,0.010885918479537885,-0.01290827925714481,0.004505244944306153,0.0038300180909998094,0.002415085135206123,1.4438157617972258,39.460000000000946
333.73880587713904,-6.332309540319824e-05,0.010656542881004994,-0.012809519555704554,0.0012369922033963476,0.004912104025094122,0.0023933427160553592,1.9548622121430872,10.019999999998618
425.04419401716467,0.0005810430231800596,0.010406434638436374,-0.012737847867086415,-0.0009440707945569393,0.004798312966367568,0.0023580329427982634,1.4532809634678536,-1.0899999999983265
476.5210508088929,0.00092811136473257,0.010132785548703001,-0.012620053678049447,-0.002418373178551869,-0.0021273251470071974,0.002466497315147697,0.35469058556089095,-64.13000000000102
331.46276002508046,0.0012980410505969463,0.0099011763176265,-0.0125091630196375,0.0003765279590890458,-0.002984898093041588,0.0024346396351074954,0.5632611967805715,-8.0
315.32159114124045,0.0016062662760617668,0.009790052911958624,-0.012371262616458876,7.010058895295934e-05,-0.0019727984140121,0.002409943204133686,0.5631263110861859,9.430000000000291
337.1224453915755,0.0021058848899661964,0.0097161691432445,-0.012279156492155156,0.0015766134946035848,0.0020239726396875657,0.0018382605388585996,1.2362951783040363,37.090000000000146
305.58076441993757,0.0019075580202948849,0.009625484199516832,-0.012181350956060061,-0.00028747822379371346,0.0013588729550850775,0.0016740626895142968,1.0110299642777811,-6.1599999999998545
320.91817598452695,0.0015418573099471847,0.009628653415879217,-0.012040863799283147,-1.0770070835164347e-06,0.001287603633759682,0.0016767335107439384,0.9335340306374231,-0.6600000000016735
345.1831593810174,0.001409652841781887,0.009652513364645371,-0.01190641327724955,0.0016176663816185322,0.001328644674762014,0.0017183779026355252,1.5663480388590378,0.4000000000014552
352.32794573706974,0.00178264164373294,0.009465153322214698,-0.01181712157984218,0.0013548387096775638,0.0029736165574760776,0.0017363383911802846,1.997421176101651,15.270000000000437
345.096265663898,0.0021406517251344854,0.009612846722310896,-0.01151920904691089,-0.001510856259261617,0.0014593461698357846,0.0017945939183608194,1.2248433974584845,-14.05999999999949
297.04459828143047,0.003776029977757365,0.009933449015490115,-0.011388543709148413,0.01383552023814505,0.013675268817204378,0.00416287695159605,3.875828932143594,113.6299999999992
417.3719786581719,0.005201561232562802,0.010233767229081647,-0.011327554062373546,0.00021215252069017865,0.012518523291024986,0.004173492502453294,2.9448424865573584,-10.600000000000364
389.32144775165114,0.006274160001532841,0.010437373991909749,-0.011227231285768493,-0.0036609758218636435,0.010338193241297144,0.004367031391715019,1.9410786882794642,-20.450000000000728
387.6444518113284,0.007519511049996203,0.010699909913005956,-0.01111511048017928,0.0011123340280543292,-0.0023411030658160303,0.004237931221441376,1.87059659187281,-118.19999999999891
404.26398256785967,0.00863659228775683,0.01092935326993196,-0.011004967185159623,0.001281218401485873,-0.0012747662044844121,0.004229511258567833,1.8275084883263102,10.049999999999272
435.6302093594141,0.0096665444506816,0.01126272974354119,-0.010864513026904207,0.00043537542103999627,0.0028313957077743535,0.004221161205697177,1.6840718270849722,38.6200000000008
381.571493156557,0.011090336666115851,0.011886473134222296,-0.010758589895274407,0.0024126284594629954,0.004133922941889967,0.004232477256492626,1.816481662173854,12.279999999998836
406.0884665443196,0.010259803334913708,0.012343826982752864,-0.010635931695778422,-0.001470776652664707,0.0013740873044527646,0.0042887787996678155,1.4647944027560063,-25.93999999999869
359.12556443697855,0.009508913754556293,0.01280105003399125,-0.01051007797713705,5.408214122870625e-05,0.0009924362558724198,0.004287285112376412,1.3442515115603557,-3.5900000000001455
343.5326914141916,0.009335295631766086,0.0132208276791828,-0.01040404980838316,0.0004655054126931901,-0.0009519281574842386,0.004292571322835165,1.2876221027529036,-18.340000000000146
345.9452078747889,0.008879848160237779,0.01356899827696619,-0.010313506005086358,-0.0014615792262852034,-0.0009427259520048414,0.004360397034317964,1.0117709590659023,0.09999999999854481
333.78277896293935,0.008006828966076076,0.01391684453201063,-0.010216620006167501,-0.0023977811767276203,-0.0033921453649339295,0.00441356368089811,0.6329828945153506,-23.099999999998545
324.5765412346939,0.006997326554828545,0.014080007204079304,-0.01013378561300133,-0.00020960523991830904,-0.004064652888182363,0.0016997639957881147,0.5471909345744272,-6.360000000000582
348.7425685011813,0.005665255081865108,0.01416876687098669,-0.010027780031408024,-0.001570772562562217,-0.004173561570116724,0.0017315140018623878,0.2848342188756376,-0.9699999999993452
339.44145056526014,0.004617429216516528,0.014302978244284378,-0.009915094129142397,0.00035387326007874087,-0.0014268052118291408,0.0014049073213552737,0.28291292850009053,25.909999999998035
339.4616749102066,0.003588723061500418,0.014542895637943039,-0.009767922284976527,0.0006275831867375015,-0.0005906360245405695,0.0013740442647035619,0.31064862897253603,7.860000000002401
335.4525750159802,0.0024736458482966807,0.014795836317073692,-0.009644019304337639,0.000729414019656982,0.0017118086014653588,0.0013313352716218321,0.3570868677251417,21.610000000000582
335.7069222667327,0.001647151975173203,0.015045243170847485,-0.009517267216950953,0.000607579312509543,0.001965859048439045,0.0013393499298331348,0.38929740725791945,2.389999999999418
339.0350983383076,0.0011284024162335642,0.01515755030192695,-0.009408113254085344,-0.00039027357433174537,0.0009466409685765509,0.001067727430331205,0.25363916715726365,-9.56000000000131
324.95670476121364,0.0006191538340444581,0.01524890601352224,-0.00929683009682837,-0.0008021285129026223,-0.0005852340138008394,0.001022610407008255,0.017969466477740715,-14.389999999999418
328.15658935419106,0.0002074802523750365,0.015303179591568442,-0.009186184424774863,-0.0011168544948337855,-0.002307612142506299,0.001038082159849896,-0.3447681215601921,-16.200000000000728
299.9012382408098,-0.00033830628330766733,0.015349900439657336,-0.00901004811069392,-0.0008026041466814293,-0.002719151828884825,0.0010025236595732345,-0.7047581855313766,-3.859999999998763
309.0142301921144,-0.0005008810621500648,0.015351617531274208,-0.008904291019338314,0.003957573953829785,0.00203141885237601,0.001593876635412513,0.29463056368153406,44.63999999999942
335.4102940151113,-0.0007450456061440455,0.015391541197586464,-0.008832636729203092,-0.00028794468062054435,0.0028629412191056858,0.0014226747440691278,0.06967306991214468,7.780000000000655
313.5362782840581,-0.0013883032909006979,0.014603258861567908,-0.008847480062462828,-0.0024243210094357925,0.0012352751047264299,0.0015981007028378843,-1.0338193571031247,-15.280000000000655
265.5288739917863,-0.002981979250162926,0.01353786276858536,-0.008725794921062955,-0.014704863941120916,-0.017376558327923397,0.004523014717846839,-4.066972195680384,-175.1200000000008
302.8719369977379,-0.004660589395974767,0.012601791442444136,-0.008567800412750189,-0.0021464123555496872,-0.019203258219415487,0.004503087590377166,-3.2172051688462466,-17.139999999999418
291.87370338045406,-0.006250856114977499,0.011652479787083114,-0.008424719955873409,0.0006339305645557403,-0.01619644556099986,0.004503347274914488,-2.507669062512499,28.659999999999854
246.71442879160338,-0.007753945402560764,0.010615179556784456,-0.008287999200937838,-0.0006476073723276077,-0.002160469464175363,0.004461627953252085,-2.201939203205383,132.04000000000087
309.8724656923189,-0.009810619164794065,0.009539993546605246,-0.00814473626515443,-0.00031534426165558127,-0.0003294271651708147,0.004429640225980593,-1.9514716320806966,16.94000000000051
289.5637359748045,-0.011867159316506285,0.008443976597386412,-0.007973462981016591,-0.00054091554563096,-0.0015031421953022317,0.004426151763422587,-1.7930023841469214,-10.840000000000146
270.06870146699913,-0.013044742962429532,0.007413912336632915,-0.007899924255934975,0.003637700634807839,0.0027784972057895985,0.0046773282313801266,-1.24332773628346,39.51999999999862
245.49864320190989,-0.012414627065270797,0.006346535179662727,-0.007788098073482931,-0.0019084361306078712,0.0011804750084010163,0.004681170778951424,-1.3392506836049785,-14.75
331.80955599725854,-0.011437832320326479,0.005181551439634828,-0.007699596804412504,0.00010935481740448338,0.0018318653465088097,0.0046972798372311155,-1.2185026633509461,6.0
312.40420863198085,-0.01082554257742296,0.004121768517189456,-0.007592807969173176,-0.002565768106528199,-0.00436044155549431,0.004412476338322059,-1.379645868696754,-57.23999999999978
404.1129025787767,-0.010057099725594421,0.003218809617500793,-0.007496083835155946,0.0008314067706467476,-0.0016273296094950762,0.004458098158181941,-1.1785466601798484,25.31999999999971
374.88311023347546,-0.009247342551753943,0.002293359991615084,-0.007420017042133484,0.0009207284274090899,-0.0008173649453284693,0.004510917762903121,-0.9901742139887837,7.480000000001382
380.54438355852005,-0.008515702499831655,0.0014364302115838607,-0.00734292512558133,-0.0012351765273121984,0.0005155590287952982,0.0016918949201574485,-1.0358795703661225,12.299999999999272
407.16626392096606,-0.008322932193429694,0.00039682993539820954,-0.007351644475314146,0.0003015822218366271,-1.4098315142763163e-05,0.001589410803034873,-0.922586548435749,-4.8799999999992
383.1368047073493,-0.008619792739259115,-0.0007069315918714285,-0.007336089218512874,-0.006952736358874501,-0.007880209546614503,0.0025216567917614777,-1.5268162009726394,-72.60000000000218
419.2168843515299,-0.008857314797666495,-0.001903791933364823,-0.00734333199388955,-7.972287019797353e-05,-0.006732443412652334,0.0025279908373551136,-1.4055622943902142,10.670000000001892
441.54705722790237,-0.008929957518266298,-0.0030191471776459225,-0.007300055328698979,-0.0021068175041693005,-0.009123907500734663,0.0025591509117385836,-1.492964356643758,-22.06999999999971
396.9849959281629,-0.008720856581777403,-0.004050137863915536,-0.007249498806672757,0.0032068471111013075,0.0010134633362164358,0.0028099177196388185,-1.076541907197289,93.40999999999985
363.47368085451444,-0.008547407404409483,-0.00495304922892175,-0.007178958183745678,0.0012677285620772416,0.0023623879012537596,0.0025664095312238734,-0.8714437579129263,12.350000000000364
434.64602276775446,-0.0082356913037638,-0.005796048093647646,-0.007120666807977182,4.249467726924472e-05,0.004521326080532351,0.0025435013157896827,-0.8013897957996522,19.679999999998472
382.3888288798878,-0.007915565690249255,-0.006629802768174606,-0.007084728373990943,0.0008825442552362617,0.0021939777438360064,0.002570588900288576,-0.6350765439688157,-21.19999999999891
421.9799003430184,-0.006705637551475638,-0.007567424427296495,-0.007031692107615601,-0.0006128818400825686,0.00031162763330794263,0.0024853703428663757,-0.6742837606036233,-17.25000000000182
461.05707242359875,-0.005172756907688885,-0.008603795210167934,-0.006999006735438971,0.0013430670291749713,0.0016125499972214907,0.0025107019442705113,-0.4292264544445995,11.94000000000051
491.5759415525285,-0.0036434568723011152,-0.009431213398907658,-0.006928546076070475,-0.002653160459097914,-0.001925733525943052,0.002570227144525064,-1.1005026962768891,-32.48999999999978
449.7653499601426,-0.002468506127995181,-0.009424705965994637,-0.006777284915048763,0.0017843859683566166,0.0004683850953328683,0.0026437735551704013,-0.5416984352023131,21.9900000000016
461.6468604762657,-0.0015112011756516375,-0.009491609942909198,-0.006693045652053644,0.005467741197938247,0.0045894563251063225,0.0031268001908254786,1.0194663709425147,37.88999999999942
430.39629828633093,-0.0009120393278891223,-0.009507774133047686,-0.0065726130660139805,-0.0024353004872766926,0.004808898370711745,0.002378664269299991,0.3532447841200871,1.8999999999996362
528.2298207291154,-0.0003173346516879416,-0.009438797196207938,-0.006442544695061921,0.0008922649744749211,0.003914083951929159,0.002373340993821597,0.6289163630319637,-8.140000000001237
568.5722105104828,0.00034473415342809886,-0.009263582165226473,-0.006286299736251224,6.723979554768e-05,-0.0014780725500811442,0.002227252534541412,0.656224591742419,-49.599999999998545
565.8505746895114,0.0010531989862150315,-0.009150956777059039,-0.006159686238751649,0.002456256404973267,0.0034181781078119755,0.0021622190402243602,1.310093706670376,45.13999999999942
497.1464809943438,0.0019757506013136084,-0.009230001045700324,-0.006044670349969567,-0.0014084811769796701,0.0011116256521988,0.0022360538222724645,0.9727704169465596,-21.23999999999978
497.8516926677227,0.0026808809809389213,-0.009189753681078373,-0.005906848363525814,-0.00107897536339574,-3.5786517158520326e-05,0.002279271355284704,0.6830658747156076,-10.579999999999927
464.62469164569023,0.002597515756814888,-0.008943237886854787,-0.005699734894119381,0.0006810526384282145,-0.0018065772392904522,0.0022760694801018137,0.9177837576626472,-16.3700000000008
444.0081403289515,0.0034866947004979915,-0.008651099227569783,-0.005534472506951519,0.006220671268952094,0.005819533787311926,0.0028007510138554357,2.3777618141032355,70.42000000000189
471.1817913303831,0.004134644627081618,-0.008383113553090817,-0.005388402226923039,-0.0002908009951857471,0.006613151256585459,0.0028192789729952436,2.02114507719847,7.259999999998399
530.6677034372957,0.0047814855017188004,-0.008079198009518132,-0.005231931809274424,-0.0002402499461322538,0.005686387133831294,0.002629602787037991,1.7806506464090435,-8.5099999999984
506.6857697465623,0.005143779310208912,-0.007864280718344866,-0.005084025640080228,0.00029203309995828874,-0.00023910304048613273,0.002624917057776914,1.6676423933849716,-54.69000000000233
554.3530974445404,0.005391287251499096,-0.007669292120051697,-0.004918497684010673,-0.002743878791012677,-0.0026923076923076605,0.0023806956189500435,1.021050756509354,-22.769999999998618
577.7861031185497,0.005839514189773904,-0.007170266531555778,-0.004751340881274788,0.000506643073735491,-0.0019472465373602255,0.0022313264574778478,1.0397198315586138,6.920000000000073
586.4187155660262,0.005960140886003069,-0.006666495773444587,-0.004590272725404575,0.0004480818856149593,-0.0017915470865543792,0.0022269330135783116,1.0497740969213822,1.4400000000005093
557.0940718279413,0.005217917257537444,-0.0060942353485532565,-0.0044326590257858945,0.00023203483760259047,0.0011872083966637526,0.00222514038184504,1.0429001110790486,27.61999999999898
537.8908624249091,0.004385821760178611,-0.005677090474591484,-0.004270845404526564,-0.000503884333189486,0.00017599360808473463,0.002141743794312305,0.8563754133388177,-9.360000000000582
495.8947582248945,0.0036556770780210635,-0.005471214580544741,-0.00414016780050269,-0.000567830359060939,-0.0008396423425806043,0.0020985109098609627,0.6554366110985027,-9.409999999999854
529.1082666740681,0.002526445931437015,-0.005315562335209498,-0.003997492086911663,-0.004036478445291425,-0.005103582218385805,0.002417696429865002,-0.41299073994726027,-39.51999999999862
572.5760611142598,0.001595410199312352,-0.005133169604255586,-0.0038368374690659593,-0.0018100578047219873,-0.006403744657698662,0.002460452192747056,-0.9270772993281046,-12.020000000000437
564.6604034885326,0.0007662859002774174,-0.005003524593441382,-0.003693767427333912,0.0014113413609937453,-0.004436129776508424,0.0015362553718647784,-0.6285871070391804,18.25
605.5008665450631,-0.00030593096327021126,-0.0048682075572747605,-0.003537878557693534,-0.0015178474557882016,-0.0019185094407149217,0.0015539153518953598,-1.0854243503603174,23.3799999999992
485.05892764760506,-0.0012207851961997978,-0.004554221691304895,-0.0033940856168130883,0.0013289130404072758,0.0012201203605819444,0.0016595490513180257,-0.8494326968299794,28.920000000000073
391.47773227252367,-0.002074324868504938,-0.004291865824357043,-0.0032452466929676874,0.0009071928674675434,0.0007160681349680509,0.0016979933263314066,-0.6688305422742433,-4.6299999999992
436.102106030837,-0.0026398737177844834,-0.0043159639083810266,-0.0031077535236001255,0.0012955895745694335,0.0035357997003153674,0.0016174378479893946,-0.22668306841474095,25.93999999999869
447.41445757582466,-0.00257648803617367,-0.004287752393780544,-0.003037545949616447,-0.001554861378044503,0.0006456695647645283,0.001645697011957137,-0.7828217777819301,-26.589999999998327
445.8357438100153,-0.002475691433249543,-0.004253140039421905,-0.0029375505183622704,-0.0012124248605657195,-0.0014733943362678081,0.0016410122441274692,-1.1660019990490205,-19.540000000000873
411.1194378418656,-0.002491916028403802,-0.004265507618805897,-0.0028460281987635686,0.0004332242853155588,-0.002333374839614266,0.0016501994887911618,-0.9970435141169004,-7.959999999999127
380.4717782007042,-0.0023982519090450212,-0.004330748183016271,-0.0027402149267642525,-0.0010321250271326798,-0.001811046079736034,0.0016577600088891226,-1.239260972014119,4.849999999998545
469.6747973190209,-0.0023096475118766194,-0.0043376947383432065,-0.0026267867457129765,0.0007963504767780627,0.0001965253023612501,0.00170110896213824,-0.935441909834423,18.51000000000022
528.1618733935792,-0.002357850996145601,-0.004341884613046428,-0.002512974314166267,0.00048741725305090355,0.00025070544823080354,0.0012732814509526394,-0.7693416527384626,0.5
525.2332060495643,-0.002598107477044467,-0.004265141144420455,-0.0023950524527100525,0.00035589080662434824,0.001640503710689023,0.0011466073907379704,-0.6413894148205381,12.790000000000873
569.5282250322667,-0.0023479912344775804,-0.004407257155625026,-0.002277683893746965,0.0022951129063222275,0.0031405303186557987,0.0012585041636463865,0.1554605059792926,13.829999999999927
540.7858392286421,-0.0015701932967780582,-0.004459727115301134,-0.0021452711507895703,0.0010756702648595518,0.003730343271873604,0.0011520169558023577,0.5985870602698148,5.450000000000728
540.2767433042911,-0.0006268028987817655,-0.004505555893207262,-0.002019815167974683,0.0023327989587804687,0.005713920033320274,0.001254972727378522,1.4727611433571874,18.299999999999272
494.15103764535377,0.0004667280787965096,-0.0045397287963655,-0.0018877286461105242,0.00016500813716580076,0.0035765495224953092,0.0012521718448053841,1.588133845254328,-19.63000000000102
544.3110899025233,0.0015544021356223277,-0.004479313030819122,-0.0017613988896502692,0.0009424399922364213,0.0034429864150673506,0.0012345988029153938,1.7890072467504794,-1.1999999999989086
453.3243949218533,0.0022991069260822694,-0.004423768251437004,-0.001605917642226214,-0.001636405552790543,-0.00053061440186708,0.0012466447066358916,1.1894023459171732,-36.77000000000044
537.7433898260518,0.002997583976139133,-0.004404142769822867,-0.0014409125211971095,-0.00013380308286614628,-0.0008292177963724612,0.00115392402606593,1.1416957745681653,-2.7699999999986176
529.1252455789603,0.003361241124891997,-0.004422916527005301,-0.001267952622746473,-0.0002633251709726059,-0.0020328487676865015,0.0011752830405320051,1.0651650273807103,-11.18000000000211
452.70730781743595,0.0035633842766776553,-0.004454509655531161,-0.0011096680925119476,-0.00016839978108018627,-0.0005654259308216503,0.0011004091276512243,1.0099357602991275,13.630000000001019
491.9811115199799,0.003303171997128597,-0.004419052439833194,-0.0009161637651376366,-0.0010926236030451841,-0.00152383254677535,0.0011889450059978217,0.6391694800192004,-8.880000000001019
491.7819877805806,0.00310536501643827,-0.00422205099795288,-0.0007390036468001399,0.001129486737447838,-0.00013277675046707849,0.001209310686685071,0.9595918868019796,12.890000000001237
536.7679421382545,0.00258349090603897,-0.003971039985298241,-0.0005498598722470535,-0.00031525170473434283,-0.00027963390631291496,0.0012277635797387776,0.779268062376103,-1.360000000000582
502.3789486665931,0.002173635133973301,-0.0037310201460480173,-0.0003492872828570531,-0.0004892262233896494,0.0003242545657744511,0.0010836338068916525,0.5484662532867889,5.5900000000001455
532.2900819747072,0.001967085440498795,-0.003607886081889565,-0.00018717323820592613,0.0012814708605843883,0.00047611644447886903,0.0011014624761467484,0.9378680243740307,1.4099999999998545
535.4537582226898,0.001168282356297177,-0.003504146207274785,-4.679755553388729e-05,-0.005627586504583504,-0.004840423693668772,0.0018245100745344128,-1.1654062211978198,-49.22999999999956
540.6911461352845,0.00043184147972756716,-0.0034345154514714973,0.00010640744752951373,-3.6897565845905866e-05,-0.0043900641707878,0.0018185666521805767,-1.1454543999404139,4.190000000000509
535.58432017323,-5.750737630644461e-05,-0.0032923384752013667,0.0002599403360219501,0.0005241818205496962,-0.005143063716365304,0.0017914995964897337,-0.9109433157445043,-7.030000000000655
553.8436294215187,-0.0007026541840488973,-0.0030739504606333264,0.00041069784520596534,-0.0004436398425458066,4.340890099507888e-05,0.001759701870265008,-1.050436467052353,48.05999999999949
550.307745489004,-0.001332730368328334,-0.0028720199226973677,0.0005490876728389206,0.00030818981888414143,0.00038852399949651506,0.0017719533525229756,-0.9677327112368882,3.180000000000291
565.5899752718179,-0.002024961019249315,-0.0026157508190901,0.0006835416645701746,-0.0007973581949980435,-0.0009328368327369274,0.001774014929118417,-1.2419660780179973,-12.180000000000291
533.3935358259517,-0.002695266118737466,-0.0023029311866046486,0.000851493441340437,0.0017762162901617806,0.0012859328710486118,0.0018898346465167622,-0.6685301048773273,20.450000000000728
555.0986916406135,-0.0025793173520667254,-0.0018630421340351708,0.0010144099628025803,0.00022434282184247145,0.0012020039184459375,0.0018787943567014733,-0.6320217304492465,-0.7700000000004366
478.5394337797273,-0.0019158486638893597,-0.0013815857300840163,0.0011735307640597583,0.00487809106492354,0.006888809511659932,0.0023687031555297833,1.1526280033664407,52.3700000000008
512.5962608252493,-0.0011624607638423775,-0.0009147265295860277,0.0013374780321432618,0.0015139033258428913,0.006625157825717043,0.002397745370691025,1.573540229824583,-2.320000000001528
543.211615217172,-0.00027652982827347446,-0.0005997855854942111,0.0014955683886621824,0.0005663172582492937,0.006969320686269986,0.0023871267720743912,1.6009843291497898,3.1900000000005093
526.5953923113685,0.00045263938239245143,-0.00028690481186757533,0.0016285840136398635,-0.0019874447722777466,8.94971339351347e-05,0.002456342243099658,0.8406805674828036,-63.48999999999978
579.7656798007935,0.0014533446280989744,-8.741484085382373e-05,0.0017766057209782624,0.001133169521513322,-0.0002906951705843319,0.0016831499730812903,1.1915708288622835,-3.530000000000655
565.0833146500216,0.002279901463930614,6.613656311371197e-05,0.0019245524985719246,-0.00015831339158967062,-0.0010147051544440178,0.0016879356438647263,1.1049238635598269,-6.729999999999563
550.2509756728102,0.003031398612272118,0.00018452290344376403,0.0020699247401967558,-0.0004965580235052336,0.00047763472695550035,0.0017190828026891788,0.9469555744893964,13.859999999998763
600.126248134185,0.0031418184325819123,0.0003786292521043961,0.002200312648008127,0.00015518411949178024,-0.000499710297262923,0.001696377733616338,0.964052487578536,-9.06999999999789
416.7800013372235,0.00306005237833308,0.0005133920345679632,0.002274428862722038,0.0008910927361396315,0.0005493375097345155,0.0016958270878347419,1.1924092091096905,9.739999999999782
520.7328971411258,0.002661430065148679,0.0006770871652200402,0.00235398659838765,-0.0023296346973465942,-0.0012856573232893354,0.0018634269827699842,0.4291896809610701,-17.029999999998836
560.9922947037529,0.0025739971325182878,0.0008739849328374841,0.0024337468038862393,0.00044025435479544406,-0.0010009977652642998,0.001820567173114437,0.5548723006216845,2.639999999999418
564.5113241356567,0.0023840849124950937,0.0011135994963507366,0.002511780374925754,0.0006471479649892142,-0.0012444813817618083,0.0018208963898844208,0.7180004408469173,-2.2700000000004366
566.4725926230094,0.002148353478864117,0.0013693765160211178,0.0025959915704211866,-0.0002630033037095414,0.0008243978604500768,0.0011694728899589305,0.6116267299600466,19.19999999999891
555.5477483910319,0.0022588734707225076,0.00161457947024757,0.0026689980704386364,0.002294337148962766,0.0026791925750557777,0.0012774646565426107,1.2387719921994063,17.200000000000728
557.4222514289723,0.002277407218217993,0.0018949756103956864,0.00272048824755805,-0.0006185263153365428,0.0014109480514581385,0.0012817673269559643,0.9794994364682827,-11.75
537.6095767043279,0.0022482609859769648,0.002165862369320114,0.002782304074848041,0.0009977891489620916,0.002673851564580554,0.0011489379129309915,1.1940173207487117,11.709999999999127
515.7027233837712,0.0027782886794066697,0.002703646724063486,0.0028419964652796276,0.0017333687462433023,0.0021126707536016642,0.0012038473318580288,1.5526711324204545,-5.1599999999998545
576.0904537681627,0.003023794572172482,0.003183271614596875,0.00285514276493726,-1.9321742434796896e-05,0.0027135128851496493,0.0011999676599547039,1.4330705231807288,5.569999999999709
587.0041851854355,0.002963996803540749,0.003653989324130688,0.0028670428005894218,-0.0021200654805034747,-0.0004096857892794681,0.0013749805765630595,0.7508733450699004,-29.019999999998618
609.2138483740887,0.0031172095001407193,0.003960185318090103,0.0028865550797862135,0.0016157487091221778,-0.0005270541964140785,0.0014385854829120984,1.1770678579453948,-1.1000000000003638
596.5669965779116,0.0027864760831259688,0.00417157817887741,0.0029050389727602183,-0.0014455988710152523,-0.0019526071438156212,0.0015038946321274615,0.6552791983094061,-13.280000000000655
625.7613510073529,0.002334047920342422,0.004291425887080119,0.0029085692811298275,-0.0021661597236263264,-0.001998709122203124,0.0014806665026334007,-0.2664265025662688,-0.3899999999994179
628.8317017610432,0.0012208606288907813,0.0043525109084590645,0.002904186303934027,-0.0047254516880771424,-0.008317026491190038,0.002021971204830488,-2.387722957922568,-58.86000000000058
666.7073864429325,7.279203168255894e-05,0.004389625052529508,0.002905077274637234,0.0015053749466620303,-0.005386359431936993,0.002074523888114161,-1.9281976674765784,27.360000000000582
600.2581344101876,-0.0011362652940862862,0.004213281588517712,0.002892831689497361,-0.0007169520777551286,-0.003941828654949298,0.0020785668872783693,-2.005441365387458,13.510000000000218
475.2784118545548,-0.0018859849290333572,0.0040001998025079736,0.002843596222723604,-0.00038957455212462744,0.0003974623060611915,0.0019110377869135699,-1.90109569898423,40.23999999999978
466.557583400048,-0.002851269743625368,0.0037337717446753885,0.0028101450742353223,-0.00042112100462798896,-0.0015269024642388107,0.0019110477897769386,-1.820958635174631,-17.789999999999054
372.195752840593,-0.0036232393243535617,0.0035787828015852894,0.002800580375097444,-0.0003617318072727249,-0.001171970110974585,0.0018527725721383045,-1.7464458860188123,3.289999999999054
423.21504408352,-0.004033610535485307,0.0033342414458964365,0.002777814824619463,0.0012058478746523882,0.00042220357790467844,0.0017971272394594548,-1.2176311552663777,14.729999999999563
423.1360100798684,-0.003816100440503164,0.0030377702815769176,0.0027505340173716213,-0.0008527077257699522,-9.747264267834232e-06,0.0017857667017334654,-1.3697554346254592,-3.9899999999997817
409.9518552476972,-0.004069845129792534,0.002680507003265768,0.0027120318987541533,-0.0023686083045335593,-0.0020173304066514186,0.001804578558325892,-1.8702146355961844,-18.530000000000655
435.33302277550575,-0.004556131704629519,0.0023188056041267137,0.0026770586969653404,-0.003020170658097565,-0.006229744133576465,0.0017449675724157867,-2.3026062804071543,-38.94999999999891
424.07638710958037,-0.004875728182199573,0.0019351293643571714,0.002651942812477254,0.0008547864776047298,-0.004531439024310968,0.0018332360100638883,-1.8302573729276908,15.729999999999563
424.4990089805284,-0.005069300851025957,0.001551558799748763,0.0026303453882784785,0.00031007144698924627,-0.001858566558829211,0.0018238161922869206,-1.5793406034582256,24.720000000001164
430.4298816076627,-0.0053995343732880716,0.0011733367925556677,0.0026150929039534285,-0.0008581422362600177,0.000305980891983193,0.0013327265534483679,-1.5903832440411558,19.929999999998472
403.5910635916505,-0.00578399145209786,0.0007490108639600826,0.002617726696225597,0.0008904477166764568,0.0003416225766827985,0.0012616360148527913,-1.2783216216821467,0.32999999999992724
328.84107982664176,-0.006025427906746364,0.0003336857248442461,0.002619704817902659,-6.525590647510349e-06,2.5015553148266534e-05,0.001266029820097358,-1.1735336477373155,-2.9099999999998545
367.75755840038033,-0.006062145345943318,-3.888595723891119e-05,0.0025950601800510415,-0.001143073420987073,-0.000260167486901719,0.0012830566224916937,-1.284638049959654,-2.6199999999989814
353.4917818333471,-0.00512106365552897,-0.0004309608389179793,0.002588977197098562,0.0041256533101043935,0.0029713189415057073,0.001848898209808817,-0.41133393776292404,29.709999999999127
431.7135798023333,-0.004515138590898023,-0.000890842375556665,0.0025846067410145303,-0.0015246332367876425,0.0014486905773118952,0.0018936825737502392,-0.65692023690016,-14.0
414.40924249518616,-0.004031989591546498,-0.0013616869082206337,0.0025848505850002293,-0.0011848611453513236,0.0014067944250870656,0.0018578771178096264,-0.8442775738956243,-0.3999999999996362
424.8084318155819,-0.0031310487843100388,-0.0017856650178350733,0.0025792757011759656,0.0020735202654802443,-0.0006397820837159562,0.0019807649353775787,-0.31115688172241607,-18.81999999999971
428.4910394439684,-0.0022518658449724007,-0.0021576165100975872,0.0025751858778468393,0.0010861556924433025,0.001973320532633549,0.0018780706414982724,0.039228285728675226,24.06999999999971
378.40189723678475,-0.0014784203702338592,-0.0025129198794851086,0.002560418289921161,-0.00016908736180354378,0.002992306119874888,0.0016030252561498597,0.11732322773681174,9.350000000000364
368.85733637739463,-0.0002744455715665325,-0.0027580018558607316,0.0025578724776648028,0.001961094657236595,0.002879777430314201,0.0016640181905209377,0.9741824420373767,-0.9799999999995634
403.47410014618686,0.0002868425648720298,-0.0028775533773005555,0.002584736398047158,4.003232881033547e-05,0.0018317797528721869,0.0016681009236096554,1.181135348695097,-9.640000000001237
413.0761288112763,0.00117387245243935,-0.00276066077909924,0.0026043158935892476,0.001923638684828477,0.003928693774364556,0.001664452234978002,1.8207300332826881,19.340000000000146
409.45375517905893,0.002174228592934906,-0.002777348268783958,0.002627727696154104,0.001329276035884952,0.003295634420445337,0.0016744618389912581,2.1314471901466945,-5.780000000000655
436.8046590818579,0.0027263527017445045,-0.0027362337295058353,0.002635970624314441,-0.0021568016357184083,0.0010916487249672535,0.0018625184599416356,1.2852549388529952,-20.36999999999898
406.21925662866187,0.0030858273047506524,-0.0026603835810054995,0.0026447162497044733,-4.75521966413206e-05,-0.0008779052942117227,0.0017988111277227358,1.2134952295892052,-18.220000000001164
436.30322283551004,0.003555116142764474,-0.0025988961965914023,0.00265970998246326,0.0010213400630096903,-0.0011851624988271636,0.0014355817624607057,1.4596634584305876,-2.859999999998763
421.43038165254876,0.003678299703992599,-0.0025454975348901798,0.0026471397687749345,-0.0005387605268840634,0.00043445416022280803,0.0013429783568238488,1.1987732450232034,15.010000000000218
397.8700279781253,0.003685255880900065,-0.0025118375150254848,0.002625489884058779,-0.0009495506648475871,-0.0004679790976541698,0.0013185145955711894,0.8716990538937476,-8.350000000000364
410.0786830540908,0.0033493386052942642,-0.0024660506644417794,0.002604374209194561,-0.0011342723248365383,-0.0026203843662276904,0.0012874410500032405,0.4973502440744376,-19.94000000000051
388.2107091959498,0.0027168866001686413,-0.002299694626116872,0.0025984101282401076,-0.0006776556578294013,-0.002758990213902801,0.0012773611244694,0.2508244951420226,-1.2700000000004366
377.3128228215682,0.0023797298308613295,-0.00201203117716261,0.0025899181868944488,0.0008243540844525832,-0.0009882982887516878,0.0012939462300439603,0.45513474412535265,16.400000000001455
418.0918090542308,0.001930950922341678,-0.0018307379979333952,0.002580131840403553,-2.164717699204566e-06,0.0001439747643630085,0.0011588444603932036,0.3957238903356885,10.469999999999345
422.44108393194057,0.0012273640760681382,-0.001652093737759139,0.002552770560893739,-0.0014038224667877186,-0.0005827890899281485,0.0012239626178924682,-0.15006216048315427,-6.709999999999127
384.3397311859524,0.0006163359974732616,-0.0014812604484956131,0.0025254541050799047,5.527802135030235e-05,-0.00135078384427878,0.0010412608457825556,-0.21007037833033385,-7.100000000000364
364.11512067101575,-4.50794519137187e-05,-0.0012969132031347415,0.00249585436602544,-0.0014805020267487645,-0.0028271274350419873,0.0009520306861100831,-0.8527425588981898,-13.639999999999418
412.65549940493673,-0.0003629122665756743,-0.0011056699876781822,0.00245886474570926,0.0014175713724391414,-9.754944944151411e-06,0.0009596102032284787,-0.3589096285613398,26.029999999998836
352.4317358393599,-0.0005379654559512794,-0.0008856213593615758,0.0024189056960162506,0.0004465640580968433,0.0003815056467171285,0.0009791601386549972,-0.29407407954016784,3.610000000000582
334.63503895731935,-0.0009115855641053932,-0.0008398500999321752,0.00238877154471963,-0.0003380237743388914,0.0015261143565463708,0.0009002419761501774,-0.47689683227333357,10.539999999999054
379.44188685036033,-0.001017336827673526,-0.0007925601163713878,0.0022720698298779405,0.0009927387016364086,0.001101235638413245,0.000971395310631832,-0.04684529820565037,-3.899999999999636
319.5955455090108,-0.0011206047544964346,-0.0007056245619700955,0.0021472966041659455,-0.001311150954509288,-0.0006576295866144166,0.0010023020039898788,-0.9055462645491933,-16.230000000001382
297.80569346168284,-0.0013560418004755705,-0.0007332328121646682,0.0020398689513290466,-0.0007512968815215348,-0.0010707705646471055,0.00097621797011572,-1.3609637865511968,-3.8099999999976717
399.577660453164,-0.0013541606412637755,-0.0007843076378812725,0.0019269198000832909,-0.0005565729859219326,-0.0026168884038387796,0.0009712838542496047,-1.580793866373512,-14.290000000000873
373.17112968098377,-0.001489521597532974,-0.0008255287120949742,0.0018062490685746015,0.000201910770637026,-0.00110580493384127,0.0009287162876873245,-1.3946413470661458,13.970000000001164
424.7265869651724,-0.0017160095396581967,-0.0010298796932255631,0.0016798972192348584,-0.0001931874297932401,-0.0005478934851668171,0.000926137176927942,-1.366759690431524,5.149999999997817
404.4811081757994,-0.0021474316242980043,-0.0012142897058890962,0.00153349133866228,-0.003163241269334649,-0.0031545844057581096,0.0012193907004633235,-2.472211766376855,-24.0099999999984
351.94322737910437,-0.002596589459328904,-0.0014321356696013533,0.0014090740090712997,0.001116201473821521,-0.002243361895407414,0.0012909689387884996,-1.7702121976179943,8.389999999999418
346.8729656868632,-0.0025895551222450994,-0.00164310143813777,0.0012960826662953375,0.0018307049356152127,-0.0002236196642013688,0.0013676699625161657,-0.9208844927325662,18.610000000000582
353.4787484709225,-0.0022324482497021324,-0.0018699320122209837,0.0011753520580063406,0.0018447319818328811,0.004799121848908738,0.001413440882770602,0.008396480247339699,46.1299999999992
338.5403078658478,-0.0021833713726769205,-0.0020995483323889537,0.0010620898838005347,-0.0028178172753874353,0.0008506305761444288,0.0016207062226571915,-1.2747939037130671,-36.25
360.267799652084,-0.002215876468029469,-0.002322939752100358,0.0009644571396712423,-0.0005434191935659305,-0.0015211709867850587,0.0016226645449056735,-1.4667555387054072,-21.829999999999927
339.7874045842729,-0.0020437184768770096,-0.0025043934845733647,0.0008759514121161792,0.001284254023488307,-0.0020797659044110572,0.001645459898265774,-0.7441568464143412,-5.180000000000291
348.07394202682343,-0.0013817153041164923,-0.0026658840515844384,0.0007900749625636798,0.0005973190150534435,0.0013378980545593055,0.001626206882879186,-0.33937772124595245,31.5
345.25965438044136,-0.001045686856864678,-0.0027486252506370764,0.0007046343053943238,-0.0012286572361073222,0.0006513701609394129,0.001649371019583436,-1.0045820661129923,-6.319999999999709
334.6085570445022,-0.0009539169856264538,-0.002821826494430231,0.0006106588021348507,0.000586829587947868,-4.561345205866818e-05,0.001655857931833819,-0.5828851181592063,-6.4099999999998545
327.47062134004443,-0.0012801250205831903,-0.002907941646024946,0.0005166589936465757,-0.0012153281223016288,-0.0018570958754235978,0.0016872512044013071,-1.2516603427927022,-16.68999999999869
328.3890085025113,-0.0011201253354843452,-0.003097645741531802,0.000402345152002473,0.0004621474087123101,-0.0001673551047109978,0.0016966049410552474,-0.8911438800223175,15.569999999999709
375.6797287032625,-0.001236389844855423,-0.0033544882998753707,0.0002728570907405527,-0.0033933122836383722,-0.0041444969747126414,0.0017351820665156097,-2.5787102416684458,-36.6200000000008
340.2529767655642,-0.0019578479963725587,-0.003731396064354725,0.00013204747533857947,-0.0035150170734074004,-0.0064374415519454775,0.0019377111329962474,-3.2422987623345683,-21.040000000000873
390.6784885575432,-0.003160287729768929,-0.00420819512521753,-2.6740869483933713e-05,-0.00378789537047175,-0.010658174328429748,0.001998831250939109,-3.3047712807181036,-38.86000000000058
407.48825310073755,-0.004774009013676991,-0.004595623328572694,-0.00016530053507037704,-0.0049833065821173195,-0.012236578207766469,0.002092177464569519,-3.3025416054966406,-14.139999999997599
563.742395759591,-0.005988868658243952,-0.004982921603156823,-0.0003205481709325617,0.0037716558297808955,-0.005013680639159412,0.0025440341302414393,-2.1256604608424734,66.38999999999942
505.3785652635754,-0.00688513990678094,-0.005370248983570908,-0.0004798493127740396,0.0012990598590503222,6.701536629405425e-05,0.0026281118632189623,-1.6681207353208078,46.42000000000007
517.8755209237976,-0.007930439971108264,-0.005872309104778108,-0.000632284220445635,-0.0005492694716027202,0.004523557943387546,0.002545150444830102,-1.5967659778447152,40.35999999999876
572.5719267454466,-0.008672051141126133,-0.006224811730819445,-0.0006811061332236691,-0.002067487359859288,-0.0013199592132603355,0.002509467091032694,-1.7514617144959177,-52.969999999999345
551.6651686834856,-0.00866524319729367,-0.0064425817099694905,-0.0006992691295825834,0.002494715938315961,-0.00012743051741181954,0.002728692199510256,-1.211899773631062,10.840000000000146
607.4373787832692,-0.007845186346290616,-0.006712673900883311,-0.0007277484332791429,0.002909301855448909,0.0033326005715541562,0.002920019114825758,-0.6605538339689984,31.479999999999563
598.6475039211964,-0.006359995442873805,-0.007008281048174185,-0.0007559789971838647,2.6291803968181426e-05,0.005437709751640707,0.002922658432875302,-0.5969830106819551,19.049999999999272
459.7197343350296,-0.005450803810191759,-0.007278346932087893,-0.0007832060222742563,-0.00045571262061050444,0.0024786197076633876,0.0029039682576197205,-0.6148135455741286,-26.80999999999949
330.72320440511703,-0.004704424996513294,-0.007454488015937265,-0.0008082921325399535,0.0002509754066022385,-0.00017856516861802785,0.00278333548184777,-0.5259628698335886,-24.18999999999869
278.77874509152065,-0.0040876074310395,-0.007689250715256222,-0.0008611089211809637,-0.0007363019890016531,-0.0009410027430394319,0.002609307177088362,-0.5987904321970661,-6.960000000000946
339.40180613218814,-0.0031902822053119268,-0.007933670089719366,-0.0008945755247348655,-0.0005899142212090203,-0.0010751391872341198,0.0023551725972820116,-0.6386852923849243,-1.2199999999993452
280.7473568843148,-0.0023826754564376497,-0.008222278403001658,-0.0009281002240093964,0.001796021543481352,0.00046785855551112476,0.0017588650661916239,-0.2537013640865588,14.079999999998108
317.8040777588148,-0.0018494379081738736,-0.008413209858087632,-0.0009490751674290609,0.0006801037349852823,0.0018859711161332005,0.0014668880114809448,-0.07206104752568877,12.93000000000211
302.09484413179604,-0.0014709027842727564,-0.008600132862604184,-0.0009793366528062215,-0.0003403679695136441,0.002136135580426579,0.001454012018888417,-0.08621843498789382,2.2699999999986176
333.3997979161341,-0.0012391208087320818,-0.008799566509346803,-0.0010036113883008931,-0.001830511295086712,-0.00149162848156148,0.001563733691717941,-0.3942059001649079,-33.08999999999833
308.61471996647947,-0.0009663899641421509,-0.00901441044776717,-0.0010185825501475736,0.0002149749817379476,-0.0019557477862403028,0.0013955281510368235,-0.2787833044012948,-4.250000000001819
296.8798477537634,-0.0005519426053370838,-0.009192047744773984,-0.0010338078205435592,0.000121719868849679,-0.001494406649397928,0.0012244618787257632,-0.17796332055324587,4.220000000001164
299.0177078208109,-7.906327990779003e-05,-0.009402216048352605,-0.0010050369363494216,0.00023244569048985753,0.0005692449771534935,0.0008737748214628383,-0.02491745252877278,18.840000000000146
320.2304222177948,0.0001129225469395591,-0.009574732736027462,-0.000976835932398327,-0.00046807190549114086,-0.00011404384108415488,0.0008813424539056505,-0.06513601821966408,-6.229999999999563
283.5111116123416,0.00012183371209170686,-0.009710806011933991,-0.0009298471362672278,-0.00035752435223390666,-0.0005931750875234343,0.0008781261236350769,-0.06882995413209533,-4.3700000000008
276.20572173893356,0.0003452016822188751,-0.00977591956033597,-0.0009079302671911191,0.0014349972572682557,0.0006083838584252099,0.000979987005737436,0.6918323210587201,10.959999999999127
270.29463147920643,0.0005550850618491454,-0.009696649081366328,-0.0008941761544038175,-0.0013540635051402239,-0.0002785619186117527,0.001037474571299455,0.0969375304281002,-8.090000000000146
270.93088624076904,0.000542299151975615,-0.009459844468597165,-0.0008776947304094712,-0.0004892646987839644,-0.0004103126714206651,0.0010330073027883405,-0.16401030869605002,-1.1999999999989086
328.36043827184443,0.00042442532788038547,-0.009049321502509314,-0.0008681583010805041,0.0006299897050463521,-0.0012138368638311414,0.0008906669332655964,0.015527125038703559,-7.3400000000001455
303.13810143265465,1.2053907054179823e-05,-0.00858858906565859,-0.0008263404445430019,-0.0006087528792365626,-0.00046842158381332766,0.0008617142416839973,-0.4828900686538774,6.81000000000131
312.5454599856771,0.00031657962937251536,-0.008176090700458244,-0.0007854157291323367,0.004878477081035282,0.004899432131231007,0.0017064069192002933,2.4709604725092396,48.909999999998035
286.8243593469492,0.0008575305443950358,-0.007786605685765097,-0.0007368903329541942,0.0013128146877969815,0.005585170560491459,0.0016045322855454298,2.680529781885873,6.280000000000655
291.9476094072626,0.0010191960311087328,-0.007296816094001054,-0.0006979820634099044,-0.0015128840565800106,0.00467543585269059,0.0017032374059111194,1.842579047730558,-8.320000000001528
358.01800934536897,0.0013232002800660858,-0.006906385978849122,-0.0006892746612571641,0.0003244465564422594,0.00012232549503599088,0.0017021150986939275,1.8413949564053969,-41.479999999997744
363.06852119944597,0.0017737567293437373,-0.006643590096534275,-0.0006558079630840436,-0.00022059578334443497,-0.0014092618609237162,0.001709609640432255,1.5495602370948238,-14.040000000000873
360.31660855398036,0.002163809024044073,-0.006364816691505145,-0.0006232935206869905,-0.0008574549426543232,-0.000753764727087991,0.001729045295388269,1.0061316592360967,6.020000000000437
390.3239197304591,0.0026712818110848427,-0.006087796553669012,-0.0005890324242468949,0.0003115724569948686,-0.0007666249500384303,0.001717897187364816,1.0837801347937992,-0.12000000000080036
318.6425197707585,0.0024782240816770954,-0.005734150198959966,-0.0005623121519488764,0.00010928961748635224,-0.00043691971600223756,0.0016819807219447974,1.0567938360945337,3.0200000000004366
355.07655995734996,0.002307471668646176,-0.005440671881997212,-0.000514432979124682,0.0019855753469566473,0.0024073071940440283,0.0016758878801110008,1.82483510945517,26.020000000000437
344.8844542412835,0.002150043756480219,-0.005163698593500547,-0.00046834962500684246,-0.0017711526779413678,0.00032021857923503205,0.0017814174960537035,0.8995210545576903,-19.090000000000146
395.79575840664654,0.0018380862928915297,-0.004943348537337555,-0.00041870250670355614,-0.0007975588144999435,-0.0005868211124467893,0.001810759016245527,0.48274576604888114,-8.300000000001091
376.0356902622093,0.0017988361073984914,-0.004753925758251873,-0.0004002774352170649,0.0016947984993926912,-0.0008768514489316814,0.0018319409007079182,1.1992508314377115,-2.6700000000000728
382.2393373265512,0.0018819111177802654,-0.004588982475760697,-0.0003928960975657097,-0.00030018130951092736,0.0005954377450716475,0.0011940020535621768,0.9872285036723989,13.489999999999782
408.40492633812244,0.0018119638262985359,-0.0043944730692494,-0.0003932414061349921,-0.000934663117276191,0.0004581423040295185,0.001148739108122425,0.5070776728792115,-1.2599999999983993
310.7202025162899,0.0015215262474643115,-0.004214675020201653,-0.0003973233391820349,-0.0012830853503128514,-0.0025160651579007043,0.0011258980690741244,-0.12683103750669952,-27.23999999999978
290.16120667812044,0.000930196630070007,-0.004072255455002346,-0.0003866433015895716,-0.00022652460910821404,-0.002442571721199438,0.0011162099343504156,-0.2735616114800368,0.680000000000291
349.3322599656877,0.0005074752022546739,-0.003888423268025449,-0.0003765414997433426,-0.0008778449235498087,-0.0023858392842700527,0.00113378986326745,-0.7170314641973654,0.5399999999990541
331.41609055076555,0.0003127380337427184,-0.003708385201255933,-0.00037154664487643437,0.0010265129563025166,-7.879116838538369e-05,0.001171184728131607,-0.2681164780964461,21.110000000000582
300.04765510479024,-0.00017193370684170814,-0.0035426357296448373,-0.0003679196760136761,-0.00028564049134549574,-0.0001379157859940916,0.001165307965362394,-0.48081342967868584,-0.5400000000008731
333.3108619305674,-0.0006449589607828739,-0.003476133423230952,-0.00035927971158675626,-0.00016420810640682681,0.0005762495357686248,0.001162695399429609,-0.5859493104014374,6.520000000000437
383.13108217169975,-0.0009634965593879112,-0.0031737668179203996,-0.00032998723993161663,-0.00035365286179611655,-0.0008032954814082283,0.0009459496337321907,-0.848476399266284,-12.600000000000364
347.61877270824004,-0.0006148431059516714,-0.0028755351298045133,-0.0002822188102552102,0.005193854997031844,0.004673362708339068,0.0017735440670604604,1.910834503102193,50.030000000000655
351.6504970158371,-0.00028592012478645905,-0.0026138522114190843,-0.00022367319057415777,-0.00026695897766704224,0.004570114690827465,0.0017522376457552173,1.6383501844365784,-0.9500000000007276
440.34472882629495,0.0001814267572855378,-0.0023523517168463617,-0.00017472396690381827,-0.00011335162218151229,0.004811599536474143,0.0016952570114491642,1.5411804717566973,2.1900000000005093
408.6790030259296,0.00037156362879064124,-0.0022656285355704925,-0.0001127555093550111,-0.001045351239106429,-0.0014252340521975215,0.0017253426661657356,0.8426731255899373,-57.01000000000022
387.4459587574519,0.0008487469376893077,-0.0022719550724659993,-6.0257562798352615e-05,0.0005150386933729934,-0.0006441423914358424,0.0017002607077649698,1.1560869881002724,7.170000000000073
395.4236342603887,0.0013141082568392621,-0.002158061626994583,-1.018341154949787e-05,-0.0008648632141937673,-0.0013952550428115718,0.0016716667891992184,0.5939911478084543,-6.890000000001237
348.61619321200607,0.0018187247798079312,-0.002050815560084918,4.124617091610986e-05,0.0004966625369087208,0.00014621861210173392,0.0016674737686060907,0.8627577819105035,14.140000000001237
361.39701300249504,0.0016705053549546749,-0.0019501635043706854,9.961592727146336e-05,0.0007178938869916163,0.000348999027165231,0.0016306899592035305,1.2095078634875047,1.860000000000582
372.9534521914254,0.00154708596661346,-0.001799857882430535,0.0001618585973775082,-5.778279773416273e-05,0.001157059976094832,0.001623123465706379,1.083854433732045,7.399999999999636
332.2601559751554,0.0013872788425738263,-0.001593975126744057,0.0002299298682723467,-0.00017990023714120618,0.0004800506235203006,0.001619854102470984,0.9121294989042222,-6.200000000000728
319.8023013940383,0.0015711597012602388,-0.001442699670362522,0.0002963826060395742,0.0017982355699501795,0.001560135538819063,0.0016646256714737116,1.7111934299622769,9.909999999999854
354.1953692695605,0.0015420263475545157,-0.001367275480877577,0.00034918122671643176,-0.0014455853586586853,0.0001700874969334798,0.00174274689800876,0.9319361220328514,-12.75
363.1482244354004,0.0016523333425787314,-0.001189705465806922,0.0004083517431935671,-0.0006028358357015318,-0.00025299615053264723,0.0008833299987799279,0.5785809215625735,-3.8799999999991996
409.3239368265463,0.0017175866459535883,-0.0009670411355396451,0.00045972208057863423,0.0009653373008513544,-0.0010841890189940973,0.0009309066297920675,0.9930319650844528,-7.640000000001237
384.27702831825684,0.0016338541759924187,-0.0007817879846168089,0.0005034446812934122,-0.00016127924957198836,0.00020058190554994582,0.0009316112845267776,0.8632365049561953,11.800000000001091
414.98073797711027,0.0016798147288797538,-0.0006306881058761529,0.0005364542971433412,0.0005351411148590834,0.0013394736784695382,0.000878875210581398,1.0553807181997235,10.43999999999869
393.38806540195986,0.0016620776094709647,-0.00046782978389501244,0.000554654458999162,-0.0007734154243000946,-0.00039992894995222183,0.0009075297641829707,0.6232518769512195,-15.949999999998909
394.8167701978611,0.0012629573978589197,-0.0002698098900018315,0.00056970555774751,-0.0008459646613523386,-0.0010844509354068776,0.0009058398516255664,0.15422120399498876,-6.279999999998836
372.63405449688236,0.0009268797466668008,-8.413893822675329e-05,0.0005758050755544246,-0.0008957796883866109,-0.0025130554702256225,0.0009304837287530329,-0.36511267256924845,-13.1200000000008
398.4771059637213,0.0006112942871095975,0.00013411973924050137,0.0005927342977315419,-0.0005438468317645606,-0.0022838865535224073,0.0009031566228709154,-0.7801766179204662,2.1200000000008004
358.8927044327408,0.00014647469004416382,0.0002862862504830172,0.0006122500650533647,0.00023819904042943207,-0.0012012831143892733,0.0009109243842417531,-0.7279773005024409,9.93999999999869
282.1319924765379,-0.0003013770491802188,0.00046855774136237723,0.0006348413389978665,-0.00045771389931825723,-0.0007633512759105399,0.0009150164424921566,-1.1346597156910165,4.020000000000437
292.4361737984698,-0.000747008151828724,0.000652994512136385,0.0006365982961205706,0.0008721311475410332,0.0006523157208087049,0.0007584279765644208,-0.7191628091927446,12.959999999999127
292.53723902269695,-0.0011350290976678966,0.0008679646235532823,0.0006440231639294923,-0.0004455130934988283,-3.167948229176876e-05,0.0006655188482138322,-1.4246057248549198,-6.260000000000218
280.42377637110945,-0.001355958639331085,0.0008503039700714669,0.0006421790953532345,0.0005735260380821394,0.0009999999999998899,0.0006833769286544072,-0.808744721610209,9.44000000000051
281.61959524860407,-0.0012840071132964954,0.0007250891753831312,0.0006048209852588481,-0.0003996003996004083,-0.0002718940202970366,0.0006027166378026176,-1.0939430281829763,-11.639999999999418
293.45279611043856,-0.0015685801425921557,0.0006106663631285233,0.0005653422200963744,-0.004060951407297675,-0.00388796032292249,0.001268371173923139,-3.3459037084173118,-33.100000000000364
313.35581111255095,-0.0017979132867519197,0.0005617047008095382,0.000526652799269513,0.000847744812361162,-0.003614964270701848,0.0012948777687458658,-2.313915543599594,2.4800000000013824
301.917040589781,-0.0019751526123121194,0.0004884170057674128,0.000511702671434704,0.00028489903616457646,-0.0029326666295305115,0.0013098429462032747,-1.877597931984128,6.259999999998399
280.31671240942364,-0.0022870504935013536,0.00047512992030731833,0.0004937529840128821,-0.00028481789182166484,0.000847744812361162,0.0013025775176844661,-1.7966930761574755,34.580000000001746
334.75514332608094,-0.0024659844025163007,0.0004502055435078754,0.00046524999234975553,0.0009807101437204757,0.0009807101437204757,0.0013438648770609284,-1.201593631975477,1.2199999999975262
326.75204033829476,-0.0027176587260316094,0.00042701504269741634,0.00045203661105667955,-7.88178202711931e-05,0.0006167402811372291,0.0013397341975989044,-1.1368945139267022,-3.31999999999789
265.95228734857363,-0.002725534197544048,0.0004128274420469572,0.0004373041766865288,0.001492182736003933,0.002395343434830277,0.001420179352212033,-0.3814223046551011,16.229999999997744
162.959486178669,-0.0021105071756831913,0.00042705068505188604,0.0004349241732625681,0.0004634943538954772,0.00187739669118403,0.0014214088060013428,-0.12077189439275368,-4.709999999999127
125.76721345021178,-0.0015301731330472244,0.000398486618883264,0.0004213610594257911,0.000904706440242542,0.002862845087784782,0.001423213247171232,0.40551401865561043,9.0
172.30003383750207,-0.0008261175628119865,0.00043997238271724,0.0004094622935839918,0.0009082552983377123,0.002278118475278479,0.0014362828008478658,0.9016636857637859,-5.309999999999491
151.82601395294483,-9.30432480414296e-05,0.0004634650308394108,0.00036218709595064763,0.00046462218363707564,0.002279248350659069,0.0014336081040391044,1.120624221453626,0.020000000000436557
187.77141576841055,0.00044064426252937114,0.0005302400906796751,0.00031783383431719406,-0.0003466695737490699,0.0010261538226412625,0.0014319214503466507,0.9744835615578424,-11.460000000000946
135.42975849696492,0.0012689108450490026,0.0006975613310690105,0.00028031460518082027,0.0024089894894339103,0.002527064787527955,0.0007792305648967866,2.069862666130809,13.770000000000437
76.1324249016673,0.0021369167501711452,0.0007922867171408982,0.0002459683769078511,0.0025511563973104057,0.0046179003597515145,0.0009507439099049568,2.766562969523035,19.19000000000051
169.71905565730285,0.002718587217325453,0.0008692780208586983,0.0001996591556830425,-0.002448086672685701,0.002506047010737422,0.001337334356992938,1.6123125261677427,-19.38000000000102
213.07745512061695,0.0030723820159968946,0.0009922129760349173,0.00013908849386453726,-0.0006320163606300389,-0.0005352532825060319,0.0013613945966165883,1.2728620679802607,-27.899999999999636
413.9263406472913,0.0033238082391546893,0.0011651130619386766,6.927094915331396e-05,0.0006280620747383114,-0.0024524272518925416,0.0013551784325874173,1.389149946249252,-17.68000000000029
426.1980927067884,0.0034777244089557856,0.001340213805632102,-7.880022088454146e-06,2.5019689407601575e-05,2.0668349142827225e-05,0.0013512891306049677,1.280873785151705,22.790000000000873
308.8825207083076,0.003570693659176926,0.0015102555217912678,-7.318500427758791e-05,-0.0008941595715865613,-0.00024164606688359402,0.0013730337462466516,0.894870179384978,-2.4099999999998545
314.90029393963937,0.0033892752493666456,0.001675126515956327,-0.00013217162596198685,0.000631480156824793,-0.00023823095566521957,0.0013753049909764844,1.0312621493144285,0.029999999998835847
400.2273386256036,0.00272026624682296,0.0018019200476918425,-0.00017623207450078555,-0.0010695745748087182,-0.0013325370744448062,0.0014202825146096326,0.6212909637417047,-10.05999999999949
338.4219499236837,0.002471384505114107,0.0019671792660506658,-0.00021343189756485703,0.00037796517492050263,-6.0970497900436627e-05,0.0014039086868642523,0.6980220702598067,11.68999999999869
364.4717860946314,0.0023515065474654893,0.0020697189163442907,-0.00025603782027715634,0.0005509455903121019,-0.00014144933339277355,0.001405935140470038,0.8266178929819943,-0.7399999999979627
357.86460365364826,0.002142467621949119,0.0020656181292093923,-0.00032813155616582634,-0.000235056756412666,0.0006938438513672818,0.0014027263677075703,0.6947502012831005,7.670000000000073
347.003338179594,0.0015980283733299508,0.00218262391503383,-0.00040228839021575814,-0.003114145797753709,-0.0027993697879293844,0.0014997205511075168,-0.4320826820096484,-32.07999999999993
338.9762539286236,0.0010250717162474032,0.002222476684608167,-0.0004835084512099944,0.0001211988862805935,-0.0032276774977773037,0.0012167591395742313,-0.4730952920202266,-3.9500000000007276
338.2716536281331,0.0004192038799950413,0.0022848627537120033,-0.0005752291331693614,0.0002303591528458604,-0.0027636547292893,0.001063960453182843,-0.4750940489193281,4.269999999998618
315.8596145954522,-3.7746736304742655e-05,0.0023859375893052607,-0.0006614441573330729,-0.00015499273062269392,0.0001965387345088665,0.0010585780720159521,-0.6641094770406087,27.19000000000051
316.37912652045986,-0.0005051666041631217,0.002463294749949287,-0.0007297013382828544,0.000532733644094785,0.0006081044935319913,0.00105179186026185,-0.5283931100446391,3.7700000000004366
408.68308188969183,-0.0009381239079420474,0.0025704309137310334,-0.0007921563694193421,0.0007157524456693487,0.0010936810991823975,0.001086529330218197,-0.2938702886906489,4.450000000000728
455.90937739587446,-0.0011671820395829926,0.002675799059675725,-0.0008409551148523008,0.001670348265432775,0.0029213017040927713,0.0011837826131770842,0.5690466244593009,16.73999999999978
442.31408947205455,-0.0007848280982775323,0.0027481242229978305,-0.0008909097312310111,0.0010493019529644876,0.0034391032145577594,0.0012092287500501877,1.11458128765959,4.760000000000218
373.99688795528095,-0.0005791905728187323,0.002728655225332106,-0.0009171242992866278,-0.0017082214272511331,0.0010085327320661364,0.00127551941746828,0.002681249014824711,-22.270000000000437
404.52713869023614,-0.000564636495807725,0.0026765609886761125,-0.0009471244061225258,-0.0018919528286164278,-0.0025514147072076554,0.0013789781767576273,-1.1786753318141743,-32.68999999999869
387.14207926622606,-0.0004393528410125375,0.0025737510710995832,-0.0009761788263723638,0.0004954373926460143,-0.0031032870486153996,0.0013763715237141074,-0.8437656847109484,-5.100000000002183
365.3273177208,-0.0005079965599751753,0.0025217894539423277,-0.0010029548719434542,-0.0013176035322245427,-0.0027132150236520713,0.0014144873216246562,-1.5552828219990154,3.6300000000010186
383.45292143385984,-0.0005114454237772727,0.00235674823945787,-0.0010354098811993723,0.0017496570584791815,0.0009253984778940794,0.0012110782214430989,-0.462510673870138,33.38999999999942
368.57898300675606,-0.0007156477426793086,0.002145678965887833,-0.0010466093584414382,-0.0005560340598118607,-0.0001265248424984211,0.001226913596247178,-0.7615244470579544,-9.639999999999418
358.04129205058325,-0.0008193125814066296,0.0020519932039332355,-0.0010726939749062235,0.001429038944038341,0.002623393417270359,0.0012885883669708877,0.2719581501359096,25.18000000000029
362.16498223448735,-0.0007447588494367423,0.0019497734075054748,-0.0011012759708417716,0.0003191686365071611,0.0011916573085770654,0.0012850557823120504,0.5166453109612104,-13.090000000000146
367.78106627538955,-0.0005406288492059479,0.0018131454851790616,-0.0011136958567525934,-0.0011129224232090396,0.0006337951347223925,0.0013340457081353469,-0.22656065216177312,-5.1200000000008
385.02157330061203,-0.0003391377244949014,0.0016934050940593647,-0.00109937751546722,0.00040772674894595795,-0.00038670602716761593,0.001323415522791467,0.1393896511813696,-9.360000000000582
398.95564671438314,0.00010561091845977846,0.0016443388589040503,-0.001092834149335408,0.0005296108014449796,-0.00017641236062615473,0.0012339594195889857,0.5702284471293754,1.930000000000291
387.93309775406874,0.0003836366939621225,0.0015803886153245008,-0.001094245988584923,0.0011566850843172105,0.0020953230253326627,0.0012430168247541944,1.4661907448788154,20.840000000001965
400.2537369179151,0.0007881599801112394,0.001929266508796316,-0.001025977817367166,0.00021431609774991145,0.0019015861080691199,0.00112718151227385,1.5112955996767816,-1.7700000000004366
377.9894843316845,0.002292596890898842,0.0022915516918267046,-0.0009841264902647863,0.013385903850337222,0.014775508336954735,0.0038905953821498666,4.328987920022267,118.20999999999913
365.360879997279,0.003816747819271105,0.00264320275977611,-0.0009171653037976519,0.00039712055399387935,0.01400561138290457,0.003892757405272418,3.1626350910003946,-6.920000000000073
355.12924006421105,0.005506376449254143,0.0030668165024397114,-0.0008347501620124766,-0.0001416192009887629,0.013644768327169876,0.0038329174131521435,2.5290398512946446,-3.289999999999054
368.4365594482638,0.007400704931817324,0.0036159016041341324,-0.000782644177249025,0.0028478075422904148,0.0031039801139198797,0.0038529574126309066,2.4855007523244614,-96.53000000000065
354.10232003071155,0.009115138353206478,0.004281736170072129,-0.000695067231592993,1.2839731264424614e-05,0.0027186595098902533,0.0038277973595723237,2.1233240662616306,-3.5799999999999272
342.86141292885964,0.011084989725660573,0.004974902166109922,-0.0006115694749116422,0.004499198062081433,0.007372752683902917,0.003915438904135961,2.309533168597397,43.36999999999898
371.77431931859184,0.013168590912980978,0.0056420677394843684,-0.0005539023794601891,0.0010470635353465596,0.005563883547917259,0.003894705891724523,2.094080088649724,-16.709999999999127
362.5902642457243,0.01307496601065559,0.006198799234936426,-0.0005231795128985007,-0.0034752111887754733,0.002056470552989298,0.0041162752007129445,1.5258231896363232,-32.780000000000655
350.08742742010276,0.012575242316403024,0.006740310168331002,-0.00047497340651833045,-0.0035951749698088786,-0.006018218692480759,0.004387334767805545,1.0399553560396684,-75.71999999999935
356.2082804824235,0.012265489643169918,0.007252829916227283,-0.00043761871945912587,0.0020843022570475878,-0.004988300689828251,0.004382036567032352,1.1598797039895423,9.6200000000008
328.9876438928662,0.011724226668406607,0.007774026866382054,-0.00039039114739612257,0.0009025666471680349,-0.0006171699235372197,0.00438465006412802,1.151687190000602,41.099999999998545
360.47998918223084,0.011423398778426111,0.008322824527359227,-0.0003582267375552836,0.002078091361230161,0.0050730523829629615,0.004367366747045968,1.2490215857814602,53.1200000000008
374.1788242488036,0.01024199903927562,0.008961370503753788,-0.00032471174618144014,-0.0021313572875573117,0.0008448194920174235,0.0024669220708668635,0.9503992479686796,-39.44000000000051
357.9693362955368,0.008942165507462574,0.009591735886417435,-0.0002811139373573287,0.001386898827974381,0.0013291237292392122,0.0024841375588789,1.0057334997038885,4.540000000000873
370.98622568444455,0.008167162555499652,0.010293379067411422,-0.00024481379350293895,-6.935560110499228e-05,-0.0008167182002345452,0.002482634696231318,0.9223963264704333,-20.100000000000364
358.22280810695054,0.00785689438872965,0.010918887768401496,-0.00021481955601177833,3.84149972150194e-05,0.0013559126446067715,0.002367359390576789,0.8533698150652058,20.350000000000364
371.6940886901781,0.007366007199587855,0.011520210059493153,-0.0001924872827910623,0.000494040568946863,0.00046308201353184586,0.0023673938914616816,0.8374926231344774,-8.350000000000364
358.57369242670364,0.006502365525318301,0.012077087795356366,-0.00015873465025054203,-0.002348466830839002,-0.001817242784916684,0.002061222729212151,0.5113898992654646,-21.3700000000008
364.45718061881837,0.005492568677930387,0.012615486522680434,-0.0001223021176304287,0.0011524099586179837,-0.0007053149375247925,0.0020676911329327954,0.5840758728833276,10.420000000000073
355.11540760096784,0.004715378334124374,0.013172870722558079,-7.768240891751741e-05,-0.000940727745275205,-0.002138363304192481,0.0018283770442474997,0.40096762163335653,-13.43999999999869
344.50482234085354,0.0036668599633493558,0.013686016182231404,-4.2949810270978946e-05,-0.000244755394237961,-3.420882994042973e-05,0.0014616719692454984,0.29409033290663744,19.729999999999563
320.70483466031845,0.002565910710674874,0.014157473702312184,-8.339172461645782e-06,-0.0007697250050512361,-0.0019540655775864835,0.0013555709099317631,0.07243141987372169,-17.979999999999563
313.84676119268016,0.001422628821978659,0.014550974529499354,3.2047528471055694e-05,-0.0005402924426461952,-0.0015540364332834455,0.0013283076324133863,-0.19530327347155635,3.7599999999983993
340.5724298024129,0.00014278748818371712,0.014893825032685515,6.172670881307735e-05,-0.0010693939244722506,-0.0023775950156029735,0.001144711493370807,-1.0962168545941355,-7.699999999998909
424.503181006889,-0.0010505838367325477,0.014686493799013751,0.0001002601735588922,-0.002478634768398158,-0.004083754957584396,0.001195181916370299,-2.0951729415316094,-15.930000000000291
436.9657576901349,-0.0017595270337179797,0.014483960893313755,0.00012955896064136257,0.001160214940560289,-0.0023892765159381213,0.0011649332427318695,-1.595445950221692,15.850000000000364
429.4015048930787,-0.0022843486145379117,0.014330997150986098,0.00016682646691469594,0.00032727358569517584,-0.0009944544163742464,0.0011827631420065251,-1.476660434952836,13.039999999999054
399.118033188062,-0.002492040297170515,0.014141749400497162,0.00020794375107775092,0.002736399258994604,0.004228338894486816,0.0014959069137952124,-0.3165306690154632,48.63999999999942
398.43652957472966,-0.002572596515195991,0.013911387055050831,0.00023655074352779337,-0.0008557998626441687,0.0022061458760309627,0.0014888764745849303,-0.6661851684425972,-18.799999999999272
395.2561310667225,-0.002742856897739944,0.013487439597712385,0.0002712926808955595,-0.0016059991563150966,0.0002692419498266929,0.0014103951869613878,-1.2509787131559078,-18.049999999999272
398.88460390424564,-0.002507085414456903,0.013034971031784531,0.0003137209642875055,0.0006498673455601622,-0.001812156209148763,0.001371545743217835,-0.9254425014637884,-19.44999999999891
417.43908468174584,-0.001783984272944975,0.012730071162720019,0.0003545127498600397,0.0008873608943911204,-7.066396287780385e-05,0.001395542783029162,-0.4538449169909223,16.279999999998836
411.7350798726516,-0.001425134000024982,0.012567401475989596,0.00039757108229533243,-0.0005460783012040116,0.0009908868437251694,0.001400100463991417,-0.7249111072723013,9.899999999999636
448.01151217148526,-0.0011743575070508573,0.01238713000138343,0.0004456198958389767,0.0007874251946065058,0.0011284915722147293,0.0014121179047706896,-0.32400666311311827,1.2899999999990541
439.0665251658656,-0.0009307769629011108,0.012216816085456366,0.0005131610115169732,0.002897799834503223,0.0031394148610390804,0.0016339842785303095,1.0351269835012042,18.790000000000873
429.9263112717726,-0.000517450278677767,0.011964691956922468,0.000550173298775187,0.0001462325374868012,0.0038342786006759777,0.00158223004040246,1.1547589102755222,6.470000000001164
429.86848829301516,0.0002073547796921273,0.011796962284879725,0.0005812993789384888,-1.0672347201534649e-06,0.003043385640743468,0.001320719703242785,1.107015456964799,-7.360000000000582
437.55010490212345,0.0007592264305928058,0.011591321674149608,0.0006152552258797392,4.695837780155365e-05,0.00019213034122356198,0.0013129314396796647,1.1373643901446073,-26.6299999999992
450.5784993686035,0.0012356199650344348,0.011678466193701696,0.0007118302327284728,-4.588898707003075e-05,0.0,0.001320650503274702,1.1219982101190225,-1.8000000000010914
471.4200576831853,0.0034502462454373346,0.01194642852730737,0.000824104528614627,0.01673210594225627,0.016733191035218864,0.004893851653309365,4.178248232090732,156.79000000000087
382.7050721041618,0.005562613521309301,0.012151540281765821,0.0009174041284626099,-0.0001427553247211888,0.016540311874362335,0.004865688998254173,3.053440689923453,-1.8000000000010914
401.6899249358537,0.007011847469080954,0.012454037856021177,0.0010106429672100817,-0.0028807098472195536,0.013658469948271135,0.004956317218653537,2.160879743328917,-27.01000000000022
378.9200412313818,0.00855189410633293,0.012694813179362718,0.0011049159306367525,0.002335230927806853,-0.0006948825365102884,0.004952546085707544,2.1510078811060693,-134.60000000000036
376.75151301322643,0.009883789825112154,0.012924834982860827,0.0011909067070570145,-0.0029033094997252817,-0.003453912316819241,0.005125884623739968,1.5695335581297813,-26.279999999998836
416.7350959997363,0.01112510239821822,0.013158469509978683,0.0012834528770446741,-0.00023913540436537595,-0.0008138564054078756,0.00511621711770599,1.3973049272582492,25.170000000000073
411.7662167124063,0.01238927910808116,0.01341762411307215,0.0013736589592625336,0.00031400614946264227,-0.0028287309995514986,0.005123143705526445,1.3096496367448038,-19.200000000000728
412.5046428243814,0.011266566062903697,0.01370431600212664,0.0014922210526314493,-8.427049142278875e-06,6.63679756607305e-05,0.0051122598945604145,1.1980543260973056,27.55999999999949
427.02840259828315,0.010209690225563941,0.014026420270085202,0.001630327022919393,0.000720518773516865,0.0010263154012639664,0.005105072309196752,1.1756622079873593,9.110000000000582
329.99887315430544,0.00942183118682913,0.014456175050008326,0.0018006147084886294,-0.0011736842105263268,-0.00046243432168568965,0.005140430527661892,0.9572521422675687,-14.1299999999992
373.09002746430457,0.008378430520521497,0.014875608411249554,0.0020047255103730513,0.001988649836386802,0.001533735868772812,0.005136101682843179,1.0965682254876774,18.94999999999891
345.20388768588253,0.007806869914252333,0.015257899200882342,0.0021846705198277335,-7.993504226044834e-05,0.0007326315789473181,0.005136876714934277,1.0023324472665824,-7.600000000000364
360.43978780435083,0.007158574115773443,0.01554828525659977,0.00235452418766284,-0.001285374083829005,0.000620728539285631,0.0016217067521461213,0.7790565418101137,-1.069999999999709
400.53093279271184,0.006757901542792409,0.01586983239692689,0.0025300270782263085,0.0020295447795306565,0.0006615676523920033,0.0017541986916227766,0.9427202974828423,0.4000000000014552
398.84883519151384,0.006135971146920065,0.016190207960646564,0.0027137635319635428,-0.0021021630206400355,-0.0013621599333539791,0.0016534505849432276,0.6224420804720275,-19.23999999999978
374.5034934706942,0.005390148694887685,0.016487183899257928,0.0028981824859175237,0.0005793126402857673,0.0005023834249280323,0.0014948394508623138,0.6325727636440048,17.719999999999345
382.64220484994314,0.004729202134995097,0.01678981493114784,0.0030697108565309094,-0.0011400588030330283,-0.00266238946564068,0.0012730137544017567,0.41666192019587767,-30.100000000000364
411.7939601440602,0.004236238879727,0.017301310746023455,0.0032591227819808635,0.004292483253729662,0.0037286668120213307,0.0017782213657128346,0.9661080613652397,60.72999999999956
436.8188954143408,0.0046866160983534836,0.017938704586379382,0.0034834776205656345,0.009505310402218026,0.012682759426538848,0.0031860627882593856,2.187022131184456,85.07999999999993
353.09362411378913,0.005298957279246579,0.018423957002990148,0.0037041171850169157,-0.0009220383804972032,0.012903796945412882,0.003225898626179481,1.868752877819395,1.9600000000009459
397.82790649070864,0.005540219127665417,0.018874135679615888,0.003915711855339704,-0.0019831195531843093,0.006574383933527939,0.003342131879681541,1.4793316888129064,-59.79000000000087
389.4271777704763,0.0060036473504543175,0.019303502799138075,0.00412400526526407,-0.0007318553053252685,-0.003633059909625591,0.003320667551339292,1.310502557798948,-97.59999999999854
406.51102284830847,0.006273184365710753,0.019745916829363386,0.004316897471996697,-0.001116322936576264,-0.003826817269995675,0.0033444143047561717,1.1053995416599312,-1.8300000000017462
455.793811050391,0.006956763974398309,0.020244459228531474,0.004517593330626206,0.002683213673214002,0.0008308955531972639,0.003389132579891545,1.6697076354781837,44.75000000000182
419.4232323618426,0.006988922976036015,0.020088237436716803,0.004719663458362113,-0.0006291647005270962,0.0009337467553602874,0.0033572636034167975,1.400948962701077,0.9799999999977445
438.3669287538948,0.006388868883692221,0.019929294278590342,0.004939400788283698,0.0006973115460826573,0.002751103470317595,0.0033374781424870734,1.4104169457175533,17.390000000001237
435.7536805977215,0.005733458087938988,0.019858805712560542,0.005149906814118611,-0.0019206972839423964,-0.0018531192090025517,0.0033237080889995667,0.945755162274967,-44.13000000000102
425.8031819797567,0.005131031592558498,0.019698096512043333,0.005350713649622246,-0.0010676000601111957,-0.002291017605813628,0.0033663061807358697,0.6846813787166985,-4.18999999999869
450.829112833611,0.004710500953541402,0.019624081368861124,0.005547620540659943,-9.611356444472197e-05,-0.003082073353137482,0.0033294390356896574,0.6062134432957705,-7.610000000000582
458.35337333214716,0.004303911468644632,0.01952619210219029,0.005749591674086312,-0.00030195097945995286,-0.001465210639683301,0.0031408476677538314,0.48938231335719456,15.550000000001091
413.3739949347386,0.003298594149999221,0.01937124897075417,0.0059435656978325075,-0.0020515875504275582,-0.002448806468025033,0.0013201927809466903,0.02650645425313761,-9.400000000001455
286.9207748169071,0.0022885896391430342,0.019140320611940456,0.006130387777012187,-0.0009812987703916587,-0.0033319089048373662,0.0013215354869525785,-0.2258018984265782,-8.449999999998909
377.00565897440157,0.0006295619998362886,0.018791530180311634,0.006289260193206932,-0.005333780610533467,-0.008348487698835783,0.0018733543079406851,-1.3373136319909658,-47.9900000000016
359.00069110285517,-0.0005156299579803608,0.018552509729711043,0.006461132899440419,0.0021247175474687907,-0.004198534440235546,0.0020685610854264125,-0.9293177133963014,39.79000000000087
401.47980045673717,-0.0014045563404888653,0.018259573101164082,0.006642141191879,0.0014208369792017006,-0.0018041345186180502,0.0021465532482924507,-0.6446261426456278,22.8799999999992
448.58479516983283,-0.0021188990820185673,0.017991439566189368,0.006828067061859387,0.0007834496780609879,0.004334803210684468,0.001955654825324195,-0.5039682648600077,58.340000000001965
439.67024057845975,-0.002763948765429922,0.017774899380720348,0.00698867934527988,0.0002864803320232756,0.0024925119472303248,0.001972754454577404,-0.49376305820602,-17.43000000000029
299.5664565285481,-0.0032566406724595714,0.0174512473301441,0.007136520194628877,-0.0008476549960240165,0.00022159233521579225,0.0019349513258391027,-0.704475511426691,-21.590000000000146
326.21038161132526,-0.003599282524672378,0.017172477495771627,0.007281307633204004,-0.0006929788641446555,-0.0012540073141682484,0.0018945823785473754,-0.9152660344033963,-14.06000000000131
208.70892899136712,-0.0032307001810150185,0.01689989176978528,0.007422474045090075,0.0002763330706592182,-0.0012641389482784815,0.001901758605682469,-0.8936671860393727,-0.1000000000003638
282.00417374176396,-0.002952909310064758,0.016718215967681336,0.007586058883394085,0.0017919923362392787,0.0013744080805535575,0.002008889841848352,-0.541064170918354,25.140000000001237
275.49977393884734,-0.002828177138032582,0.016394223703885637,0.007755952985159565,0.00095101387305907,0.003021801943787761,0.0020407364474914484,-0.31557059371656565,15.670000000000073
286.0810250650492,-0.002539577561286654,0.01572591497355094,0.00793563906724301,0.001021342389585067,0.003768856097553508,0.0019776418176931485,0.029797068642428433,7.1200000000008
243.28885309763598,-0.001822300394732395,0.01514164376253921,0.008112354560861934,0.0008905390429687632,0.002865623941643136,0.0019612183173703807,0.3631142773415409,-8.550000000001091
292.6727217249562,-0.0008450117047131622,0.014669466085969396,0.008297731501680146,0.0017230347158037063,0.003639121498890674,0.0009311244051523293,0.9151899436180322,7.4099999999998545
292.36558078012376,7.588783998079572e-05,0.014295796739529215,0.008475274787168863,-0.0007013881640746122,0.0019118858184534737,0.0009259612957861004,0.7226952442860672,-16.469999999999345
260.36544745603527,0.0013816946669049353,0.013939403859654852,0.008719007384550235,0.004462998784242833,0.00548799103352815,0.0014478759228431558,1.9058854034485506,34.219999999999345
265.3110439503143,0.001909792833881355,0.01336060894877158,0.008914717816410534,-0.004756156019386504,-0.001015551612566501,0.0021677763045568526,0.5818939549811363,-62.219999999999345
245.96443442718473,0.0022305404530958096,0.01276567664185905,0.009105870407472854,-0.001716595603300286,-0.0020304398868635776,0.002250107928558597,0.12195918360252983,-9.710000000000946
275.46420820698205,0.0022462682087118443,0.012106515930861836,0.009287557556987815,-0.0012988181905714269,-0.007755009093262877,0.0022728624671516707,-0.21710912785448538,-55.13999999999942
282.1784273579524,0.0021256409642018362,0.011603965537587344,0.009458306132787421,-0.0003384882047863247,-0.0033506525257358533,0.0022630136189122035,-0.27519890324828034,42.51000000000022
289.5399602890509,0.00204736513440857,0.01119473268398642,0.009658550139401239,0.0036428631331768546,0.002000033490880071,0.0024733011888240838,0.9636547573778104,51.18000000000029
282.40248165995826,0.0020990595087732864,0.010817991988361706,0.009865791768568387,0.0006423680925844444,0.003947631787710293,0.0024395885138022303,1.153595943767483,18.55999999999949
243.421340570072,0.0015502751887969321,0.010477109392213607,0.01006536871500936,0.00038726109330800007,0.004676492787655029,0.0024329466054643116,1.2322889332086875,6.93999999999869
234.82024288449608,0.001757282156369395,0.010271135515796448,0.010254000895683317,0.0008430885002936872,0.0018738347286124668,0.0024288820437810177,1.383843886551126,-26.670000000000073
222.87476535041563,0.0024083585498007967,0.010069241298983388,0.010492691794353587,0.0027867292056102944,0.004020834855586131,0.0025293279074727008,1.9621041879773895,20.580000000001746
218.08106208017796,0.002867136942063098,0.010019096156623837,0.010706319453835487,-0.003425647338183735,0.00019407730328557804,0.0027269872379716456,0.919459664246718,-36.659999999999854
237.01747713251422,0.003000844513661312,0.009942274215755694,0.010855913029698164,-0.001528323007155441,-0.0021757964280240127,0.0027578102981945843,0.3838034643120803,-22.729999999999563
217.61067320412516,0.0030048620219911984,0.009814837553946047,0.01105352062505023,0.003095803791027363,-0.0018682513707788395,0.0025779220053304005,1.283082401683968,2.899999999997817
212.0631215355127,0.0028468706496032592,0.009764855567359693,0.011234599083790467,-0.0013603245613578174,0.00020029898796858348,0.0021807807522420007,0.7678935420009242,19.890000000001237
212.64243225481002,0.0026230980205104552,0.009697442432461494,0.011420921639650913,-0.0003744423781159023,0.0013561772935382077,0.0021099391348098494,0.5818490932814964,11.05999999999949
263.6624933937127,0.0022580393608143973,0.009695550238902194,0.011580759438029517,-0.00030989148580962134,-0.0020436116304624052,0.002062468483163165,0.41357739829769224,-32.599999999998545
253.1677223458805,0.0016412660707216993,0.00972294933071804,0.011788540226505906,0.0017920828971416114,0.0011066388946545658,0.002090415516385718,1.0020958234336912,30.229999999999563
236.4694857019698,0.0012724691192476736,0.00972726540055777,0.011972505232596041,-0.0021556125106790835,-0.0006771702838063165,0.0019685289885807253,0.07974311994669271,-17.100000000000364
239.85575708462972,0.0011735825398397808,0.009713527012483078,0.012151758029443004,0.00043226266534834856,6.471120537132613e-05,0.0019635420420498944,0.19757295229746483,7.109999999998763
245.0285699874625,0.0007281475756462406,0.009780244073206344,0.012293856747885763,0.00022960554810502742,-0.0014950719926652978,0.0019613528561542373,0.24141621616329875,-14.969999999999345
264.6323783293069,0.0010504708889319467,0.009878351753840916,0.012471891924610519,0.005254673226312789,0.005920119112378774,0.002478567815705728,2.3809457698122896,71.04999999999927
216.25807727899573,0.0017497857329175767,0.009937855665689145,0.012669660843889199,0.002764108318170422,0.008264756070196722,0.0024765702622867383,2.7929947742398764,22.4900000000016
180.0621592412554,0.002555651484867611,0.009972898160141767,0.012872498679366897,0.0002442851760302567,0.008279553624065628,0.002173594087982002,2.3765050183984604,0.15999999999985448
195.89201104938414,0.003281331570421474,0.010135934450029008,0.013058552847680798,0.0010545161023263194,0.004066757938637533,0.002060668296780868,2.2664105207826997,-40.17000000000007
214.77978153909677,0.0046894383080113445,0.01014152640531461,0.01330937560447022,0.004094738245847607,0.005399116432939666,0.002174932943254016,2.7083039390642893,12.979999999999563
183.41847347343665,0.006018330849983565,0.01034270698779219,0.013510669219569478,-0.0021445485431895728,0.0029979716863977046,0.0022614519533966943,1.9308216328574153,-23.19000000000051
169.84339826048074,0.0073573530261467285,0.01059001871048717,0.013766789920200025,0.0025278136887818548,0.004474129545071648,0.002267154959768226,2.1192105573762228,14.31000000000131
188.9375778927242,0.007604712039954507,0.010853192011033668,0.013987218399376626,-0.0031368771400077655,-0.002760218264181935,0.0025604053290880424,1.390927439837396,-70.09000000000015
209.35767023891714,0.007374074110676164,0.011083398591657927,0.014233665760977747,-0.00011356374384563495,-0.0007304865680234363,0.002560028142204793,1.2702531147599272,19.729999999999563
205.740351827273,0.006862391278890476,0.01117448338185887,0.014439204406750202,-0.0024171174454754585,-0.005659346257514075,0.002588010386441765,0.7332871790836941,-47.909999999999854
238.54410230939655,0.006460931040185217,0.011241974164978628,0.014665029916247895,0.00139934255740215,-0.0011346050407848862,0.0025928641883224426,0.926739252500976,44.0
210.42079877981777,0.005558306429666605,0.011295249592867544,0.014905395160609673,0.0005002480568876422,-0.0005214200384301426,0.002588500942279012,0.9428267326709393,5.940000000000509
188.62609279369113,0.0048988715717557555,0.011318703236786267,0.015120832570496963,-0.0008450378304222239,0.0010536469847894914,0.0022135929169210646,0.7130692100654114,15.229999999999563
196.01299152424505,0.0040249149176009935,0.0112595649951834,0.015341527217492611,0.0012003895838028633,0.0008547626922439377,0.0021002270951746807,0.8811200135877538,-1.9100000000016735
154.1351719719943,0.003805491082529303,0.011385325627125875,0.015549683531136371,0.0008943075157974434,0.0012489617811495268,0.002109917341131453,0.9708970786866686,3.819999999999709
242.88608406402733,0.003717837599256232,0.0116688731484937,0.01575202991617255,0.0025009982325867597,0.004602010368222942,0.0021994053890137025,1.3486601553516193,32.42000000000189
266.988646814012,0.004326952742629085,0.012577940665663017,0.0155566410196759,0.004094121570092479,0.007505573931658738,0.002199310496937523,1.8965055149170924,28.170000000000073
272.94145829468397,0.008737761276785293,0.013734697170802744,0.016175777760770907,0.0410438543892826,0.047920322983699304,0.011853902638723823,4.203677143453631,391.77000000000044
301.5184993999449,0.011843849304709995,0.014709988704785978,0.016569786937828058,-0.014896746739551991,0.029734355525777634,0.013053256877433013,2.3787877482821465,-175.54000000000087
271.51214447043156,0.01482451887342614,0.015548750462613023,0.01706873285412663,-0.0010874258391569969,0.024420493739846227,0.012985766335006471,1.9939875734851957,-50.659999999999854
277.73554214197304,0.016795554086797053,0.016220493465710698,0.01740182832407248,-0.009515328584007055,-0.02533136154099125,0.013445732643689761,1.2039713881672651,-495.53000000000065
261.96628726501086,0.01867717122371295,0.01703838002177906,0.01770085684808547,0.0012899902013274733,-0.009316081109174479,0.013379802065313369,1.1870591793760037,164.0699999999997
273.850348257626,0.020472804428467814,0.017913582780308492,0.018042064322141366,0.0039477122336708526,-0.0043224205555110196,0.013385903356077101,1.3343605078676777,50.01000000000204
243.73200301662445,0.021958899539194412,0.018759298219365002,0.01849712615692796,0.002119342390867418,0.007373248613538497,0.013372867673587805,1.3539573714550865,116.19000000000051
269.60425382271427,0.01727807241024211,0.019288097203544623,0.018874938652609217,-0.005640630186246054,0.00040052178808269723,0.013554368593855538,0.8938577299937315,-69.02000000000044
260.5965679429824,0.014684475212767223,0.019687411946677478,0.01918194438901861,-0.0019402906805541242,-0.005466677385642105,0.013604863900935567,0.6995187489453345,-58.37000000000262
252.61754899000894,0.012497359609070766,0.020094523412471338,0.0195608010946811,0.0019410314445074128,-0.0056436385223455066,0.01360117901018237,0.7629541511240437,-1.8799999999991996
299.11945839782175,0.011461597939931723,0.02042901599050688,0.019886430951321102,-0.0028085893418825503,-0.00281160624604182,0.013669169434658993,0.5163485399254588,28.399999999999636
272.6971897329506,0.010212138029911534,0.020625202877482117,0.020158928761746336,-0.00038025274671937837,-0.0012529302400775544,0.013654348677383672,0.4434076078090083,15.480000000001382
257.9126187611111,0.008839281841887177,0.020984377237927253,0.020449015785448117,0.0030441908461817935,-0.00015328746138820737,0.0055947835048290664,0.5960297304238211,10.8799999999992
281.81956971799013,0.007291287862172761,0.02129891680625346,0.020735434314429133,0.0019022662789514033,0.004570112134107962,0.003925413699712951,0.6689756050695403,46.710000000000946
200.08288737353848,0.006828657573582197,0.021830745088616925,0.020943946984096094,0.0016761716842756957,0.006636720488851111,0.003974593712266644,0.7207205389384593,20.409999999999854
188.49083921476148,0.007243892320542694,0.022713509007008914,0.02123934262402181,0.007446231155778804,0.011054527262622793,0.0033983884575661395,1.1578166628137379,44.0
169.136305333587,0.007843189228851891,0.023802536289763164,0.021561756972557668,0.004333560452869145,0.013508031026793654,0.003529011575605709,1.3612520191692705,24.579999999999927
170.81668641506008,0.009089981084377823,0.024963961953179212,0.021681204181995924,0.0033493816258802767,0.015201005025125669,0.0034922897464988553,1.481366861970203,17.06999999999971
177.11698649620715,0.011899064786055855,0.026491293974403547,0.022166532208674095,0.015714886771439174,0.023533308260400565,0.005453396085159359,2.292867015964317,84.64999999999964
110.25994720764022,0.014310261178549303,0.02799466201122487,0.022506402156983234,-0.001563354350247792,0.01752366270574801,0.005017388207440932,1.970577047874749,-59.47999999999956
145.20800058585607,0.016879142643552843,0.02959444427489601,0.023020097644335713,0.005481284074990489,0.019685682465041543,0.0048442972107886765,2.0958755606727433,22.43000000000029
87.0410941522806,0.01915124909731229,0.031116622789260657,0.02374137081145759,-0.0022572596382559595,0.001643276455435272,0.005099755055755256,1.792087144358713,-181.98999999999978
143.6128416639694,0.019255518114884105,0.03212727945552368,0.024066519861503693,-0.01355765628572958,-0.010389547000912769,0.006854063857265055,0.8377116081704734,-123.29000000000087
406.3181660401492,0.01892102415548447,0.033093163567914245,0.024353352694180142,0.004062137485302264,-0.01178629333695791,0.00682789516901386,1.0507815762440242,-14.969999999999345
447.56220864915144,0.018902678073848093,0.03268340608910774,0.02472402902356835,0.0066128287502333905,-0.00300091954246684,0.006932129413988244,1.4596689721129064,90.55999999999949
386.33664175173936,0.018734576486689736,0.03303863362319954,0.025275910458380145,0.004469056735255883,0.015218712268878276,0.0069426239820876085,1.5959521764383513,185.11999999999898
431.7347741637058,0.017982771270852495,0.033306785095165756,0.025669855466346224,-0.0035630307623545354,0.0075088174324813295,0.007192360205428041,1.242277396307021,-77.85000000000036
384.57996712446,0.01664032863335547,0.03402968065113044,0.02606047797537605,0.0034909357560557464,0.004384145633275827,0.007036215810829715,1.340372816179479,-31.5099999999984
399.224760219407,0.015690055490391795,0.034858609107390144,0.0265055391091947,0.004319337513713384,0.00423443906799581,0.00703582757480714,1.4663884672642955,-1.3400000000001455
398.1708719845879,0.016901380454435067,0.03556435525932367,0.026983986208227353,0.00133521941138115,0.009171019772543199,0.007030281814486251,1.4066451129067619,50.470000000001164
466.14460328353624,0.0176833445371003,0.035968063129966484,0.026657840722687436,-0.00038843657178644353,0.005269688939677941,0.00556883628859156,1.2629646828469125,-39.82000000000153
391.7638579459187,0.020492211488030078,0.037660191744587554,0.02690731494225846,0.034983509196571116,0.03596287703016254,0.011280761279183846,2.677357718201447,317.46000000000095
392.7206398808335,0.024228742691823443,0.040006764081333496,0.027613343007440457,0.014638925495023436,0.04972664500955615,0.011710184281646949,2.738689229441114,142.9399999999987
381.96793625660337,0.02847510589679728,0.04227590917953909,0.028273632497240072,-0.0026510036534143078,0.04735064513260312,0.011731408904031338,2.2351355578508794,-24.779999999998836
362.6273795916005,0.03220373932892635,0.04456400621781179,0.028837877306946928,-0.0007392701991045803,0.011201010173651715,0.010453768893026339,1.949603944108103,-369.9200000000001
372.0506298629353,0.03543371065069317,0.04645571889503129,0.028731311242910694,0.0031412210215202574,-0.00025773646630411484,0.010469033816902621,1.8521050281270721,-122.72999999999956
399.73481291578184,0.04054461837102764,0.04961685939158553,0.0295158915078288,0.03170239231894634,0.034178094897928,0.012933197830209351,2.5093138935347894,373.119999999999
402.2997270042696,0.046863829049444035,0.05268572615059355,0.03029972272938127,-0.0006996670334563637,0.034219081924817596,0.013130124182493399,2.1539922354503696,0.17000000000007276
363.8945004174071,0.048563624988828116,0.05558477133825179,0.03095630279536513,-0.0007582056335839749,0.03019884891000002,0.012946127287242265,1.8938253990803826,-42.5
379.5332932472836,0.04848905015248298,0.05854490693299076,0.03185509653315607,0.003731343283582156,0.0022685632640895292,0.01293977238173242,1.7888861672907486,-302.5699999999997
400.4673418258331,0.04897213915088304,0.06173898881725233,0.033199086103609964,-0.004696925850900424,-0.0017405686452945934,0.013387945955770782,1.503485190807192,-44.909999999999854
407.783297640853,0.0483795118949024,0.06330982836061519,0.03364295099847987,-0.020278225084988333,-0.0212413978014121,0.01545914963143043,0.8665814553910902,-218.1800000000003
439.8475514343638,0.046907114765154474,0.06481391815158966,0.034369095308010425,0.008120474864696803,-0.01696146739977289,0.015392925396130797,1.0025163804498087,47.18000000000029
401.7021444753494,0.041908504517288434,0.06664335773690586,0.035328290767165794,-0.0005851311472737653,-0.012900339953480167,0.01232742577819355,0.9073821640272763,46.289999999999054
348.2227207661958,0.03637373905382638,0.06756068203120265,0.035862201549500934,-0.008303576283782421,-0.0008355149557176533,0.012062943850576156,0.6175498299120371,135.0500000000011
389.3252765369131,0.031111815994290384,0.06943759325530463,0.03698687381059544,0.0042879938001385565,-0.0046339488381613725,0.012055834215474254,0.6721579265094092,-42.01000000000022
355.94241954908625,0.02416686680328339,0.07077416301616982,0.03755388933158558,-0.015388885350028692,-0.019377730247059022,0.01298109169107679,0.17208041126351475,-162.64999999999964
363.5319630817814,0.016897572962852242,0.07236766913800156,0.03848748359606332,-0.00022643274161981974,-0.011390783189455744,0.012943893571502284,0.09859939829238515,89.17000000000007
372.15158107064076,0.011755028018012625,0.07216929308882701,0.03837181537261434,-0.011124525539078167,-0.02656268484225277,0.00845719557122702,-0.32093787290005,-167.26000000000022
370.47298602235026,0.007212971963254357,0.07237377522026447,0.0383610302491723,0.018051452716598693,0.006498157576855457,0.010558688114818452,0.20435106990015955,362.2099999999991
376.4699868969349,0.0048051467316371325,0.07412180217476753,0.03912310568742763,0.017061054332754955,0.02390192224849641,0.011950969900518837,0.7466845814068281,188.25
355.7478540696609,0.0031308122886065364,0.07541415679917962,0.03970283749946043,-0.004379700436074052,0.030885652320233214,0.01190193777892302,0.5167939638060361,71.82999999999993
379.59074255303,0.0009796347623364145,0.0761810010833478,0.040021934084725284,0.00021854276410349094,0.012827929441797004,0.011864754972336154,0.46369280850909955,-190.6899999999987
401.11796966067885,0.0019937239536623255,0.07788988721950853,0.04097700920858033,0.008061650045330992,0.003865981708363053,0.01042119547206333,0.8124885463033232,-96.88000000000102
360.47718469682036,0.0022697386404119326,0.07943158633618828,0.04193011683942234,-0.008222021563245363,-8.161348037050153e-06,0.0105185269802789,0.29090734081889186,-42.909999999999854
366.18684522190324,0.0031732616252240203,0.07895029505805426,0.04250015555201729,-0.009031965540693743,-0.00925657298277427,0.010835749247410457,-0.42588159326201797,-102.01000000000022
347.56010925022963,0.0028648969291418516,0.07797281670972299,0.04311211539880305,8.418817888156127e-05,-0.017096984239476476,0.01057148625667942,-0.44356306755551883,-88.0
317.6760381992595,0.0005689611099963193,0.07669121966777227,0.04341509936822705,-0.0012984018402719677,-0.010235320788936852,0.010485709543417005,-0.5751733171107558,77.22999999999956
326.6833805846289,-0.0005031978673519856,0.07576215421449393,0.04382348435511222,0.006754237202727165,0.005531712405860256,0.009535847179654196,-0.10939770625480745,173.32000000000153
328.1574992546018,-0.0011612733891609912,0.07512403270803293,0.04447629694417451,0.004525702220988581,0.009997419666533114,0.009564012896413178,0.20194192235411632,48.80999999999949
350.4900462901158,-0.0029746005830905455,0.07342834533906978,0.04534568270325159,-0.0011849886936858844,0.010112115573317704,0.008745379450029624,0.1687270180399878,1.110000000000582
350.4741011394429,-0.0030527499477924045,0.07117987158026372,0.04579213975290901,-0.006609523809523843,-0.0032962182675289053,0.007594155539367238,-0.33604284583108857,-146.59000000000196
366.58522356208675,-0.0015346156652373934,0.06961010289203932,0.046893175659301595,0.0029309367218979254,-0.004878565837536986,0.005635405707328241,-0.0029750023738284244,-17.6299999999992
384.2411294213916,-0.0013150243802142027,0.06685989416008314,0.047263540274514244,-0.011968066946886458,-0.015621768707482997,0.006454602178471771,-1.107173548260317,-118.3799999999992
384.6837337793186,-0.00032005965720723685,0.06443555932360182,0.04765851631852194,0.004033071741131655,-0.005075724995959541,0.006628401244740896,-0.6324205639883557,116.64000000000124
365.82386309216804,-8.550474189848178e-05,0.06303041729011975,0.048147693164592345,0.003934276384980784,-0.004080395257564651,0.006209656565245537,-0.17938788521631596,10.769999999998618
368.4216403126811,-0.0011149813069885697,0.061532624242887635,0.04883337836657187,0.002072323827336131,0.01007208297973694,0.005874147512588171,0.09282212983799096,154.1299999999992
372.6321622618102,-0.0018700778223989126,0.059629522159854696,0.04896643726372853,-0.0021045276078992536,0.0038975674847243624,0.005266217306648528,-0.11208476863610035,-66.84000000000015
348.21444228091997,-0.0006445553313654123,0.0586593799032834,0.04956309153352499,0.010147170539198669,0.010110234464198786,0.0060122742178983345,1.013608630723746,68.13000000000102
370.67885848425766,-0.00011215901320311386,0.05755578208289292,0.050184418002689794,0.000702261807907778,0.008729182782829525,0.005972286842493733,1.0419614168663798,-14.909999999999854
391.9289493116708,0.002334954574890678,0.05689226945150136,0.05044120355404923,0.0004684488825503763,0.011330092942597236,0.005701041487901967,1.0144291979242597,28.25
388.6275853283283,0.0044194368213147095,0.05701565319690488,0.0516945630423683,0.008269946081289392,0.00945067018038892,0.00602967735078067,1.7969996556953924,-19.51000000000022
338.6461925806457,0.004750076380463395,0.056752808152730136,0.052128432427552614,-0.012386099167685627,-0.003752112767764215,0.007144241626777999,0.292552905808094,-145.92000000000007
365.891557292528,0.004646322692553783,0.05589448484442984,0.05251481881664729,0.0035837869044721415,-0.0006499170655205333,0.006894050297617824,0.74794036824665,34.29999999999927
353.8349517467231,0.006031215406777647,0.05454716879397954,0.052996599466273636,0.004905135422621276,-0.003984960249012959,0.0069724535778880395,1.4349311995420555,-37.26000000000022
343.7940126159023,0.0070117235377866825,0.05362952612290123,0.053794982018885946,0.0034563487455883113,0.011992251467827453,0.005670360963271412,1.7494194859944132,176.5599999999995
362.28989315330483,0.00747282915281745,0.05248214627668089,0.054294772404124156,-0.0027959194107848306,0.005559093178578278,0.0058166853946799825,1.270254446512814,-70.64999999999964
348.22878965440026,0.008130834619220196,0.051073999584750014,0.05468541709708905,0.0028973070605782247,0.0035499581907814104,0.0057879081150503855,1.6039198320310304,-22.019999999998618
332.5542881205762,0.008457568859227103,0.050227496153150114,0.05530283968246042,0.005300719408974253,0.0053945009099969354,0.0058859900362430466,1.9989098250031216,20.700000000000728
331.75071846135677,0.010365059108348515,0.049793817677823864,0.05597258368233987,0.0011161142451330264,0.009338665601652307,0.005760352769052685,1.87623974878621,43.68000000000029
319.1748246528421,0.011437583798813602,0.049385895464268297,0.056698688171859364,0.00014526282768789756,0.0065689456770434695,0.005191788536492151,1.6926963013729002,-30.580000000001746
351.56022209966073,0.011732178646958065,0.04897166280712557,0.0572245077138678,-0.0010140189455806192,0.0002462410324994835,0.005233383966439534,1.446604275773555,-70.47999999999956
340.23449207855106,0.011722593543133415,0.048441992988041485,0.05787122634278601,0.002714228246704753,0.0018429664273542645,0.005246456430822136,1.5550943308255063,17.919999999998254
347.7762148904675,0.012455526653653685,0.04771454353546922,0.0583941615221778,0.0005790928790256888,0.002277532886558964,0.004772541571847265,1.4610926405972278,4.880000000001019
345.48370963495944,0.013221599103194938,0.047274239620996694,0.059293313295644814,0.0028848983351159596,0.006189296682183709,0.0024193041556625247,1.5593561600188697,43.82999999999993
338.0271620981211,0.012750060729270806,0.047141775238258694,0.060759348898957524,-0.005311736526521504,-0.0018644833708719721,0.0031392770003774513,0.9919292995176916,-90.34999999999854
311.36599134692653,0.010355362456256113,0.046027101359534486,0.06094447647668901,-0.015497167749778051,-0.01790148316668483,0.005562934682679428,-0.44044744130824237,-180.39999999999964
323.07461213326803,0.00845671644207605,0.04576049413389962,0.06169804759334531,0.006372845883041878,-0.014485828868472495,0.005807927172951599,0.05160232469962786,37.94999999999891
312.01748207755253,0.0059652626396855014,0.04523891589522103,0.06259373105937786,-0.003422602851239631,-0.012614118829740617,0.005835970576895882,-0.3987318991646152,21.86999999999898
298.05102940840925,0.00262945853057509,0.044253184731882736,0.06296582762430752,-0.005796436933285909,-0.0028849800893828714,0.005945682003488754,-1.1245295259643104,109.67000000000007
310.8390053250847,-0.0003773705448034369,0.043296333694062376,0.06353280381833822,0.0028334089877439794,-0.00639185699366851,0.005747571940219415,-0.8776619953662161,-39.19000000000051
362.8926485894798,-0.0037506324618695156,0.04248010845488561,0.06435566012392209,-0.00034038824175874893,-0.0033188256935053895,0.005709474765569438,-1.0483555133324371,34.29000000000269
361.07233675634785,-0.006953729364357157,0.041051637072215486,0.06483815932217941,-0.004749851708633512,-0.00226963231956423,0.005769739823285787,-1.582315258442767,11.769999999998618
378.54699089622727,-0.007414654121984308,0.039637924932448644,0.06553300115923055,0.0005432211100999673,-0.004548166294140676,0.005804688632285549,-1.434308277488411,-25.23999999999978
400.2404745295897,-0.009081120913015257,0.03806376290312216,0.06576294377183999,-0.002817395827744096,-0.007014747632998142,0.005648546571439772,-1.6415369628120493,-27.220000000001164
384.74865332351374,-0.009712042791419715,0.03635832952476773,0.06644759979770243,0.00444140851929653,0.0021555959963603932,0.005916299519267111,-1.0436916757553387,101.15000000000146
295.86389682052595,-0.009527444463015006,0.035090869484098675,0.0671737306211744,-0.0027547534023565357,-0.001147693200326927,0.005736938975355524,-1.3189560058155188,-36.30999999999949
290.1226294525339,-0.010611185893947172,0.033582634823975985,0.0675041410197709,-0.0034024227580838895,-0.0017336997115364738,0.005669118335396992,-1.5681006250987488,-6.390000000001237
311.0728459683889,-0.011187850040339304,0.03234083408853184,0.06825104794104865,0.0024657454152117175,-0.0036972168274213013,0.0038867511281414774,-1.2114952061062023,-21.710000000000946
320.2721959467725,-0.011340209311163417,0.030686972195598593,0.06835114920767704,-0.0037665281140839557,-0.004708035344407779,0.003302646205405476,-1.443743233342187,-10.989999999999782
336.43183915762245,-0.010698960130881417,0.029331249317896033,0.06889941317918584,0.006065878495815857,0.004747861772084416,0.003862114100633164,-0.8005728908682667,103.68000000000211
348.5484983523872,-0.00988224513149161,0.027765070100899694,0.06919966159074378,-0.00040098381971187536,0.0018746064192285417,0.0035000800447792095,-0.7764169549119807,-31.399999999999636
308.5189727216726,-0.009239171244964386,0.026089512875031414,0.0695678747438026,0.003012678354742837,0.0086921998894951,0.0035143570516960724,-0.433225836724933,74.44999999999891
273.5975137003657,-0.007866791301844428,0.024461435513116685,0.06980655203749048,0.0013685014319839706,0.003982560386253775,0.003540114086537214,-0.24184585547176146,-51.220000000001164
388.39659389772015,-0.005598106832948354,0.022948622403066547,0.07019797313095369,0.0035048792084588776,0.007905551805878819,0.0033288494691496944,0.1783739553304185,43.11000000000058
398.3371259647639,-0.003533647796596582,0.02150139709781039,0.07040082004971873,0.0015540885072355959,0.0064398466988191405,0.003337621747325485,0.4093190831626237,-15.899999999999636
363.00112445302943,-0.0005213762092886401,0.020057714377912744,0.07073754516298547,0.0045027469730132275,0.009589965358751895,0.0032904488124128185,1.0170474019248954,34.8799999999992
401.9378947706466,0.002014187362747541,0.018601584257633166,0.07165426621893081,0.0027736812455372295,0.008854333533385272,0.00318297487111576,1.4680711180799921,-7.780000000000655
378.7241368509826,0.0040508689161695,0.016952757003387994,0.07181196593219683,-0.0058406449489021295,0.0014057004758656344,0.003628810418319501,0.9469721255981282,-82.5099999999984
404.08522832539177,0.006268516695013789,0.015552615147163561,0.0726154057926035,0.005194690671602498,0.002095510798698186,0.0035308830882459594,1.8771025065761493,7.760000000000218
369.009011657792,0.007710926853283147,0.014650100268349404,0.07352174577592614,-0.004084683555635071,-0.004758215727249215,0.003890278444914617,1.1342573499586268,-76.54999999999927
310.7348717732291,0.00747152145428787,0.013351363937916035,0.07433178532597613,-0.005598016065982536,-0.004515322672804745,0.004129567521413953,0.29691669602588033,3.0099999999983993
386.7147558127996,0.006806752059748208,0.01217257439356403,0.07470142913246496,-0.004311634452942248,-0.013929818279473705,0.004059264324441534,-0.3517684975054928,-105.43000000000029
342.79202936645197,0.005487904917268626,0.011259111083525534,0.07541920140581299,0.0016894544814118895,-0.008212760564367816,0.004078764478239525,-0.09497999651537874,64.23999999999978
343.58886914556547,0.0032383690100533107,0.010327788968282372,0.07557403378256601,-0.003102229472539353,-0.005723536552626807,0.004092887020234663,-0.5582199918323764,28.05000000000109
349.3694699840463,0.0024136835045242915,0.00950173075900389,0.0760718158745033,0.004783736387215187,0.0033589369055475604,0.00432377651176686,0.19154090953045202,100.31999999999971
362.2228354878533,0.0008807898579439114,0.009119755614988062,0.07627117452935532,0.0003546744188360762,0.002021932209534061,0.004191114326986209,0.21031788330755588,-14.69000000000051
360.88460527145327,0.0002701251766990182,0.008765482095662247,0.07678829867963198,0.005083974671477254,0.010250214322663043,0.004439893788233934,0.9450734936299298,90.44000000000051
343.69540704609597,0.0005620828754819013,0.00859244640243381,0.07731404021239331,0.0007433057488310801,0.006187801914337099,0.0042302491245332224,0.9801087948291303,-44.35999999999876
318.36591559673724,0.001412849139202665,0.00826968422430008,0.07773872366424589,0.0005647085905844396,0.006399060807810164,0.004136448070345193,0.9875868245806209,2.359999999998763
317.68568912594895,0.0023928383381256186,0.00800925937595334,0.07809675900791502,0.0019187458322325046,0.003229690475247793,0.0037972739984460956,1.1863012202460612,-34.86000000000058
307.14690835290963,0.003991035005566547,0.008005032982369792,0.0784774131860696,0.0028900982292541233,0.005381816743070145,0.003577463193987492,1.5245331345553994,23.959999999999127
293.4926206477119,0.005064651278589678,0.007993305112525573,0.0790651566499566,0.0028075341013880095,0.007635440089295953,0.0033971776865416373,1.783455058886106,25.1100000000024
347.427462587482,0.006221037862088378,0.008098550866091393,0.07992631147296547,0.0002613266833273453,0.00596856412708191,0.0027826992737149006,1.7322478137231507,-18.420000000000073
333.92184868400534,0.006188213039532748,0.008023287943052007,0.08010657183895693,-0.00338387598696388,-0.0003246686456844783,0.0026259267473130107,1.0922722409701346,-70.17000000000007
312.4474068251708,0.006780210059429473,0.008340462322315716,0.07966236208102946,0.005352062270734592,0.0022119118588799225,0.0028857563928079044,1.8064296999578802,28.429999999998472
324.0049290784626,0.00862719255022533,0.008575942121189948,0.08073141803932013,0.013982603619173473,0.015959946321651097,0.004276082432182659,3.064111464645017,154.1900000000005
363.43796939131715,0.009912951266223085,0.008607639696954113,0.08178883589550201,-0.005415159286427773,0.01388923682562404,0.004852450149298644,2.038629587412805,-23.75
358.67177282790146,0.010288371208639985,0.008446310849495976,0.08240400544378047,-0.0055143555025307656,0.002930544406691604,0.005317481102238997,1.2526025758663113,-122.30999999999949
354.1632001333212,0.010328820263197225,0.008708488289058779,0.08240909636918974,-0.00021029747776135643,-0.011107658983635305,0.005221591955626299,1.1280441460534831,-159.4900000000016
302.8671762544732,0.01109263533625314,0.009021095345501577,0.08292723431621449,0.007645078092688884,0.001877828214015942,0.005541086941067404,1.7737735224942994,147.84000000000196
311.2564488919358,0.012687494029813088,0.009234307574869968,0.08346384111641135,0.0010992185683382782,0.008540562124270679,0.005532909201759056,1.6956252783779004,74.96999999999935
305.8215809736888,0.013761225207130344,0.009563021174072385,0.08457895453235734,0.0012317437972901857,0.00999522515438378,0.005534965600579102,1.6246379455739517,16.3700000000008
291.5715853886752,0.012122302294531609,0.009768236064758603,0.08480512116739422,-0.005801405975395468,-0.003482620367956435,0.005924180294751143,1.0051372513175183,-152.16000000000167
279.25371664200054,0.011856928053261044,0.010327395186664227,0.0861396591803929,0.005172361980487983,0.0005718810487418402,0.006028032655840475,1.3450272077554892,46.04000000000087
304.05962787917696,0.011524383640486548,0.011061967304204693,0.08655598187252114,-0.008255880413277628,-0.008909490333919079,0.006621066138359524,0.5535566869407179,-107.88999999999942
285.4176070406495,0.011111088644554066,0.012030602312494596,0.0869380772668044,0.002275989683125923,-0.0008573463979960616,0.006520709533664039,0.6930395796529129,91.69000000000051
277.00943110042397,0.009724131864409073,0.013033577314895428,0.08739727717453416,0.0027653242842533565,-0.0032499450428664645,0.006404158126162808,0.8835376558146186,-27.26000000000022
304.5065356592045,0.008457001977968712,0.014256311075220468,0.08736520977002027,0.001915215331603104,0.00697249040440262,0.00491025450197184,1.0200218837914161,115.59999999999854
305.8241601525677,0.007661067851726446,0.015418808756570354,0.08673676254853067,0.00787074335776694,0.012593460176145488,0.0051343644403576,1.7231402201011108,63.719999999999345
281.01656445188087,0.009371509403070386,0.016869242812690956,0.08738357694486425,0.015323273903957935,0.02527449067269849,0.0061996126880588896,2.7996206654415947,144.14000000000124
314.0538520195159,0.010555355676520302,0.018188471306278937,0.08768984379039589,0.0006892077466604807,0.02401989918334091,0.006168087835001031,2.4234281814872314,-13.700000000000728
279.3270262122414,0.01352793677930561,0.01944817612687827,0.08867950634852771,0.004877021164999329,0.02097820845243681,0.00601459637853966,2.410174555421135,-32.669999999998254
244.91800803581262,0.015984132788925232,0.020735282110983275,0.0887653788791188,-0.003247261647144617,0.00230424262866058,0.006229089383711833,1.916743060418679,-213.35000000000218
257.17730292505877,0.018655016045858803,0.021867390962400104,0.09034836152073873,0.007369845186036006,0.00899566209947511,0.006403743978668595,2.1513874829587922,77.84000000000196
250.93382303096166,0.0204413233207983,0.022731131870288118,0.09045113909659729,-0.00982814173726232,-0.005769772144056939,0.006963844091449278,1.3311046227475771,-172.0500000000011
258.90882221224547,0.02162656716355954,0.023494044872923284,0.09175630266078283,0.00704428995106432,0.004495734331889434,0.007055764464647076,1.6409587572888422,119.80000000000109
263.5571478648629,0.02037203896783214,0.024236015991639798,0.0928790603253633,-0.006651460236095641,-0.009485567127153982,0.006847618465411298,1.0955883889414315,-163.6800000000003
223.0190817666976,0.018490131613473876,0.0251856777295452,0.09310500795814194,-0.004672487129367187,-0.004328128792169039,0.007158132885553383,0.7134506255818682,61.01999999999862
220.94720438665743,0.01613263542456181,0.026011521340282825,0.09384825675429662,0.005207860628141381,-0.00614381956023291,0.007217759947885724,0.9977431621337197,-21.600000000000364
204.33615759122083,0.014508994778177008,0.02630439289806589,0.09414827022456301,-0.000383514055016132,0.0001273297910413529,0.007255201615323622,0.898050986637928,73.3700000000008
219.92756155870225,0.01274663449124859,0.02700176918696919,0.09463292450979094,0.004237477677112134,0.00908026155993813,0.007059587211349135,1.1008232387899974,103.57000000000153
213.72870336618405,0.012445127994487949,0.027896762714895617,0.09509933243126711,0.002209163875587672,0.006070012812465109,0.005621396971480179,1.1613152833021394,-34.460000000000946
177.81537989363613,0.011183866195065385,0.028789981663863862,0.0949880487531986,0.0024564333510828096,0.008928294927069924,0.005647861793765693,1.2397463025758448,33.19999999999891
187.21689111287165,0.011694904530888822,0.029637074540490683,0.09532454165708099,0.008796423793742347,0.013508535989926296,0.006011829203644488,1.6861642434599784,53.909999999999854
191.04784831358623,0.013608789447487194,0.030551722135907292,0.09697482741587407,0.004015449889281486,0.015335186912013743,0.005905075888746274,1.756406546946778,21.720000000001164
189.18498373251754,0.014001982338722439,0.031180295058284718,0.09738962174211581,-0.009959332654842723,0.0027599131356348394,0.006470969784150905,0.9974627416397139,-147.04999999999927
178.31502724988889,0.014610752042705073,0.0321508155840688,0.09763502055364766,0.0028407448346228215,-0.0031601277912066683,0.005668817635227688,1.1062343980341298,-69.76000000000022
152.59702702059838,0.014871903348096838,0.033072795695400524,0.09857429875585604,0.0049243667127054636,-0.0022577068870160977,0.005502833414977713,1.334045945127445,10.569999999999709
226.5663406921126,0.014888681341634798,0.03412945988534453,0.09827407998247382,-0.002303313480964686,0.0054578692288071995,0.005073500088246671,1.1213127628939557,91.01000000000022
208.50069488256793,0.015168921551054555,0.03550493025725166,0.09935214384084487,0.010977413470734998,0.01361577221751653,0.005360642676218162,1.8470468162798221,96.39999999999964
165.8070008237327,0.014171820661481597,0.03649572319785368,0.09930197740509297,-0.003293182768716041,0.005327150666231351,0.005564377144127133,1.5368335849993997,-97.45000000000073
122.90230063913118,0.013412911753649085,0.03820998122795911,0.10572784748240818,0.008418354715613141,0.016130819039694044,0.005790927074591309,2.1454795561776314,127.61000000000058
245.85579066732058,0.009029228104101294,0.0375108964914583,0.10648994202582286,-0.055654405731053846,-0.050840652446675016,0.017791774501268,-2.606592238410394,-798.5499999999993
191.19335951370653,0.0035609737946294736,0.03615678788345628,0.10732534766046084,-0.001899146926114037,-0.04951311848387363,0.01773836421471671,-2.3410847418569105,17.81999999999971
371.5657000556686,-0.0023223140778091057,0.03464136229338329,0.10763232732958417,-0.002707129392132024,-0.05999946737417139,0.017668190856970786,-2.176247159826533,-130.97000000000116
272.9670517437003,-0.007597139472485731,0.033108380440971544,0.10828364201715404,0.0022133707068354713,-0.002397948392555027,0.01736872401400906,-1.807583516764431,693.7399999999998
282.27526837549794,-0.014459950622887144,0.031676551336362775,0.10875838732939626,-0.001236750209143267,-0.0017358827087187167,0.017226739808983878,-1.686643309006627,7.550000000001091
248.3358687859673,-0.021149011922037022,0.02989195376980101,0.10923279377090377,-0.0016035747422383784,-0.0006312533255894426,0.017131391109806077,-1.5885232949942796,12.530000000000655
496.06346990296026,-0.028895102694788944,0.028555569568645117,0.11081775833533702,-0.0008726189020771269,-0.0037084838414167542,0.017044156009334267,-1.4888849405717148,-34.850000000000364
432.5367005167662,-0.030055508489612668,0.026436313473202022,0.11196062269739102,-0.011244891607650631,-0.013691857148290354,0.01694903739987857,-1.7815046024587895,-112.81999999999971
465.97313802395297,-0.031253649685887085,0.024440621693599854,0.1121964729628158,-0.00697952415840819,-0.019002716192440428,0.016936812045378325,-1.8351939496698861,-59.70000000000073
516.1363760072652,-0.03195047112956801,0.022760808128304166,0.11201188428310732,0.0013031275060144676,-0.0168664507302263,0.0163089617908448,-1.6089935457171485,24.280000000000655
574.5288518302533,-0.032520550905932054,0.02102377164821297,0.11236260173606073,0.005063227207585896,-0.0006510515918032311,0.016616588642160507,-1.3018475667045752,182.95999999999913
553.68671317805,-0.032838931497704775,0.019320422491478435,0.11231882458560905,0.00012473158033121656,0.006498479233042032,0.016154121513745335,-1.1942077783921448,79.21999999999935
550.1354124368377,-0.03239404996793248,0.017625240223026268,0.11212895996975239,0.004073458635552862,0.009283184475896267,0.0045127084153667625,-0.9731927930513443,30.969999999999345
475.043220958169,-0.031018409131845368,0.015999179719466718,0.11257806741340629,0.005693110005433155,0.009915711961579143,0.004912229043527694,-0.7185736137263333,7.570000000001528
513.3119525895185,-0.028140070992438124,0.014185012936697959,0.1136943208378568,-0.00011728714826075848,0.00967132392789094,0.004863789380033835,-0.6635636161044928,-2.709999999999127
474.66184384115303,-0.02494139855674039,0.011860859096248578,0.11440013499898932,-0.006052549028668586,-0.0005111377998913147,0.005057168495739868,-0.8001074070512432,-113.51000000000022
527.4803835392706,-0.021697962915184284,0.009357523255031835,0.11460650190179845,-0.0024988824318283864,-0.00865259280123476,0.0050759144698937,-0.8158062823278412,-91.66000000000167
753.1135130181168,-0.0187216203276125,0.0072433618641697135,0.1154164561236474,0.001800655191112277,-0.0067510226061952006,0.005139493712279022,-0.6865272914045022,21.409999999999854
735.447732785983,-0.016663548983691486,0.00479893996378943,0.11660705746578083,-0.003665517296911336,-0.004365668305766679,0.005205453707036944,-0.7509718649220198,27.140000000001237
1011.0557836681397,-0.015858541767941218,0.002381822752513201,0.11585589885872594,-0.0072403707917533255,-0.00909828314832306,0.004583034365331756,-0.9495870075046203,-52.67999999999847
978.9834882866141,-0.014434213263271661,-8.802559968019685e-07,0.11637862127250387,0.009471269607816524,-0.001511120018179879,0.004979767083453943,-0.5224748803574969,84.61999999999898
898.9337442114035,-0.013450559867412174,-0.002891356898632023,0.11625971635531697,-0.0018135794449049003,0.00034482232221666465,0.00502441803782792,-0.5475356302673207,20.729999999999563
895.2390212736875,-0.010684490616195334,-0.0056388280107544046,0.11667661193972033,0.0036696555927686614,0.011338206908029669,0.004921978107961144,-0.2969504425285715,121.5099999999984
490.4387403876413,-0.007942888679667637,-0.00872524095645079,0.11675609234925191,-0.001728842694991184,0.00011738088304458216,0.004956499381020776,-0.4624475486316688,-124.03999999999905
722.8636929404838,-0.0049409704468761145,-0.009346544355728568,0.11656562681782476,0.0012937259666212508,0.0032306972794458044,0.004818615866248859,-0.22213812764892177,34.68000000000029
699.9802677531966,-0.003448137061333672,-0.009913595067512307,0.11685198050115556,0.0034896206156047604,0.0030507410411872993,0.004615531767039557,0.3570217123839944,-1.8799999999991996
514.32958071688,-0.0010754730591366383,-0.01038644235555491,0.11719862358043501,-0.000511814534106092,0.004273596163977045,0.004615651722838313,0.3433164901749247,13.590000000000146
679.0890068639814,-0.0001874070538124017,-0.01092796881518105,0.1172975791392643,-0.0004121592326344903,0.0025626342161775284,0.0042511141390557975,0.3781159850581223,-19.06000000000131
692.5374455553576,0.0012071698064208157,-0.011666018387871343,0.11818766194369436,0.001561852946636355,0.0006366473473027323,0.004181756054771616,0.7665203269390451,-21.5
613.1761501810932,0.001456387432496907,-0.012006640534207537,0.1175773887438092,-0.005668259351603089,-0.004525722483018413,0.004512190351117197,-0.24049993388924334,-57.86999999999898
559.6594628250288,0.002594636455036187,-0.012369735829177546,0.11787782061816575,0.0071156326146901705,0.0029710905482014383,0.004807774579093441,1.3286558484057853,84.02000000000044
445.25507829159636,0.003480161672900636,-0.012198286604021825,0.11782352354878149,-0.00044670148328029846,0.0009597100018357008,0.004131308891120943,1.1331814319832663,-22.520000000000437
501.7404786418494,0.0036640138694949936,-0.011666617104547859,0.11763162194934533,0.0024908950574695776,0.009173251315361286,0.0032866403394882665,1.5634174073717502,91.58999999999833
694.070329595942,0.004004883010881627,-0.010985690898027508,0.11722386224078743,0.003560997398962318,0.0056113536923614316,0.003271207615065215,2.109560024503557,-39.29999999999927
634.4471757157739,0.004993616375474337,-0.010342121401511662,0.11671886327080795,0.005368556206137631,0.011461856277669824,0.0034210816632594754,2.6130035206992765,65.69000000000051
579.384503606331,0.006601660883192476,-0.009906676873241394,0.11732071548059766,0.00644448082410487,0.015450821382679392,0.0035645623505595244,2.88556845160244,45.23999999999978
594.1477048994615,0.008587725518832759,-0.009473050984072364,0.1169558922476734,-0.004810719482845283,0.006979919458383721,0.004076994153408575,1.9000553694536904,-95.10999999999876
478.8373922443234,0.009968198054579758,-0.009317657191512615,0.1170992397401229,0.0028365877641833848,0.004443892881849987,0.004052528770449782,2.0013902332711813,-28.390000000001237
565.1704549942876,0.011528182149473072,-0.009051869939981257,0.11685045524597523,-0.001433559846304,-0.003418487994626851,0.004101753004454471,1.6526300224028594,-89.57999999999811
530.6985659010977,0.012900419707380883,-0.008597776773821965,0.11701762736262943,0.0020226767955533465,0.0034244679420765145,0.004064882870517382,1.6769857576314604,78.05999999999767
544.6525705778389,0.013402979743832545,-0.008532650611085569,0.11833924857333665,-0.0017068283643522086,-0.0011216116156902434,0.004174745137144198,1.3575124962347396,-51.76999999999862
496.10128847133933,0.011798279962789654,-0.008482655119361231,0.11838212019135397,-0.013472698004710737,-0.013164510753532754,0.00569321507451938,-0.07822279200693609,-137.22000000000116
579.8318190001145,0.008892430153023283,-0.00805046508304999,0.1175474109596063,-0.0027610381503446746,-0.017875721176581982,0.00538111275719969,-0.40605756100343926,-54.100000000000364
565.7752073856182,0.006974907361853382,-0.007140032122599372,0.11638221685575097,0.004864142840837804,-0.011411176953071922,0.005570362440702751,0.02998621485755413,74.04000000000087
563.7963988253954,0.005174150378587782,-0.0066388959401992315,0.11625302780247412,0.007873624467245932,0.009979752386897411,0.00596687744328591,0.8766499309949877,242.3099999999995
558.7679027179828,0.003923933822682417,-0.006287640969857891,0.11672745802154218,-0.0007932734636380001,0.01197265736460662,0.0059113508952336235,0.7155854008535881,22.040000000000873
560.3387093950846,0.0017878636773872247,-0.006091584463961929,0.11651960021658325,-0.005147594631768948,0.001890095809222725,0.005882278143663842,0.029908197722424857,-112.97000000000116
603.9907058912323,5.43346959591029e-05,-0.005749401807445928,0.115958389875109,0.0003055647323386701,-0.005633033984856484,0.005475645295744951,0.0070180277558375345,-85.27999999999884
608.7346101459004,0.0005463608946260795,-0.005734904892781113,0.1167030435424563,0.003429248398710172,-0.0014309643413201734,0.005473527906485866,0.40241842948380313,47.73999999999978
779.9649906624493,0.0006997632065900229,-0.005731790874531492,0.1161691972463511,-0.00764686417683258,-0.003939570809976756,0.005751401414621206,-0.686721094933751,-28.23999999999978
719.3065939545738,0.0006211816547218212,-0.005667709075393017,0.11606340590327445,0.0031931097830446564,-0.0010642800349212056,0.005888179068488088,-0.2855021752604517,32.45999999999913
528.2265569458875,-0.0005648650362638582,-0.005668303085026727,0.11625926339450914,0.00033061513915977336,-0.004149037082791018,0.005833926748846218,-0.291443443396013,-35.0
654.3579151075933,-0.0018964962920199433,-0.005596537203780262,0.1160252256662418,-0.0023241739789982008,0.0011924144302597472,0.00584381521560602,-0.6739229346569208,60.43000000000029
514.5003872397825,-0.0022135557898662435,-0.005385996610411474,0.11618499950288855,0.001997424397175651,-8.863676653758645e-07,0.004364209980737844,-0.48473170564806417,-13.420000000000073
555.999522689335,-0.0030522830108454476,-0.005735855338818088,0.1169114028234698,-0.0023479900265821474,-0.0026786038652351074,0.004339632546831713,-0.9029455658913633,-30.219999999999345
594.279560641688,-0.004994189302787979,-0.006081657132610284,0.11693477168911116,-0.008335480431788889,-0.008687774767973666,0.0047354743788075105,-2.1115798737773033,-67.59000000000015
524.2874114753246,-0.006056979083452054,-0.006416338269826787,0.11648170680133971,-0.002182467155481982,-0.012823092379979029,0.003874734059504467,-2.143775242651039,-46.850000000000364
505.29408320647474,-0.007257189047713942,-0.006636520738207492,0.11547316142571001,0.0019232634062773535,-0.00859668606459063,0.004005025832219988,-1.6794453696686131,47.909999999999854
528.1242844629539,-0.007642623763950352,-0.0071933567730652825,0.1155286430869545,0.0066100652941103455,0.006344922986503798,0.00442153296008505,-0.7447198392598251,167.57999999999993
592.0856231475194,-0.0077679471619479905,-0.008109198012076171,0.11560918788133008,-0.0021865123525484087,0.006340843219015069,0.004442796861441169,-0.9639532591967878,-0.1999999999989086
629.921853240995,-0.008129724549013815,-0.008489685401846449,0.11467694627342485,-0.0020530088490837706,0.0023470391818432024,0.004265977844221578,-1.1476682688511988,-44.43000000000029
571.6320597728741,-0.007557892862406207,-0.008992449836738857,0.11482048339759227,0.007028206703126427,0.002763409748497647,0.004317077723438169,-0.10995425940121258,4.850000000000364
598.1844721415441,-0.0059955882635251605,-0.009379167165728586,0.11439541845773554,-0.002364265586130232,0.0025847747222058626,0.004257186071379012,-0.39656219818646493,-2.070000000001528
543.091253538546,-0.003910699636704368,-0.010105197580306148,0.11471106317570277,0.0023716484335996046,0.0070299948233918386,0.004325992966190829,0.07470277937500455,49.659999999999854
562.6057099684512,-0.0025042565997044435,-0.010581227210510136,0.11413431136381151,-0.004503016808184879,-0.004501249163229359,0.004468673722303602,-0.67331037429761,-129.32999999999993
605.6595201426707,-0.001727215350508389,-0.010616886357362697,0.11439531555203851,0.003462994210208903,0.0013135283632244033,0.004557416180346965,0.006846812409798205,65.46000000000095
556.2416665431933,-0.0015746239033769683,-0.010461638553483662,0.11414733916278179,-0.003654568610704123,-0.004706327306819524,0.00462807574917079,-0.7135388272677735,-67.77000000000044
597.3199929629385,-0.001155794494749135,-0.010711342663533976,0.11463852364250783,0.0007448341071580877,0.0005404518391414204,0.0038810748560983836,-0.5275811642265973,59.06999999999971
569.4023898880823,-0.002100721207452426,-0.011188098185372473,0.11424371666188371,-0.00529820214102994,-0.008195227908390557,0.004165745565430927,-1.4795254763647638,-98.27000000000044
557.892050324922,-0.00213770942881621,-0.011518964863046105,0.11386472362894445,0.00231283592575271,-0.0022550187100542907,0.004182107697993267,-0.9552076840903188,66.93000000000211
524.8647689731945,-0.0023348928396494588,-0.011584170160645007,0.11327226320421406,0.0020652161279970382,-0.0009385946928842648,0.0037308645225877313,-0.44507471487922534,14.75
541.8956970990549,-0.0016830897201576107,-0.011658855223759243,0.11307706572878079,0.003973815996438201,0.008374061110483888,0.0038505018858555266,0.5017515535657588,103.97999999999956
564.5947791122986,-0.0014576242930109218,-0.011703311815192484,0.11251084676196035,0.0006096200893814796,0.006660545521028904,0.003776031308603346,0.7858808041226252,-18.950000000000728
575.8443934913258,-0.00021012794865840783,-0.011490208967035386,0.11241069559881524,0.003529379374534347,0.008131423213187938,0.0033414597174269574,1.5654444471354898,16.639999999999418
574.2171614917489,0.0005516334679801655,-0.011212336338146823,0.1119590946357794,-0.0006672855725603499,0.0034711021415794185,0.0032545792001922344,1.374705454481409,-52.07999999999993
588.8590789656857,0.0024472222737507254,-0.010652723975312984,0.11130086889699946,0.0025345444594699895,0.0054015312923798575,0.003263821190567801,1.866532912455483,21.76000000000022
618.4495817177677,0.004438118328474377,-0.00987462209870441,0.11072789178223047,0.004129643419645168,0.006002915170657763,0.0030210170791967693,2.378648592550633,7.010000000000218
630.9319598399074,0.006456836731564959,-0.009124173589315951,0.11046971061844114,0.004153126413039443,0.01085550174150307,0.0030752338870777456,2.631123511026888,54.75
666.1817126019869,0.008124590281976046,-0.008352638642925372,0.11038687729276128,0.0011537905567893247,0.00946328769083582,0.002671565598734628,2.3566716951886497,-15.450000000000728
607.6170611839513,0.009556154518403973,-0.006673829263300178,0.1087865854782375,-0.0006983020235007409,0.004609697607355745,0.0027451967693371358,1.9730214737123524,-54.72999999999956
544.2028393002321,0.011397503722398334,-0.0050350399497112695,0.10841896104769078,0.013571237173525708,0.014032090621180826,0.0037338714735016274,2.9681352074285834,107.77000000000044
543.2891251626178,0.013601236719600384,-0.003248694213005613,0.10778887943782965,0.0025270589698929147,0.015423024015289055,0.0037305078350348287,2.6293166206236287,16.079999999999927
576.3549763831737,0.015992735641487874,-0.0017088093588927733,0.10735036045581559,0.005037069209934186,0.021250921649704768,0.0037560451598872115,2.5236013480222117,66.43000000000029
575.1362525989458,0.01839771301771938,-0.00020401619430669498,0.1074530779496985,0.0031374277379823123,0.010738056730529966,0.0037505890323852003,2.3239466997697877,-118.38999999999942
575.7251520758708,0.02002161166858805,0.0014111596971477854,0.1074190473169644,-0.002060003367806318,0.006113424974383719,0.003992884842385696,1.9043912143494286,-53.350000000000364
554.9119101565972,0.021298525838093964,0.002770135619705084,0.10723569245147144,-0.0008462592002850267,0.00022379574736630659,0.004140113424889122,1.6464658659189777,-68.32999999999993
763.92622752386,0.02297596324014278,0.004262874289896536,0.10710697079146955,0.0006283738661623239,-0.0022779705291302577,0.004061476137081563,1.519860897975984,-29.26000000000022
719.7418243142979,0.02267556879587478,0.005746811205192823,0.10671593513891006,-3.9409339670948285e-05,-0.00025781783328526764,0.004142337911032942,1.3775716071245856,23.639999999999418
694.1779564454964,0.02230876227835475,0.007431518744640283,0.10661250153989225,0.0024974511433442093,0.003087861754320187,0.004112725094600908,1.3907198832396344,39.029999999998836
753.5799915119161,0.021082165885301207,0.009007371531294495,0.10681147634266557,-0.00035808752205990224,0.0020989756998583964,0.004146125442993475,1.2518116449307903,-11.519999999998618
740.1906061815433,0.019281042637017406,0.010961664415307125,0.10560878902333043,-0.0030204687411835573,-0.0008884586057110733,0.00439538807164615,0.9921283424967009,-34.86999999999898
724.8589822819113,0.0185441898677643,0.012755054099626966,0.10639066457636531,0.011551657458326536,0.008135167356775774,0.005146585771509584,1.5142229543788515,105.55999999999949
672.551829126961,0.01750766713724494,0.014615390994876664,0.10688968413737729,-0.007824527137460735,0.0006052906506532896,0.004734789219574175,0.9893734074346727,-88.11000000000058
637.5643994512631,0.015583537571074318,0.01639165022571943,0.10671924640352165,-0.005141858211850092,-0.0015238137705773092,0.005010046194409041,0.6201563187582136,-24.850000000000364
693.9573413742594,0.01379593733848144,0.018060251747947086,0.10692306261421053,0.001490068500209496,-0.011455345093012603,0.0048054075241472085,0.6518036556233737,-117.35999999999876
786.8951735071621,0.011549128963583418,0.01965567585119501,0.10684649852050507,-0.0022399239866531806,-0.005891178526205798,0.004736592350130995,0.4380216558663737,66.17999999999847
724.9166586570966,0.009512824028043146,0.02121344352667469,0.10668619723529481,0.00039535917091471084,-0.00035813173751431115,0.004713552529616662,0.4007281293322044,64.78000000000065
783.0900432060478,0.008079552364759497,0.022752898106277255,0.10665465490484365,0.0014906023322127648,-0.00035759889067166206,0.004734558328737676,0.4522341543703119,0.0
692.4015874802514,0.005171560891938257,0.02375380887401192,0.10651117302785348,0.00026250456809417955,0.002149550622733587,0.00473098648253448,0.40911532985498367,29.18000000000029
656.3836344049154,0.0035218066900909546,0.02468715633758811,0.106218972398525,0.0015214408233275023,0.003277606857286175,0.004753548234849357,0.4962800005977477,13.139999999999418
534.8237580117243,0.002992839899229607,0.025511323496583232,0.10598867526068749,0.0027907797227888498,0.004580104212597691,0.004767998734860316,0.7649665292152193,15.239999999999782
585.7826654652205,0.0026693873656892285,0.026247914154353225,0.10629328270505461,0.002472176275134963,0.006799313893653514,0.004814325315945459,1.053725692684817,25.890000000001237
630.9960645181174,0.002581929974380817,0.026870495271086273,0.10608847475952621,-0.0024941904443884777,0.0027625208302290982,0.004783503400730116,0.6757695662473916,-47.02000000000044
588.0574850935717,0.0027029761468594722,0.02756733095804068,0.10599395018514461,0.0022596071733560485,0.002231363249370455,0.0033410665017792967,1.3004612459438911,-6.130000000001019
605.7105327576766,0.002741082670944873,0.027787942751088472,0.10508305318775875,0.0014944881165190882,0.001253909950184262,0.0024188086463206786,1.6268064470055472,-11.409999999999854
626.7334176082351,0.004187443762150557,0.028053176880227824,0.10524477135752498,0.009263229538880369,0.013055508112724157,0.0029558465022376675,3.169568262714179,138.15999999999985
563.1868378265235,0.005449777103074106,0.02802851560546685,0.10525594705380573,-0.0009668815667021047,0.009794265050960815,0.0030447992754570707,2.4228006517756624,-37.92999999999847
632.2023461324454,0.006543862530575326,0.027895274669429638,0.10562464451443002,0.0003256996424898517,0.008615790369236098,0.002853560709326856,2.122592565102311,-13.680000000000291
654.8083001525855,0.007101179343653716,0.027806640411241413,0.10529109262636183,-0.0032702755820829266,-0.003909674547833197,0.003169230713100689,1.4107840221899823,-147.64999999999964
704.1536086021065,0.008225921153497136,0.02784878987772467,0.10513849102756893,0.003344475944653702,0.000388983251781827,0.0032260403372260044,1.7409436557456135,50.98999999999978
649.3607329328079,0.009172152781954929,0.02794651524521659,0.10527600193560306,0.0016008744924518314,0.0016642387731362618,0.003205571717872568,1.7608066204660444,15.119999999998981
547.6988061470427,0.009812013589379104,0.028062129628452444,0.10513817849920289,-0.0014315789473684504,0.0035120382515974047,0.0033175515441464408,1.406472249397148,21.770000000000437
584.5121288564451,0.009227002689178148,0.028092441894405712,0.10606789211879593,0.001084499915668724,0.0012516847981025592,0.0032834136528813135,1.413812843794598,-26.659999999999854
579.8085024196408,0.008036996473687141,0.027821482497547918,0.10614651280759328,-0.00898418480211216,-0.009329684210526379,0.004352428658617445,0.1652474409671305,-125.63000000000102
519.4930621761044,0.006580036028955526,0.02761740687711749,0.10583245890743943,-0.0012691034927121425,-0.00916849384381846,0.004297886334755026,-0.04959327372769087,2.070000000001528
472.67465263297345,0.005733462862342075,0.02706519821032481,0.10530593007161025,0.00277463810548384,-0.007495665857402245,0.004321874255937132,0.3423499529688846,19.739999999997963
430.15289253815877,0.005399418839425458,0.0269403456851873,0.10518896606097751,0.005296268507233304,0.006806236882884731,0.00454836804349361,0.9949068095425894,169.0500000000029
515.104632561269,0.004723634983567045,0.027000103070230215,0.10510677991325579,0.0017189732090088228,0.00981847398308644,0.0036894875982893247,1.1382726835677328,35.289999999997235
499.21192051413396,0.004192387575372908,0.027115879207085598,0.10558307951013059,0.001352759122906555,0.008386607230764564,0.003693924236737611,1.2221281713066954,-16.549999999997453
445.0764285070854,0.0031778105625624026,0.027189297686332953,0.10585507348967024,-0.003947582169049113,-0.0008856595757614771,0.003883094021647558,0.6063162144137618,-109.30000000000109
429.40073177808654,0.0031115655477844933,0.02721474158536705,0.10601180015738348,-0.002348360077371714,-0.004942417131914567,0.003824297101152571,0.1859438671437173,-48.149999999999636
427.3755888079932,0.0031026104926655217,0.02712836259368696,0.10601646040564362,-0.0013179739115702915,-0.007596360144065728,0.0036802866172422136,-0.10970586022575143,-31.610000000000582
457.34194439191833,0.0027346502158751627,0.027033270490010225,0.10619683655969933,-0.0001874399937576987,-0.0038499922679041676,0.0036252254864042968,-0.24509145291973058,44.68999999999869
555.6368792795955,0.001422035197537387,0.02687646509535286,0.10555604396842293,-0.0019544918957298263,-0.0034567169235981687,0.00363918131414372,-0.7480222832569702,4.750000000001819
530.2946816748754,0.0005347372588210224,0.026763520193122753,0.1056475630910224,0.006035601634992727,0.0038811104589819845,0.004104445338135265,0.46312920568918725,86.56999999999971
576.1692678383583,-0.0005360137727168383,0.02651252196430225,0.10585379224595907,-0.0010484783967827926,0.0030165682210137046,0.0030776490021971817,0.16429630866839184,-10.199999999998909
552.6389177663058,-0.0011872741365111128,0.026304154376140688,0.1060376419919699,-0.0023503462087876015,0.0026187422387569104,0.0031468188874864533,-0.5205973992057401,-4.750000000001819
519.0068089211819,-0.0018502338158076681,0.025884941413708444,0.10603856449524082,-0.002389793150220476,-0.005778036869941494,0.0031360119778658098,-1.241277008038524,-99.20000000000073
519.7729839505356,-0.002304705181192676,0.025430351602537465,0.10657304042324126,-0.000695966369273382,-0.005427193818564158,0.0026368466829860713,-1.4522933774161966,4.220000000001164
526.8855560037848,-0.003279336684512456,0.024428638752945195,0.10686321186326339,-0.005728076247361824,-0.00879450661241099,0.0029055368044383014,-2.498781023179972,-39.56999999999971
587.9494740206952,-0.004000338529848313,0.02339023659731608,0.10668011861300929,-0.0038709368419792556,-0.010266141278623575,0.0028770274077124245,-2.7002050890138865,-17.06999999999971
597.7403197030071,-0.005644399716402373,0.022330538887912407,0.10700912131284424,-0.00023439512320766465,-0.00980899042656147,0.0028063014472869342,-2.301798192929194,5.459999999999127
570.381904622533,-0.007663688010415334,0.02127343203932213,0.10766905764445915,-0.004901123041633371,-0.008985431387943721,0.0029809368473273554,-2.5443329619883963,10.290000000000873
575.9994303780195,-0.010351106482298646,0.019962254654396955,0.10747556403243337,-0.007991576912455112,-0.013084914570275608,0.003508770796069993,-2.855315818273352,-47.340000000000146
548.0637541627392,-0.01250045149939449,0.018600969272415255,0.1066187130382547,-0.00010004697858123635,-0.012952293273859161,0.00351321132343066,-2.3892842978014546,1.5799999999999272
535.2217943900192,-0.013795110021186947,0.01745858266470111,0.10626096113533846,0.005879000648195243,-0.0022593896713615225,0.004203218686242185,-1.594189242890238,124.63999999999942
476.3886354646964,-0.014246168978989095,0.016328453191177573,0.10566462651560166,0.0012222104969976666,0.0070076383693211675,0.0036120551798948706,-1.3443178096795438,106.72999999999956
494.63411998376085,-0.013696489077435776,0.015651532198613944,0.10544947109572722,0.0035567573638355388,0.010690436727005315,0.00393523616790562,-0.9199191684640107,42.31999999999971
688.2680622531825,-0.013497913750314552,0.014973071431732491,0.10550933152094788,0.00028408308311078656,0.0050687569089924445,0.00395491281369152,-0.8335883240574404,-64.26999999999862
641.3461192256631,-0.012968268994758348,0.014074081827466688,0.1048930117852254,-0.002722120000481998,0.0011092728819928066,0.003964790074276038,-1.0120320637786757,-45.76000000000022
644.0145623761961,-0.010655635361028305,0.012961597373894015,0.10493864490944073,0.00433466028189522,0.0018852786424616852,0.004284656288347405,-0.5412362913548561,9.05999999999949
650.9261479074826,-0.008411509269168685,0.011786415904814256,0.10479177482240325,-0.002166998046092883,-0.0005697260323488385,0.004032432506923824,-0.6865532652609065,-28.520000000000437
686.3620605932632,-0.00696263245462261,0.01054493472984415,0.10499962899652726,-0.0005218289847583879,0.0016353138033429193,0.0038959741929387695,-0.6755735435868178,25.570000000001528
571.1284093803006,-0.006086378507589737,0.009425869131716514,0.10462746470251998,-0.004207827386029428,-0.00688421425269492,0.00405724850594963,-1.037920276814142,-99.06999999999971
565.0658719856542,-0.005757522693486542,0.008441648563905588,0.10388313410727193,0.000868654882722808,-0.0038629122535090987,0.003838639076899287,-0.8698178020034945,35.2599999999984
512.1960461982605,-0.005164968036889153,0.007514146899691565,0.10368284435885641,0.0037568701623598155,0.000401483939780789,0.003073311842032657,-0.3985215422516735,49.52000000000044
523.4942914108184,-0.004426947839107965,0.006622021679066331,0.10325786855448003,-0.001570842950153306,0.00305067441880591,0.003143120313075867,-0.5163364497299767,30.600000000000364
529.355840323542,-0.004273833123939719,0.0057546407123128225,0.10281089844705721,0.0003131102631159788,0.0024939186420633863,0.0026918614826499563,-0.4211149913635575,-6.4099999999998545
524.966958191885,-0.0038095927403974067,0.004976959546308794,0.10123869522657214,0.0007622667605990952,-0.0004969168762272158,0.0026801991697224152,-0.25347674776817014,-34.6200000000008
509.7849633497212,-0.0017775358037791585,0.004354128104213018,0.10078264341317245,0.01196295310201867,0.013051436339421851,0.004262168848112367,1.5345150249761785,157.07999999999993
525.318264354616,0.0009262747711601683,0.003916995435045992,0.1000645543561491,0.0016186065679155703,0.014373557276500248,0.00426135253979986,1.861174130233073,15.380000000001019
478.2081155717348,0.0038136634288699666,0.003503773371961795,0.10018593050426312,0.004067604695129345,0.01772385085771555,0.004166761675708324,2.3435432996565155,39.01000000000022
511.77996471094656,0.005684531425204994,0.003015917737741623,0.10014721371808893,-0.004107850549420866,0.0015615594137596833,0.0043710483444004385,1.727993386434578,-187.36000000000058
495.8468435437324,0.007507831451508496,0.0027606637929185876,0.09952007016479633,-0.002365040920648709,-0.002421861186295393,0.0043840269184032,1.3243602783378947,-46.82999999999993
566.9030212918461,0.009361038519866478,0.0024481083037032163,0.09993326992035617,0.0033923609247059616,-0.0030927407372288718,0.004415631596143757,1.6373662150152308,-8.040000000000873
555.1874100495941,0.010303123482250013,0.0020778694145841955,0.09981347959214291,-0.0072985138004246775,-0.00628665622149438,0.0048308360250715,0.6274959367037852,-37.42000000000007
548.5528016179637,0.009250717400318721,0.0020477110894235174,0.09915462730407745,-0.0023449276502985894,-0.006266622014641454,0.004923932077351196,0.28270184106742763,0.4099999999998545
576.134766836749,0.008038905683612995,0.002311945906876031,0.09881468493056089,0.003094759317935347,-0.006561358811040363,0.0048899387718123796,0.6308268908771653,-3.719999999999345
522.2009081751775,0.005928445973629566,0.00258316080167801,0.09831716370440785,-0.00027013765052052996,0.0004722364330409512,0.004851052031620141,0.5306617850022497,82.78000000000065
526.080432008015,0.004489119751267894,0.002760106853276452,0.09765218608824722,0.0008593724614307519,0.0036855848014645254,0.004849291438666122,0.5986254574052317,37.45999999999913
510.6823504416503,0.00386908490560873,0.0028988806756366247,0.09719441930710135,0.002462273476393717,0.0030527264240785,0.004873467603174196,0.9041179241942037,-7.269999999998618
554.3978822405306,0.002921924223073434,0.002945771865361891,0.0967378384655237,0.000984365212277627,0.004311398955755497,0.00342886582470992,0.9758761287727329,14.709999999999127
529.6094743615499,0.0032479662263351647,0.002988455813226302,0.09617049798877485,0.0008420604512557883,0.004294027235376197,0.0034029302317604153,1.0189573381064905,-0.15999999999985448
548.0203355785275,0.004097578705036632,0.003123170140109016,0.09597393296382158,0.001789893397556419,0.003620418546974591,0.0032100087812002766,1.19102526992998,-7.780000000000655
525.5573155779243,0.004208864171577545,0.002983268592104375,0.0957276657528682,-0.0020159766574698867,0.0006121753937846641,0.003033199010653656,0.8121603640271556,-35.289999999999054
543.1939165679897,0.0042932098690220384,0.002975304560675879,0.09512231030150543,-0.0023136113354191856,-0.0025427715614522173,0.003029699507464207,0.4050315415019532,-37.07999999999993
496.2991107050715,0.004327459673755609,0.002908781401200384,0.09473945286186894,0.001706609808102444,-0.002625694955727509,0.0028905427992845546,0.6083566264600715,-1.0300000000006548
465.1350288280505,0.0038762326451767443,0.002992497594157849,0.09469715125798393,-0.0012286068721950594,-0.0018388062139907957,0.0018976415244594713,0.3441542553950444,9.30999999999949
595.9963159799449,0.0029830725568809704,0.002983340468457679,0.09479419140429093,-0.0012957586069913818,-0.0008204690831556949,0.0017857130708102858,0.029821674950992902,11.989999999999782
753.8636566386206,0.0017177315466686196,0.002838791482605371,0.09469735465233779,-0.0027766918358601567,-0.005292460372532615,0.0017800025354134759,-0.5940867544360335,-52.539999999999054
672.9720050538751,0.0002720347312535492,0.0028750403697186833,0.0941492323499043,-0.0006197117997748247,-0.004686042804362578,0.0017858075457480474,-0.8670129136245536,7.190000000000509
614.1626209897424,-0.0005098378648141247,0.002914134656565896,0.0941078912560217,0.004226759886635456,0.0008177284902410875,0.0021776435614639373,-0.007943042498865798,64.54999999999927
621.348899073165,-0.0010661111529232143,0.0027707512897211716,0.09444301328428382,-0.0011471254486155047,0.0024531685333630815,0.0020756297686465733,-0.5048932550409799,19.079999999999927
668.4024310849113,-0.0023884488044144505,0.002262100004578267,0.09395591236922377,-0.00525209814959815,-0.002193461412294595,0.0025017166665220075,-1.9244695822748583,-54.27000000000044
656.8460827379421,-0.0026620371162232952,0.001663096405674014,0.09412170426942013,0.003690987124463474,-0.0027258088726954677,0.002778504829054374,-0.7636360850405898,-6.349999999998545
638.5015821757106,-0.002978153272427651,0.0008873171482918149,0.09422237614650752,-0.002687932951338401,-0.004264181134627454,0.0027529188516748257,-1.5223581060532267,-17.980000000001382
622.8955473000655,-0.0028974042148529238,0.0002154492996425739,0.09437674572001108,-0.0016352858148602767,-0.0006437768240343811,0.002739913567086794,-1.829929158044821,42.44000000000051
620.4841204328114,-0.003144936816446256,-0.000501373606876624,0.09466536934857993,-0.002408417436117749,-0.006716839134525032,0.0027448771387170914,-2.180173396881661,-71.04000000000087
612.6036452920436,-0.004553555600714071,-0.0011039043084187215,0.09420100177217676,-0.004331669315663311,-0.008353935190544726,0.002799397332049874,-2.7382533940788787,-18.8799999999992
670.6621928880697,-0.005234764202027976,-0.0014510941407215963,0.09425592507048916,0.003791891319292917,-0.0029632810822417532,0.00316101522425833,-1.6574057742225528,62.92000000000007
778.3212304177625,-0.005695170959285679,-0.001689039400050568,0.09419405091163502,-0.002052894555478968,-0.0026079559445724154,0.0031777886821240196,-1.8951323617117728,4.210000000000946
459.23789654144844,-0.006903998024447421,-0.0017810498792263363,0.09334699354603622,-0.0012232209990011844,0.0005058737563936599,0.0031271141948265814,-1.8806561334142917,36.13999999999942
577.9413750934447,-0.006772913083202159,-0.0019345578648809164,0.09334444695308541,0.007480553154710412,0.004182460372156971,0.003939315188769931,-0.4475741190506798,42.69999999999891
545.5210687593318,-0.006604036266766206,-0.0020226575147523195,0.09294901078944605,-0.0012224886437238736,0.005018054811005035,0.0036982598065339396,-0.6318108951276564,9.579999999999927
637.2078517314189,-0.005686719770040966,-0.0022427701472694165,0.09294734502079183,0.0033309569414978757,0.009600691443388154,0.003858631071757962,0.02668265497167593,52.95000000000073
649.2351434467499,-0.004188058714787491,-0.0024702102436900087,0.09278306641842832,-0.0010341509517955982,0.0010680690255693293,0.00353621503842189,-0.12198798379735486,-98.6299999999992
596.0710000858895,-0.0030807041181680557,-0.0026073735107195128,0.09247271075824044,0.0009443825520609739,0.003239909639847882,0.003370598049927579,0.11975862797356163,25.270000000000437
609.9911581960823,-0.0013280853060885075,-0.0026573838507338338,0.09193999747705082,0.003108727553548629,0.0030177004181120015,0.0033793771805737294,0.8481572838026307,-2.470000000001164
586.2513102583483,0.0011912492479668416,-0.002176706626224074,0.09057067950167343,0.0052294532502925595,0.00930671008655426,0.003579427627080588,1.9000477073123052,73.35000000000036
585.683348355568,0.004094058824035539,-0.0013413499075400103,0.09005141221317703,0.01539872299959244,0.023881808421560846,0.0053203290494330474,3.449974535062725,170.33999999999833
605.4256589093392,0.0076738801363483945,-0.00059447337232219,0.08989779115918735,0.006089994447677771,0.02692481348681719,0.004950090126053764,3.1579836839774673,36.520000000002256
581.5640097531898,0.011091326737928172,2.147538188437691e-05,0.0902988605500242,0.0022531975707686946,0.023884322782230516,0.004956684163034394,2.695575133817083,-34.16000000000167
542.1144230373129,0.014249463168927261,0.00070359901744197,0.09030696556158639,-0.004196070951745234,0.004125776823402649,0.005195693403360356,2.0028974378939437,-231.95999999999913
503.7199968555405,0.01717456547380108,0.001431288070944239,0.09043231127306023,-5.3296469941566116e-05,-0.0020055203756050854,0.005119386359847992,1.7671490150088633,-73.47000000000116
492.27741646451864,0.019438929204075348,0.0021618438137635297,0.09050084366801824,-0.00143408457601224,-0.005677134730365019,0.005074253369363914,1.494847358344612,-44.32999999999811
649.0593506595881,0.02085308848080131,0.002749074312616305,0.09045145341180914,-0.000870693652609944,-0.002356703280231076,0.0050525940490173,1.312091958876604,40.159999999999854
616.6491943049731,0.02027696992498774,0.0034469556851797574,0.0902510076424671,0.00029716193656081913,-0.0020070521650347173,0.005077467260068287,1.2245387161296974,4.199999999998909
586.6330626498865,0.018992200941852503,0.0037535592930930373,0.09230822407176136,0.002364072112126969,0.001788925177057532,0.00497785867275357,1.2646784455312488,45.54999999999927
686.9865849514694,0.015156673182915704,0.003850955342008942,0.0922109724850424,-0.02361826490252561,-0.021019198664440686,0.009037706475948443,-0.3120754648042133,-273.2599999999984
827.765656604176,0.011599362579197994,0.004398937478785363,0.09098694659967485,-0.0002779627546961594,-0.021582067432382335,0.00899756386868623,-0.3475222605131843,-6.819999999999709
810.9333313885986,0.009112840322713762,0.005112411058225207,0.09060770461733735,0.012528006563791827,-0.011660945946058376,0.009602292867753139,0.42458432473090235,118.55999999999949
870.5814629167497,0.00721570943721135,0.006008788996069003,0.09029992179419032,0.003167163922633609,0.015452512280240915,0.008485151990601887,0.5773257433981224,321.2999999999993
743.6029142629052,0.005591727371722427,0.0071254489056510875,0.09006102174570932,0.0021932218361599976,0.017962580586835086,0.008290172969846313,0.662562192998122,29.38000000000102
879.9300781198108,0.003883769636762883,0.008029377038152557,0.0906013296264348,0.001126048758581355,0.006499424688042765,0.008260779220798188,0.6771980223465075,-133.45000000000073
845.5664595182645,0.0012246064732916611,0.009000021115554644,0.09023487235137342,-0.007532860545418907,-0.004236142482169636,0.0084421800784851,0.05776967833663078,-127.61000000000058
855.6790612274052,0.0021150709361553253,0.010037721405371411,0.09010756380576254,0.0024015576394915694,-0.00402914321429948,0.008497016685186029,0.17028639266198523,2.360000000000582
957.2914733770886,0.0029841708414970023,0.010758097596460804,0.08991624875443278,-0.0001581499817034926,-0.005306729109932351,0.008496408344271867,0.09433111121169033,-15.319999999999709
962.7052599839263,0.002422374769898956,0.01147131473764457,0.09020688429479176,0.000434981241959731,0.002678984768491821,0.008502359472918311,0.059990045860177844,95.18000000000029
870.4749625496773,0.0008472139759272585,0.01196847410442499,0.09034431667597476,-0.005048466285529796,-0.004773101043537675,0.008591249614830565,-0.49570953002215956,-88.51000000000204
900.1729636134002,-0.0011947080342562754,0.01249642549819653,0.09009451800295155,-0.0025966319857387843,-0.0072003277924407305,0.0085319667230965,-0.8577608633181079,-28.839999999998327
916.4101630959541,-0.003233641693452142,0.013099928130854269,0.08959653206604169,0.0019686457361403065,-0.005678368209211526,0.0049208016998134345,-0.7605968103276749,18.05999999999949
904.3542352466353,-0.003653427093349322,0.01353297790057897,0.08955056735239958,0.00466285834146718,0.004026808196634146,0.005038315276509041,-0.31000546653000655,115.16000000000167
760.54825061609,-0.0044099700769607555,0.013778987053037171,0.08918965117631227,-0.0009462593710405365,0.0056881404136783775,0.0035364156638547977,-0.487431739133216,19.479999999999563
845.7840243006476,-0.0046365227771856515,0.013443063451123932,0.08929798226821706,0.0027664696796438903,0.006488926028611619,0.0035052654344246027,-0.0992515258633799,9.600000000000364
840.7282456700256,-0.004571346752792845,0.012856568683248809,0.08933673314443452,-0.0022680786625814964,-0.000454608594627981,0.0034809789982976715,-0.3387737479935001,-82.1200000000008
846.4504347175756,-0.0036966070500627194,0.012126780123775716,0.08944319572183239,-0.0015825889943106297,-0.0010912513661709422,0.0034584764331787397,-0.4928270082353803,-7.550000000001091
944.5390481950213,-0.002636996034592402,0.011598448350024982,0.08911404756582667,-0.002692725591690981,-0.006529444686275809,0.0028041826806734713,-0.8202594135832297,-64.75
851.4539954490706,-0.0017264104391688949,0.010937608881109256,0.08959699590122959,0.002800653683227683,-0.001482361165506485,0.002840681515002378,-0.3307570278827962,60.100000000000364
838.6028023636861,-0.002202062682166266,0.010209952947753705,0.08956445075660262,-0.006780904823560752,-0.006681198836526625,0.003412936149904714,-1.3203078585635015,-61.600000000000364
856.2169285134446,-0.002707564464157579,0.00949223396187865,0.0894422073685728,-0.0011320632936332453,-0.005126778004845178,0.0033924107480951806,-1.3905274610769571,18.590000000000146
941.5995581530628,-0.003643834039132525,0.008578209234852717,0.09004388208728785,9.352445196952885e-06,-0.007896013192356222,0.003135133684038729,-1.2990579758133947,-33.0
972.5616302641636,-0.005164311587811292,0.007658575014367023,0.08914844295453818,-0.008554856679368728,-0.009667973394389295,0.00388298677907158,-2.4673699344048363,-20.229999999997744
945.8968364176994,-0.0053845707280425975,0.007758323723261767,0.08939189618834957,0.008697277791498648,7.737022844644947e-05,0.004738852866374669,-1.1005884538638313,114.75
988.7962541942604,-0.006623598579652547,0.00775652074502721,0.08961039207496815,-0.003627617844445208,-0.003559847437538899,0.004530463828035656,-1.7016287622143764,-42.780000000000655
930.5571074265686,-0.008630825950855197,0.007047770083795543,0.09009354454632473,-0.0033464535016174413,0.0016747962459866539,0.004575373076693047,-1.9616556906467213,61.39999999999782
939.8260751639582,-0.00988866584324581,0.005996253043866643,0.09042203944846888,-0.006732502043978683,-0.013647562516259315,0.004627531690020293,-2.4612940602058497,-180.0599999999995
1001.330289561975,-0.011444660208121396,0.004640277469282792,0.09081731529959286,-0.005690393302539842,-0.015689593826552772,0.004742795545640409,-2.6180825595723767,-23.350000000000364
1031.2571260333575,-0.013622129144851638,0.003031679973369988,0.09096767598085215,-0.0065872109805920065,-0.01889021586983597,0.004883665141833117,-2.7162580703764676,-36.76999999999862
1006.6365059372323,-0.014889580682683,0.0018620297112651788,0.09015815678449962,-0.003966841186736403,-0.016158407034643107,0.004894884302742653,-2.512060578910884,33.18000000000029
867.807835049866,-0.01690980745982799,0.00048040039842722933,0.09032963031425596,0.006493472360690644,-0.004102812155697078,0.005378669477096185,-1.7551712242145499,140.13999999999942
969.3847628219942,-0.018934459747231378,-0.001184913112493176,0.0907338682521282,-0.004418269841739653,-0.0019284467713787112,0.005253564056312245,-1.8524581790035712,25.229999999999563
964.6317962802159,-0.021326040572421125,-0.003405364759239229,0.09166735380468884,-0.007450668391924986,-0.005419403672859424,0.005428164987014226,-2.0744781699335313,-39.76000000000022
987.8273102685351,-0.024289203126971345,-0.005111596746920288,0.09063189991142606,-0.01353953427736898,-0.025215299260314183,0.006125254999372345,-2.4428100765834477,-227.82999999999993
995.6308455950133,-0.02529026445653535,-0.006370799075515982,0.08964129054520363,0.008128426096328578,-0.012930695319945062,0.006861459612337325,-1.7511879748934736,141.79000000000087
965.4007130425493,-0.02456229876403768,-0.007638698957161596,0.08916918239977467,0.008414526129318034,0.0028469048718011702,0.006819230468622594,-1.1887883480781691,180.21999999999935
1024.4827146257444,-0.023047733337504654,-0.009259170375091852,0.08935977303742765,0.0027448397013614123,0.01940178427123218,0.006985966606260792,-0.9600636919608022,184.96000000000095
934.9072306998713,-0.022907697428827086,-0.010950425923100792,0.0894360324329325,-0.004555786707544085,0.006575730735163932,0.007013267312332308,-1.1099245140999396,-143.04000000000087
862.0510231403229,-0.022518630852499975,-0.012939728847128861,0.08954771911443457,-0.003628927231385415,-0.005445761967501128,0.006889608571218881,-1.2080810302876928,-136.23999999999978
918.8044971491979,-0.021399053196431365,-0.014378292148499594,0.08855278449468416,-0.00437869822485204,-0.012511113544289909,0.006836013695003892,-1.3347728336221163,-80.82999999999993
919.5674621208066,-0.01734615337238674,-0.016126133726191087,0.08873669671473082,0.008171433336112699,0.00011439392339496202,0.007231359611260305,-0.8207271380133914,144.13000000000102
906.3942833891246,-0.015314056420399425,-0.017951461439513133,0.08888422736457602,-0.005390856923648157,-0.0016541552592068687,0.007301801351569373,-1.0459962063590469,-20.030000000000655
864.8312519581333,-0.01514992874392995,-0.019462458448996432,0.08788988195843007,-0.005495268602041636,-0.00277378115957716,0.007030661445880445,-1.2831294947768817,-12.540000000000873
898.7840226023046,-0.014262451695451862,-0.02022446540316637,0.08659287702953798,0.00783835832113966,-0.003103240145210906,0.007488445871863997,-0.747000374009223,-4.0
933.7435050864078,-0.01175833645672187,-0.02112302168071121,0.0862992899460378,0.011887624919794337,0.01421498248007147,0.007982649878625025,0.08054886852728466,195.95999999999913
927.8525454210934,-0.008938427382883396,-0.022018736112376758,0.08595832363019719,0.00014304454616520523,0.019965042273942357,0.006597509924962692,0.17828976001368188,63.76000000000204
947.6564676183124,-0.005455836514093987,-0.022440987246559435,0.0854480699516113,0.0004273280658608769,0.012464839761100022,0.006314602747996668,0.274411293800862,-83.22000000000116
1017.4618643376546,-0.003214815854644152,-0.023458790176830367,0.08545009184644545,0.00245390750991592,0.003025741040526997,0.005931000109237794,0.6123281447269876,-106.53999999999905
1068.0422182839336,-0.0002532291100509059,-0.023898141834828426,0.08472119758056135,-0.0036853295535080877,-0.0008136675213228362,0.006033963039853178,0.42297583606203626,-44.02000000000044
1079.2105982902992,0.003758582766508831,-0.024003263158292668,0.08391902645810105,0.004165041061265029,0.0029194089700561587,0.005917972624439664,1.0315748943676675,42.81999999999971
1158.9906493223693,0.0070338690029933025,-0.023732099087787693,0.0832500292684802,0.005166453860455444,0.005633214923932428,0.005830858633473076,1.694473072562836,31.290000000000873
1083.7285671101426,0.008717912543688769,-0.023327066216278898,0.08280617396215373,0.0034554232244909944,0.01284075525845152,0.00550888072126748,1.9751612859988275,82.33999999999833
1179.6004792415533,0.010232695479840676,-0.023088943505997838,0.08300360811708601,0.0005859851314891085,0.009230777254043643,0.005217435582395035,1.8354307554696894,-40.919999999998254
1210.5902096516354,0.010751574135588882,-0.022372277111906036,0.08242258035604001,-0.007371337477037221,-0.003357709804979625,0.0054896612313764396,0.9909750288951866,-145.03000000000065
1367.2042770410433,0.010885997169186337,-0.022174879908085202,0.08222486981924589,0.0021552023321995684,-0.0046491026240930156,0.005010124057166855,1.1637211434547703,-15.119999999998981
571.0747363974205,0.011582893472600516,-0.021439166184844594,0.08131655030124378,-0.0026457866540150476,-0.007863965708941212,0.004862485053793364,0.8539021136368502,-37.3600000000024
592.462583906646,0.012060774542712252,-0.020795669700320537,0.0813341808303363,0.006364649631767083,0.005865204414520653,0.003955886555416919,1.3480712843070366,158.91000000000167
502.14438987511477,0.011083144536029292,-0.01934034291741729,0.0806544027448461,-0.00547303591760695,-0.0017912737523418931,0.004368708138333868,0.7660099841511826,-88.29000000000087
479.80795861941664,0.009321067970756554,-0.018241123629838978,0.08023211285986846,0.0033175047160605153,0.004177126845071433,0.004445345649431042,1.0253531652746368,68.81000000000131
471.55236750872564,0.007863216379350986,-0.01736495500793047,0.07963274102061713,0.0003872752420470693,-0.001787254597522825,0.004411434652284329,0.9822384237165819,-68.84000000000196
433.0368360235643,0.007969868002471275,-0.01651198014044576,0.07905373584766506,0.0018543994027209187,0.005567336672521073,0.004215109985592463,1.0834313624377294,84.91000000000167
421.010262522774,0.008113946427034628,-0.015470205777797367,0.07862168201353234,0.002333977922949426,0.00458160442600275,0.004122109140089092,1.2104365381083078,-11.19000000000051
660.7756727301149,0.008559736345211521,-0.014483298294723689,0.078586552658525,0.0009173048790982463,0.005113856321203425,0.0038932190727539013,1.2044122590833148,6.180000000000291
643.9074781975308,0.007541498658380549,-0.013259796765960688,0.07818104393074587,-0.0045023668160864005,-0.0012635911519293108,0.0040179547505486855,0.6874982446332647,-73.82999999999993
562.6940831058703,0.007131708375881215,-0.012540380610094751,0.07807549712534907,0.00037221625850980544,-0.003218311677136154,0.004014756307415944,0.6635659129187375,-22.75
635.2419750283221,0.006213850858805455,-0.01163485168007996,0.07783493404743616,-0.0036966055457715585,-0.007813158225051242,0.0035278945899392543,0.1611825193990662,-53.47999999999956
567.7383866967554,0.00478221045560033,-0.010309154095791619,0.07707681743634126,-0.0022381502810034926,-0.005556471942580243,0.003524928606067535,-0.3312833892621457,26.539999999999054
559.1522463480686,0.0033222433994148093,-0.009681409013561466,0.07727337823365923,0.004698240113938601,-0.0012560861908216259,0.0037042679520952223,0.4156020245551601,49.789999999999054
653.5713719663721,0.0010174114722182486,-0.00985953460795479,0.07753891322919639,-0.008226258854443502,-0.005796835222576124,0.003941641229552696,-1.4382189963457748,-52.350000000000364
545.5185850250962,-0.0020152743481215716,-0.009918508408891075,0.0769536587173853,-0.009889418400750194,-0.0134208138116102,0.004568412247586538,-2.9442480711909433,-87.63999999999942
630.3376469144852,-0.004300507211142917,-0.009489952642980332,0.0755957360829456,0.0008705671714313024,-0.017179457258806874,0.004398800007750367,-2.4071327778028615,-44.20999999999913
320.07471343684335,-0.005334796111437322,-0.009239291734369907,0.07504382043474091,0.01191965031705422,0.0027845855107426765,0.005851125807227377,-0.47989327614168154,230.70000000000073
402.69063735410083,-0.0056554520017399745,-0.009075564654113123,0.07488198475282137,0.0012419790662647756,0.014058471481223078,0.005831689733796767,-0.32269796101193016,127.76000000000022
322.72987389166724,-0.006281073749773211,-0.008923665643144256,0.07419965830931557,-0.004320267497213592,0.008799240125590524,0.005852328253649273,-1.0162425498275964,-59.659999999999854
573.9739517568836,-0.0071723571125901185,-0.008988377458277083,0.07360832460311671,0.0019737845837310974,-0.001115955997959328,0.005892767104844698,-0.6413727233533597,-112.89000000000124
553.1979713870476,-0.006585529051131133,-0.009269485528096732,0.0731754108398499,0.0009196910464552843,-0.0014374850261977823,0.005805614153503182,-0.43648559351765476,-3.720000000001164
539.8006447525687,-0.0046012570976924246,-0.00949133397188297,0.07250033349046447,-0.0013404546070955314,0.001550955289071343,0.005802436470075952,-0.5999391785535672,34.350000000000364
603.5835906625119,-0.002452066689822485,-0.009396694844237835,0.07183506686417138,0.002425109721852392,0.0020020899696249206,0.0057815975566309205,-0.17765006567107122,5.220000000001164
577.940072478715,-0.002063605804383161,-0.009522813526320742,0.0715791811865885,0.0021821813129558887,0.0032659454986108116,0.005778234565763903,0.20362848940217554,14.55999999999949
577.0240421740473,-0.002177265070523116,-0.009372950482082162,0.07079354056475591,-0.003865306083546294,0.0007294479350008487,0.005701096520273554,-0.44696314614193294,-29.18999999999869
538.5951689382182,-0.001361772305693683,-0.009094141321351818,0.06955743156958519,0.003924665898898061,0.0022264675234455744,0.005268487633300109,0.2623659831626937,17.2599999999984
603.8372724079563,0.0005542750052426145,-0.008407732978060396,0.06878503250886336,0.01109634332729148,0.011141023452642784,0.0049801545875270345,1.9336058493842276,102.94000000000051
550.8470217954807,0.0026787634483862372,-0.007893308788837433,0.06837953954451778,0.005692515066784143,0.02084282896041567,0.0050525363193690016,2.388689194300609,111.03999999999905
491.32907894993184,0.005181630847384333,-0.007096095480560594,0.06754010994105114,0.0005853713401511307,0.017447260527966524,0.004139986703429986,2.13387503553149,-38.24999999999818
505.8074674509593,0.008053306196499977,-0.0067099319204888845,0.06762983337890012,0.007287739685140293,0.01361473421361814,0.004435241210107124,2.508245882755866,-42.48999999999978
530.8396835253377,0.010044343958240786,-0.006264130853172095,0.06704942136378221,-0.007404094655406923,0.0004149575584477816,0.004911953867355366,1.578853980743277,-154.01000000000022
508.9910817896045,0.012832873003951327,-0.0061009059504872,0.06708373128895408,0.002472530046393029,0.0023017948549819423,0.004914223287957803,1.678280609500975,22.159999999999854
434.0523175674913,0.014494230804968164,-0.005414208033359006,0.06622181298375318,-0.007248913342690511,-0.012162903608967879,0.0055956804888540514,0.9261435940443836,-170.90000000000146
302.9088783098191,0.014928093354127682,-0.004771588202036433,0.06609084553067962,0.0069518139929756195,0.0021241784139525155,0.005747583408551328,1.4437516758625502,168.8100000000013
491.0519890060368,0.014304865259222125,-0.003934805281771041,0.06576196505602035,-0.0041246138220883966,-0.004470672996863323,0.006009433867149659,0.9955864172646327,-77.56000000000131
630.6254865492758,0.01329134714752089,-0.0030968205930395746,0.06557497705087428,-0.001100071517450063,0.0016953765259246634,0.006048271301181455,0.8319704396086456,72.43000000000211
715.5095494185704,0.01080643414927868,-0.0022496474321764388,0.06474621297816693,-0.0035071890968710884,-0.008709029020181225,0.00602189141979557,0.49654015128031126,-122.28000000000247
697.2825613848955,0.010180726144864195,-0.0012729119966792659,0.06467151479941304,0.006989337659086381,0.002353760469454791,0.006209153033794035,1.0087621305286987,130.0500000000011
640.6652359957914,0.008430220156555937,0.00017659282355150482,0.0640684394563595,-0.005534269902085942,-0.0020957697575212375,0.005701477618670095,0.4688565594664297,-52.11000000000058
732.5727422620893,0.007555504660048682,0.0016112626679084814,0.06359685074035404,0.002911815068493251,0.004332326201099468,0.00550616371932247,0.6813166552628862,75.06000000000131
537.0014804642869,0.005856880826928849,0.002629377715764987,0.06311968825649103,0.0011183190043375646,-0.0015232013622817897,0.005514718842238546,0.7269034552656674,-68.42000000000007
394.0570641577548,0.005371950211627656,0.0035342692722673025,0.06294927746196229,0.0015570758695024889,0.005596746575342593,0.005045030886933621,0.814702459390347,83.26000000000022
267.2770908748978,0.004761398654111174,0.004336615701737243,0.06263584910884006,-0.00346774941955863,-0.0007998968756216529,0.0046751559441721765,0.3893051142052811,-74.7400000000016
592.0623135259464,0.004391246410586164,0.005026473048301192,0.06236946375045531,-0.0007296251742897608,-0.0026443002581199027,0.004596450735399686,0.24333037450998113,-21.639999999999418
528.8991108291435,0.002980229299768211,0.005968610833115299,0.061631277539281284,-0.0011927052607280109,-0.005382546484274275,0.004095033421551937,0.030965988499678205,-32.210000000000946
464.0819461966645,0.003089765558112604,0.007109483710415122,0.06115766904063826,0.006963615430378933,0.005028774913196976,0.0040968585294851,0.8544948512316025,122.08000000000175
418.60273896604,0.003101378455775708,0.00822615987964582,0.06087475832825987,0.0034777064649127443,0.009260351741178674,0.003989070680863019,1.277269105225552,49.44999999999891
396.4853929846213,0.0031845348136031186,0.00927519288505947,0.060674951393716016,0.0012537687186398028,0.011732429390137966,0.003954315125274521,1.3954071898000615,28.75
426.212189871203,0.0031214868989693917,0.010410651571748041,0.06039082609769207,-0.00014467972055653977,0.004590470523228696,0.003732735643578296,1.4449538361546268,-83.05999999999949
420.416491587871,0.0034684834653376647,0.011288517443723726,0.06055283085544681,0.0006955785910724988,0.0018052575266362947,0.0032396340146951326,1.681239712796425,-32.69000000000051
431.57016030226015,0.003347581575302638,0.011646935508298479,0.06026371301468505,-0.007294270454568541,-0.006747489891456349,0.0035649074347301043,-0.0611896603405576,-101.05999999999949
471.20746281010986,0.003780402851282971,0.0118263531718389,0.059817309616245665,-0.0002717331120850597,-0.006873704252168378,0.003480814173042833,-0.1263398598843714,-1.4799999999995634
469.04789876231484,0.0037010399800299428,0.012029388208480887,0.05932699070650594,0.002546805756854509,-0.005036479808417593,0.0035403437637630294,0.46116217959605643,21.670000000000073
523.1251271588883,0.0035409777217872956,0.012112282961555575,0.058583553718780365,0.003856823296640721,0.006139975774013706,0.003675266579030029,1.4303389165417866,131.64000000000124
462.0916398375969,0.004339613024303136,0.012663225739496724,0.058184247744843355,0.008462063371922568,0.014929786039346249,0.00410082203572838,2.7324325518238504,103.1399999999976
380.4443700761536,0.005196412983476016,0.013137372539137515,0.058171508055058635,0.0030928120663324954,0.01548253635850605,0.004062828685544354,2.6655854981096714,6.950000000000728
525.6090709902595,0.005697051192530502,0.013815104452529118,0.058047098870479756,-0.003792161749801015,0.007744968056663248,0.004298608909918794,1.802805358375773,-90.69000000000051
540.2263533533102,0.0067747883419575486,0.014192055994567765,0.05794425776638808,-0.0015785909794321373,-0.002288546605000774,0.004022767001519898,1.4201425642696817,-118.73999999999978
481.7486925692275,0.007946747521047454,0.014720094955351747,0.05755012790070428,-0.002197029172272713,-0.007550009080766862,0.004020443994089178,1.0050609595496802,-62.94999999999891
488.8716428210591,0.008832697564445715,0.015304922413769172,0.05735218464854808,0.0026876098403456616,-0.0010946801736030354,0.00406959182467382,1.279124974467279,77.17999999999847
458.38634850703005,0.009095752878857171,0.01604226525005425,0.056944765372179025,-0.0005929357383815947,-0.00010854720920072669,0.004078148305825604,1.1077723778299737,11.7400000000016
434.7538608725803,0.008356146054601233,0.016545969031085253,0.05691195776240274,0.0036228408121221634,0.005723504231699428,0.004179298417076076,1.4832971129931523,69.15999999999804
530.4221431352908,0.007169708511882735,0.01717611257572313,0.05650642997617047,-0.003258429698498877,-0.000240538469754914,0.003598480575247456,0.9445626794578261,-70.72999999999956
535.9750336844035,0.006497382192046898,0.017703664946415055,0.056282065149125045,0.002237714233797483,0.002591109607555042,0.0035877033238313196,1.1696633620282888,33.649999999999636
585.8909541405336,0.006069099341693421,0.01813717012321796,0.056102137417963306,-0.0011516124672961148,-0.0021784355009520917,0.003625514315211814,0.9216272242998094,-56.76999999999862
514.382209703056,0.005740586348151268,0.018291849803782182,0.05619132558655007,-0.002576468423135747,-0.0014957353036434418,0.003632099724440508,0.48575332821499345,8.200000000000728
557.7186691031393,0.0043450568179886975,0.018551155163835122,0.05581096912897755,-0.007403101265022971,-0.011100637667632252,0.0033089666890601284,-0.6981002155202718,-114.47000000000116
470.39178447861804,0.002982935905804157,0.018842686090855622,0.05540348712476839,0.00129185806876575,-0.008681505309659387,0.0031478773542943745,-0.594367236157729,28.94000000000051
495.3984542711795,0.0012250899145841957,0.019250660593288362,0.05475792285335343,0.0014656641264081394,-0.00466411387312704,0.0030984233453865244,-0.4813377372457278,47.94999999999891
436.29361961284894,0.0006200826991456498,0.01944105003779546,0.054568156860407176,0.0070992103429916575,0.009878215640140464,0.003790088856664635,0.803884888001064,171.7400000000016
455.4576781126841,-0.00012214772408650104,0.01940996646287591,0.05435121327103312,-0.0009707628094465237,0.007596192155433279,0.0037386460017013894,0.5590134285964837,-26.770000000002256
477.3692079530751,-0.0006511506162906321,0.019265522066665142,0.05400852887725372,-0.0008572887632913861,0.005259019179802982,0.003663892072181432,0.3511636058567016,-27.479999999997744
517.2133588400518,-0.0005882313382648607,0.019087309137345753,0.0539019136277617,0.0016739473834888052,-0.0001563306342485804,0.003693981858411447,0.6292296077210755,-63.9900000000016
555.5869142125202,0.00020638173055258344,0.018912554004776653,0.05349158680106535,-0.0030850706119704974,-0.0022723620703145597,0.0036188341855650603,-0.008652772440255573,-25.149999999999636
526.5617101341186,0.0011034868588087085,0.01910068743760542,0.052905329407067644,0.0025186984054708095,0.0010988437301071574,0.003597089033931279,0.4302961712112888,40.05999999999949
479.8630252748464,0.00213597869490147,0.019231482575286844,0.05317125365505445,0.006283029008753438,0.005705279085406856,0.003991709891830009,1.7750659128498414,54.82000000000153
526.245956639073,0.0010741786884459587,0.018943383029695508,0.05276706925435051,-0.01069971505875611,-0.0019765078883238196,0.005113756878109153,-0.94829727765804,-91.30999999999949
490.7744254531921,0.0004156123669270647,0.018575580883945928,0.05263455579667661,0.0018148237643904608,-0.0026772264169828697,0.005103953409932591,-0.536793283533761,-8.390000000001237
496.34120203911016,-0.00032052517363729866,0.01794273743151008,0.052104664496066676,-0.0034442800830540854,-0.012317920539089866,0.004698917240730621,-1.3542373538133157,-115.54000000000087
413.7029199551837,-0.00046267205189800647,0.017314599842357354,0.05176579177027601,0.004814454364659548,0.0031708722475594087,0.004876100045611526,0.0029730379469195254,184.89999999999964
473.1772114588305,6.735969444666256e-05,0.01685620612132034,0.0513347891738688,0.001051089874079869,0.0024061045732011177,0.00487049627892116,0.32407611268065367,-8.999999999998181
428.87845959377046,0.00042015037921830855,0.01646302522690702,0.05114621114326339,0.0032677456509282443,0.009157533956755337,0.004512136104298491,1.1902193901426148,79.67999999999847
464.96719088938903,-0.00033282945345815474,0.016107350646552256,0.050845152934830454,-0.0014348357318542115,0.0028812327397651494,0.0045250270914694544,0.731497888612089,-73.99999999999818
474.93788443397875,0.0004809661695887258,0.01572459250734077,0.05066269764950011,0.0011656421109207393,0.002995994403438562,0.004521422321669778,1.003844637009359,1.3999999999978172
539.2887255941386,0.0010191043370039099,0.01522618511486224,0.05060331186462012,-0.0012255189791869903,-0.0014960531534937704,0.004520378798811985,0.6408617633782513,-53.44999999999709
544.607715693631,0.001556310955552806,0.014467461270297294,0.05028587295926121,-0.0046065842660582,-0.004667607242433425,0.004637223944311984,-0.5439257360559743,-37.7400000000016
518.4428550401898,0.0016185039051880223,0.01395568626683921,0.04994798250704487,0.0006927089221921978,-0.0051377849059009995,0.004575127166633534,-0.32776121590560153,-5.670000000000073
556.5199279246602,0.0015928416883076806,0.01333998027149336,0.05012021912240594,0.001900469046553166,-0.002024041582716518,0.004167938145999933,0.2272223097703597,37.149999999999636
506.1155269752824,0.00022393342826713256,0.012613219646896026,0.04990001111383787,-0.009440559734809284,-0.006870558773947377,0.003896429970490053,-2.070841445194371,-57.32999999999993
484.4533718637629,-0.0011560595557473855,0.012043001572163372,0.04943928564163228,-0.0015088453509977118,-0.009055473629094868,0.003838206873812079,-2.098604404187848,-25.969999999999345
418.8634859424249,-0.002407751838860381,0.011918110123648658,0.048995898219506964,0.0038161021643297044,-0.00716078826738209,0.0039423968338591405,-1.2805091436966936,22.30999999999949
545.7674984513983,-0.0033398159215064656,0.011691991534505574,0.04894215347568021,0.004190654433753105,0.006501798125667424,0.0038748702251258306,-0.3736132231027853,161.6200000000008
639.3914127211392,-0.003944340712863887,0.0115100767833316,0.04844317290520404,-0.0035130901012230265,0.004481473823751303,0.003966222066917136,-1.1959091776368482,-23.860000000000582
627.2332350038407,-0.003973818899414167,0.011137812615115882,0.04828882721216051,0.0056541442547966,0.006320734246055171,0.0042267542716768825,0.16199936699230427,21.899999999999636
644.0236918404711,-0.004151482661191153,0.01078510412008252,0.04817189217284962,-0.0012836656910021338,0.0008348020447161986,0.004223480806186526,-0.12148227714406137,-64.68000000000029
627.9301218378341,-0.003225967603273922,0.010503869286544208,0.04779308226870348,-0.002022432299542576,0.0023319639151244687,0.004219980537857784,-0.5678719900030212,17.640000000001237
588.7463203286912,-0.0018217369293272755,0.010069926106283546,0.04764795509870382,0.0027735922244767064,-0.0005390722061950903,0.004323775981529195,0.12017851111607378,-33.93000000000029
561.1805583946646,-0.0011230970591530236,0.00979548871335321,0.04730121724210889,-0.0021515525647131106,-0.001407606133418171,0.004155187629806646,-0.38260652951174823,-10.290000000000873
577.0662868448492,-0.000950070271826277,0.009399642471060801,0.047075418359665916,0.001839477311424087,0.0024566826924294904,0.004187494856510528,0.08328309047190603,45.76000000000022
580.1472613712293,-0.0002432881670030051,0.008913698179148381,0.04662237453029395,-0.0006415390192293646,-0.0009573692571539505,0.004147894175199593,0.023420474076891264,-40.43000000000029
485.413829478061,0.00042803521548297587,0.008804075074985977,0.046480686838830894,0.005040284314213439,0.0062430745114996355,0.003213357825322586,1.281690077368987,85.28000000000065
621.7437622371531,0.0006243129967349754,0.008533963369823464,0.04639970117328777,-0.0022183538354104693,0.0021674071201556178,0.0032700672460473815,0.6576981427313396,-48.210000000000946
557.9727844443468,0.0006976385050822252,0.008365136894595695,0.04600779701230493,-0.004722484629212542,-0.0019250090050267898,0.003511444368462299,-0.6019795524635205,-48.529999999998836
571.4721272243996,0.00023920941895529422,0.008071324981524757,0.04548622415750823,5.409211041218498e-05,-0.006876645090244993,0.00328465379184467,-0.5470975303098051,-59.11000000000058
710.8541422687938,0.0005090397698310637,0.00775983835819682,0.04508452432994301,0.0022244177172503488,-0.0024546152739655103,0.0031576867028024116,0.06356070170568397,52.75
1008.3320224970234,0.0004796087668666459,0.007278207737915966,0.044748158146369905,-0.0007766495792514982,0.0015002108747117493,0.0026924269758861093,-0.07693370219767337,46.93000000000029
802.5620860025009,0.0004832611649605847,0.006804922610307986,0.0443119310194869,-0.0018498795721647587,-0.0004065140281145352,0.0027187976214066573,-0.536019588990619,-22.55999999999949
811.1282904927517,-0.00025072056930331116,0.006255447390265054,0.04396425958598355,0.00041513422109495934,-0.0022110479878366673,0.0026610521261304716,-0.34919414045445774,-21.409999999999854
688.7832945784976,-0.0007761321011496828,0.005769302419511015,0.04345400039078791,-0.0015212454605613157,-0.0029545749918561404,0.002540003309633993,-0.760631830532756,-8.790000000000873
739.1685528092994,-0.00041140329082114014,0.005565195113536455,0.042891623727219996,0.002521497053175059,0.0014119636440499406,0.0025977657122613104,0.0771167497142297,51.710000000000946
794.5637412672203,0.00019336863291748637,0.005371075785344095,0.04254927547752912,0.004236672801877672,0.005237310066165568,0.0028312118300299906,1.3806731706961923,45.26999999999862
828.3758352888526,0.0003713302187103044,0.005011820359918822,0.04229148769098296,-0.0013325621007567179,0.005427270595823375,0.0028574593951222046,0.9655416686195588,2.150000000001455
770.5488071526761,0.0007320885706081454,0.004962350446945767,0.04199313707611878,-3.5357910448508e-05,0.0028630046773947537,0.0024124230073133005,0.8985978639248892,-30.210000000000946
704.0949559739483,0.0010958061546953533,0.0050269804077209095,0.04160675386097698,0.0011508564914788355,-0.00021859062851514732,0.002358009554528228,1.3310316090029526,-36.5099999999984
797.3367411738908,0.0015054511436007148,0.005616374813992963,0.040447418470326055,0.0016162424800996167,0.0027335032196744713,0.0018522546843113173,1.8383229704246604,35.06999999999789
763.853606183459,0.004520564684183586,0.0061536717240453145,0.04021967687419862,0.022750398791033355,0.025582352748038106,0.006654006287995091,4.301181953165026,271.39999999999964
718.2508499308657,0.007328128873907902,0.007183658247387725,0.03934994539055089,-0.0005655895018708001,0.023824019616911718,0.00671110199527795,3.0755347446908923,-20.55999999999949
850.6469226112716,0.011026380532139805,0.008179277661941133,0.03914234594068686,0.017627795769887378,0.040190580136008736,0.007952784451763024,3.4663555069988723,195.39999999999964
833.2789859282351,0.015475447920056992,0.009200695757206164,0.03910598830908536,0.0025819813377392364,0.019678246065089722,0.007769831552823413,2.8257336888751983,-238.98999999999796
908.2775648098699,0.019706307184354645,0.010202048908736387,0.03908723478898159,-0.0024336443481972614,0.017772353222850867,0.007935099243301191,2.2311780215014476,-23.340000000001965
910.2856625896811,0.023402411471405468,0.011075950994131062,0.03896054121366983,-0.0032974296027831196,-0.0031558446485026037,0.008060644612484564,1.783456957738404,-255.47999999999774
894.7112433338776,0.026862784566902637,0.012041238870215033,0.03884219854604599,-0.0007173734738608051,-0.006436317090253385,0.008158605173420253,1.5630372435920967,-40.85000000000218
720.1981527525066,0.027067461742209278,0.012894311541157041,0.038736628004259165,-0.000257662000931802,-0.00426906573634922,0.008222873822939025,1.4038592223558741,27.05000000000109
672.1954924557451,0.027405690107476222,0.013882264792080318,0.03845426483729855,-0.00013129560394753437,-0.0011060182452526934,0.008171280619480943,1.2745127772795593,39.23999999999978
649.8106071711222,0.02559153179610473,0.014777761344002606,0.03847113239729279,0.0046729540121341895,0.004282212814228137,0.008115137168192798,1.3792645081869976,66.51000000000022
698.6583998916972,0.023392756442724927,0.0157758349093666,0.03827571442362919,-0.0042308747357721055,0.0002909575420815269,0.008405294875716552,1.071021837156896,-49.26000000000022
746.1841442407149,0.02147359097510289,0.016963095173494386,0.03817563789876274,0.0015248546445678635,0.0019478071970786548,0.0084068369395783,1.054163108338794,20.43999999999869
864.596531353783,0.019748278428644652,0.018211550709440905,0.037974434046803764,-0.0015921067747055595,-0.00430025979055404,0.005762234721845064,0.8973884034030779,-77.32999999999993
765.3512068090185,0.018226461101344606,0.019285759055298977,0.03798198381169784,0.0015727678607602158,0.0015029784089657383,0.005739113539623115,0.8975058031213299,71.85000000000036
780.3023171969094,0.01649840132489839,0.020313860388037317,0.037927231287962895,-0.004159146197912578,-0.0041808982782918225,0.0027788860112236656,0.625652203023094,-70.22999999999956
781.1667976196234,0.014463638544578583,0.021269925048505004,0.03785889354598309,-0.0024826757004865474,-0.005069158030353349,0.002643085929709465,0.4379649917919525,-10.8799999999992
762.9185073462031,0.01137791541617447,0.022227140536453645,0.0376687016089388,-0.0029270104261512886,-0.0095390960551619,0.002671757971855925,0.21965134538795283,-55.350000000000364
757.6900186205485,0.008997660505901712,0.023244208631003828,0.03746649272979129,0.0012783023491358403,-0.00413102288513556,0.002640729293071463,0.22211090172505976,67.06000000000131
816.0591727896057,0.006555769600896954,0.024180424306256384,0.0374594548105052,0.0020965130175509827,0.0004405989539644217,0.002753880574563431,0.27929082928086935,56.2599999999984
761.2292192674367,0.00411752130069505,0.024835964972281792,0.03738737029043601,-0.0034540444393792447,-8.82151141895493e-05,0.002891455452924104,-0.024088053822511928,-6.489999999999782
758.5169260748461,0.0015484894144479888,0.02561773961512725,0.03711151382543805,-0.00044928327065152374,-0.0018134429719908196,0.0028876977978202246,-0.15768103844724263,-21.150000000001455
713.4762234650613,-4.1505088442478286e-05,0.026439035355820675,0.03712908256246322,0.004203095400376888,0.00028491999853463845,0.0028106889120276604,0.07332522722369235,25.730000000001382
745.5559834774259,-0.0016445301844044895,0.02715551519458833,0.03698810952178594,-0.003573506732369447,0.0001650094921301637,0.002741560733680348,-0.46424251089782187,-1.4799999999995634
810.09205035539,-0.0026426975655812804,0.027838816715087006,0.037198402322612976,0.0013337427942770042,0.0019491313493873452,0.00272821518832589,-0.697047961829158,21.829999999999927
679.3014860619513,-0.004622449315197319,0.027389942152285577,0.037638717004077685,-0.00799913866723434,-0.010225714436853273,0.0034535732751880175,-2.085287427985099,-149.5
558.0147336223654,-0.0076267162648735376,0.026493615260482106,0.037735130281692564,-0.014800197335964493,-0.021377454927987705,0.00509633396388961,-3.4213875699792715,-136.09000000000015
693.8740600557334,-0.01067570322653176,0.02477395818136653,0.037340806988729755,-0.00525872141545658,-0.027820395805244202,0.005137073741783061,-3.036081756296257,-79.34000000000015
688.4341729809648,-0.011802670518338705,0.023169986063390487,0.037351663369924744,0.009554500842772873,-0.010617497122183739,0.006234795761954408,-1.8442004901080997,211.95000000000073
559.9788956801611,-0.01382972004928982,0.021690024328239948,0.03722498367220374,-0.0025264130668744,0.00170839592722416,0.006228501209775379,-1.8460730634144276,149.59999999999854
642.265105788888,-0.015152698596658805,0.02042794142259785,0.037225445830901045,0.0021378932836324527,0.009156816139622492,0.006269832235652316,-1.4910097778671405,88.67000000000007
685.7674305003635,-0.016857605194139907,0.019227571077829964,0.037227090089321506,-0.00018872426553406818,-0.0005825709078549623,0.006182732184435146,-1.3699512473057625,-116.14999999999964
665.6646716930367,-0.01715528341962024,0.018095260817108834,0.03722360169690189,0.0022401724284166757,0.004193303545020344,0.006258255541415379,-1.0832409227866935,57.340000000000146
691.9324557741659,-0.01523486547961192,0.01698211188023796,0.037250324894511314,0.0011250497809638382,0.003178382674613678,0.006293591603988273,-0.9093518468276763,-12.099999999998545
735.2387690656873,-0.012724620506656468,0.015499654524010548,0.03741322039815461,-0.001137874222217894,0.0022260362252677357,0.006065641760328943,-0.9292003181600836,-11.460000000002765
689.2820108684191,-0.012034295004861096,0.014137125048662333,0.03727863989773976,-0.005908254049116213,-0.005922275321916803,0.006171530913945569,-1.31855581087777,-98.14999999999782
757.0686733405548,-0.010731594480736325,0.012694690513494694,0.03745738089940651,0.0030755953801804292,-0.003985460403966079,0.006271247790326647,-0.9775494261567436,23.289999999999054
662.1523395238498,-0.01029954753488604,0.011268066424485804,0.03749095016032116,-0.005226209762303702,-0.008062140794166894,0.006063290108500935,-1.3211467012021663,-49.07999999999993
694.7102124980818,-0.009935221423961638,0.009751793647353473,0.03761545176881851,-0.0007569763104053884,-0.0029220242675742636,0.0043597030411441405,-1.2931187919441685,62.159999999999854
636.3830066968,-0.010379785717530295,0.008193654832219469,0.03787998367006539,-0.004941233391454025,-0.010890918576467401,0.00432731510664244,-1.5827950997964997,-95.88000000000102
690.5085401990501,-0.012118502270846139,0.006485484916503447,0.03803266470402764,-0.008763074790239744,-0.014407643035065143,0.003762633963106663,-2.057507212899814,-41.35999999999876
643.7788793256716,-0.01434708525678893,0.00496950582239136,0.03775063939027289,-0.005497653016452997,-0.019083557319730327,0.003913871686120962,-2.153253361469772,-55.72999999999956
747.5288494907959,-0.015143159592272942,0.0035533346254641982,0.037419423360503704,0.005254970162385186,-0.009032267833618435,0.004297172489385854,-1.5989276805781685,120.61000000000058
739.7055088837318,-0.015771129425742804,0.002066949974402521,0.03733722561056014,0.005368416495401984,0.005095385722566403,0.004753256877684002,-1.123711494206129,167.40999999999985
701.2626666307139,-0.015793816201173698,0.0005943905747802886,0.03733483093614206,-0.0013340932598736588,0.009303294041949295,0.004623945459077062,-1.1325963100361711,48.97999999999956
676.2822588257401,-0.01631315624218511,-0.0007979535349799909,0.03713023473181942,-0.004057510283281829,-4.6689264270649566e-05,0.004592097746836271,-1.3332851406960669,-109.57000000000153
668.2525650903988,-0.015943050685820175,-0.0022487681691879865,0.036836262187783214,0.0010764500240247887,-0.004315538386844842,0.004673382792885945,-1.189787626742735,-50.55999999999949
623.2745971539288,-0.013615550712183743,-0.0034044036685776913,0.036567620220060125,0.004623418650050004,0.0016241878004132904,0.004820198504322937,-0.7563369976416308,70.31999999999971
573.1685421754945,-0.010293927139512915,-0.004741923828122475,0.03650651034339476,0.003840744986350675,0.009567501396498646,0.00488267957440651,-0.3460006624444982,93.4900000000016
570.3270744932131,-0.008050830046641269,-0.0061607890509745656,0.03666912455392421,-0.0030801805559291795,0.005375614604304246,0.004745916517814207,-0.603143206539363,-49.30999999999949
656.8327671144098,-0.008089150641156327,-0.006822966633562802,0.03627833693164806,-0.010999086502248456,-0.010258587652553608,0.005602878076356647,-1.6352315354349165,-184.9200000000019
609.8245243975313,-0.00795980884457701,-0.007380487934519217,0.03618359258766986,0.004509118449006699,-0.009599601754433196,0.005744096555795376,-1.0825967013690068,7.3700000000008
659.0545763615022,-0.007779840798166316,-0.008249176913827788,0.035950824450197705,-0.002541178468330796,-0.00906412450561056,0.005211653840341687,-1.2315645021243602,6.699999999998909
532.7743891936482,-0.007218147394380337,-0.009046180471240487,0.035852984493282926,0.0011618929747609918,0.0031206477028400403,0.004948398240754353,-1.0244975390687279,144.0500000000011
659.819599627149,-0.007701217301267657,-0.010043261175587901,0.035728048428338925,-0.002443520165417934,-0.0038223807097980123,0.0047450975030389475,-1.1718695687252543,-81.61000000000058
654.6582457946047,-0.008977116383683247,-0.010869207241588918,0.03542025200576982,-0.00307594490061347,-0.0043564602526202645,0.0044407240623189495,-1.364210834195104,-6.1599999999998545
678.3728583333149,-0.009392444451584023,-0.011834344157683026,0.03523765071624854,0.0035385474258542438,-0.001992905799491851,0.004628845903693482,-0.9403360755252997,27.7400000000016
699.6506522806512,-0.008238049365064488,-0.01285057477675327,0.035017775947466204,-0.0006968652988342816,-0.00024546193720598186,0.004501925733062284,-0.9637937008424646,20.55999999999949
682.7671863425664,-0.007625208892490129,-0.013628759298432332,0.0346791905834617,0.00044841902456083105,0.003288908419246672,0.004487582893514146,-0.8710281117708082,41.350000000000364
659.0179988286359,-0.006270202209435424,-0.014050758174758081,0.034394756004598646,0.003924890246230106,0.003675155133460839,0.004420629528939092,-0.29710072127954684,4.669999999998254
697.3388609453342,-0.005105144973797887,-0.014924591363917314,0.03430567479596376,0.0022891977367753835,0.00667428240168455,0.004304863205907352,0.15108038119561695,35.149999999999636
695.2442792785483,-0.003925897858507632,-0.015601988537886524,0.03416335004659064,-0.004158060497662985,0.002039136421890797,0.004372478687967735,-0.48025770012641805,-54.35999999999876
632.8905037930897,-0.002719436523769148,-0.016374016529038624,0.03402623670728802,-0.002073254422673587,-0.00394774144373089,0.002999212170344501,-0.8452469337784865,-70.44000000000051
642.6928731077752,-0.0023153077213946024,-0.016850673877317174,0.03381770019554485,-0.0026220908383618458,-0.00882846857192221,0.002735343418770016,-1.3434010587183776,-57.73999999999978
615.0557495002465,-0.00199804381856162,-0.016873059580570216,0.03357094232011847,7.518707055798046e-05,-0.004615074549568887,0.002662965739789221,-1.2204024991012903,49.97999999999956
588.1114394334678,-0.0019023564327268953,-0.01658823703387302,0.03330911443957257,0.001897476467361825,-0.0006544575118173634,0.00270783052406522,-0.8140132042397382,46.590000000000146
754.1718646087255,-0.002400689687038803,-0.01677965897151353,0.03329747670478786,0.0018222547012380907,0.0037986558602340903,0.0026722170965460977,-0.3829127837033357,52.14000000000124
742.850927958319,-0.0035248503644021278,-0.01687356591625633,0.03305360048459478,-0.0047384369201436405,-0.0010328901616571962,0.0028870989742961336,-1.3249792371721671,-56.55000000000109
836.5625635304336,-0.0033154301618847732,-0.016839135638886005,0.03291732685033679,0.004765272690420597,0.0018265182826635584,0.0030422733378350202,-0.20966715138680872,33.51000000000022
864.0093526878989,-0.002504315502063901,-0.01687719157178779,0.0328871814684949,0.003566367199635767,0.003570638203700849,0.0031889699026245257,0.6036995769315181,20.529999999998836
784.069963200023,-0.0017820754877446992,-0.01668728818171609,0.032625255188779706,-0.002743722727099107,0.005582005536679091,0.003318099838760296,-0.002811311252777531,23.320000000001528
793.7902788983864,-0.0005373043720646565,-0.01684073342861932,0.03258822309208725,0.004673334353897607,0.0054899924672195954,0.003401151497828154,1.1609564285162866,-0.7700000000004366
783.0508751868455,0.0003970623879004968,-0.017127832361128935,0.03242333494921687,-0.002128983378692384,-0.00021627489811748557,0.00339704674007182,0.8929600058525933,-67.04999999999927
798.2747097541092,0.0014033048470826952,-0.017215276156619577,0.032243757401257636,0.0017280285035630172,0.004266809545678818,0.003182076076416594,1.6382922477910251,52.719999999999345
823.9960566909906,0.003213050026065384,-0.01687314680583182,0.03216063404846454,0.002543111369308182,0.002137448521351226,0.003141031565366369,2.1264319220125985,-24.920000000000073
751.6961087178953,0.0039009954809673683,-0.0166350660775641,0.03203349907464518,-0.0001250168941748786,0.004149983033593596,0.0029767190631016347,1.8719985661573426,23.670000000000073
725.4433062104803,0.004325614257178216,-0.016344792743374373,0.031913381298145686,0.0006505070575792971,0.0030698563815327873,0.0029660576935417893,1.8097966930604574,-12.670000000000073
722.9898158237186,0.005036744343127411,-0.015922888676235973,0.031744838897243145,-5.234443992296889e-05,0.00047303689687794304,0.0029653827575560625,1.616096804956425,-30.649999999999636
753.9292783502137,0.0053860812030073965,-0.015499299750239804,0.0316568919481516,0.002617359000337771,0.0032170530847550616,0.002998269120191977,1.9566518720221457,32.47999999999956
902.9956698948645,0.005869945934321967,-0.014918359698059713,0.031450929126476686,-0.0008698947368420695,0.0016927516458948855,0.002504685132838612,1.605025791048645,-18.030000000000655
861.762585774955,0.006073381815076208,-0.014634576338786716,0.031349658983001884,0.0009422933802625266,0.0026891252955083544,0.0022419142030899292,1.621425147407922,11.800000000001091
906.1800299120321,0.0056872460274590315,-0.01423059325955445,0.031091797838078625,-0.003841409246496119,-0.003770105263157908,0.002451117980640763,0.7492712430024179,-76.6200000000008
890.147182974918,0.0053933767512130215,-0.01371783915524634,0.030756641806327367,0.0012873798734258646,-0.0016190926507017034,0.002268022601259295,0.9383991899316914,25.55999999999949
948.9635059961307,0.005315234400318609,-0.013616489074065636,0.030692460307391065,0.00290659881507338,0.00034018617614739455,0.0020252382517045274,1.4104868629526344,23.25
843.5808905509293,0.004945895739251588,-0.013460434209901461,0.03045423809040799,-0.004793815430950921,-0.0006162179433535364,0.0024399437473547553,0.43234163522395924,-11.329999999998108
902.3057590067576,0.004333125642994637,-0.013290526786489542,0.03035684901655023,0.0006648092606407197,-0.001237604955822702,0.0024003522388885284,0.5166376149561775,-7.3700000000008
735.0584790627643,0.0034047955269066294,-0.01282862567718521,0.03002331008087663,-0.0027910200493626025,-0.00691168015865451,0.0024129449064614304,-0.0907162118972069,-67.44999999999891
705.0060117294056,0.00276104501732637,-0.012301204202406041,0.02984951062330946,0.00514249290968305,0.0030034830592051698,0.0028786303017680976,0.9037030553971136,117.61999999999898
791.4367900831983,0.0026497934487466524,-0.01183622319469436,0.029755367232251802,0.0006914900345322827,0.0030302261892687365,0.0028792955374094646,0.9969817745583861,0.3400000000001455
723.6573601913099,0.0021839473437623175,-0.011434348516668332,0.029627380631781563,-0.0017494406593268064,0.004077885839539164,0.0029318019612890782,0.524593115448673,12.2599999999984
764.7027038398159,0.0013687855616644079,-0.011211830993483999,0.02949210141630953,-4.389708160368322e-05,-0.0011030109331320315,0.002815589755714239,0.45106566634229905,-61.18999999999869
736.7589769470509,0.0010921554341873448,-0.010748212477769947,0.029316477237107005,-0.0021654030224468324,-0.003954780835366378,0.002867774587563893,-0.30462269860990193,-33.850000000000364
804.2093015312076,0.0005887739597401083,-0.010697826455892548,0.02927528099867865,0.0005829241301824606,-0.0016275687179265752,0.0028553293459484324,-0.23100721226428797,27.650000000001455
807.0971435466796,0.00016014554359548795,-0.010707346913975489,0.02908489511655882,-0.004997205454479348,-0.0065730323324640905,0.0029999196045497538,-2.024625359932599,-58.580000000001746
765.7854545914804,-0.0008579656437430677,-0.010818824505302853,0.02903674027221479,7.308258076688112e-05,-0.004344434555133114,0.0029565681608582427,-2.073607950096259,26.510000000002037
730.7231698331071,-0.002744835050199212,-0.010904595483916295,0.02873578043285674,-0.006243005615901076,-0.011136750091530923,0.003159748918243243,-3.174643274040194,-80.3600000000024
766.2984253028311,-0.0037664861886762416,-0.011131807310346227,0.028668560837317034,0.003923077580825884,-0.0022715085859285056,0.0032836791281849933,-1.9006709763451073,104.98000000000138
795.3735418644022,-0.005364818318388574,-0.011237407766363013,0.02840425403594283,-0.004496294113338406,-0.00683017274269937,0.003440630254717384,-2.5124360554618024,-53.650000000001455
783.3486043589218,-0.006217532744440973,-0.011428471138588399,0.02816801758048489,0.0031664982601800062,0.002573771473035391,0.0035863918151967976,-1.6228168777007492,110.48000000000138
782.5642596285677,-0.0069741652720905255,-0.011455958950929858,0.028024194792237306,0.0008605543710020758,-0.00048463560342670853,0.003160655544291415,-1.3174895006560352,-35.79000000000087
859.8852807721833,-0.0071948528349387595,-0.011636952811638044,0.027930057171369836,-0.0015730599424461644,0.002450378550973964,0.0031265994756209986,-1.4739965157216715,34.32999999999993
792.6720858697157,-0.007759687932843823,-0.011482835640286316,0.02767689350142947,-0.0033533533106361313,-0.004064818763326206,0.003192563652293915,-1.8548002874531,-76.29999999999927
789.018996508027,-0.007114510321844804,-0.011440155917567436,0.027493113576266836,0.002629023390601004,-0.002305052624223536,0.0033681246656396546,-1.2747144800314028,20.610000000000582
765.7784160253192,-0.006950520493318651,-0.011567326326697727,0.027456747354662785,-6.320443045992885e-05,-0.0007963040567124935,0.0033547186651149753,-1.1806623730757513,17.719999999999345
773.1206605806551,-0.006652015582178377,-0.012050004096948185,0.02753527684960832,-0.00433575632297778,-0.0017812275740878292,0.003470104436176426,-1.7444941111881211,-11.469999999999345
680.8204543628535,-0.007611569832417939,-0.012228726229741652,0.02734475464185954,-0.007903717569707758,-0.012267638306667994,0.003840812853434552,-2.500748486312629,-122.83000000000175
694.4021092402946,-0.008637149942419679,-0.012878785413735275,0.027385076577155193,0.0014657038275192047,-0.010757390687861301,0.003911181506372429,-1.9944073518669712,17.69000000000233
700.1432227752982,-0.010448610614453381,-0.01378260285440669,0.027252587839277875,-0.009311514364461537,-0.01570105708898184,0.004338744056270087,-2.6378441581953758,-57.080000000001746
681.3546772357215,-0.012220997580016803,-0.014133827858099118,0.02682031697033274,-0.005659989262231657,-0.013474963270932117,0.004109081303564774,-2.6239425756398123,27.19000000000051
737.2825194748332,-0.013911877480548172,-0.014572400166755442,0.02649067797386862,0.005190830059481399,-0.009805411454268054,0.004580325227501514,-1.8704562313193869,42.26999999999862
852.0119427090754,-0.015476411721725298,-0.015012062678675548,0.026274310884713107,0.0012914421249063945,0.0007922590451754363,0.004433535673048782,-1.5741033739762078,122.65000000000146
840.5811619242903,-0.016847432660063902,-0.01561735105080258,0.025990314169226068,-0.00254820114939025,0.003924239475903368,0.00436105779786875,-1.6218975387795467,35.68000000000029
897.6944717794898,-0.016748556125641155,-0.016144014710058593,0.025645811349941868,0.0005797430446112806,-0.0006810373393326685,0.004424675643815413,-1.444464931993561,-52.57999999999993
845.4255573258097,-0.016585718029861713,-0.016449347574301023,0.025264381622785402,0.0021465987317614843,0.00017243466424443632,0.004536531716895497,-1.1700342955763487,9.789999999999054
747.9973563128781,-0.014612546289895093,-0.016781777824927412,0.024927753068166712,0.004912669934233671,0.0076536559172644125,0.00476212873331859,-0.6904913260478353,85.68000000000029
822.547065966114,-0.01172997060180375,-0.017018886515465598,0.024624093979333326,0.0016445701026166493,0.00872601110472182,0.0048238607065942225,-0.48329314503587195,12.340000000000146
779.0208727586956,-0.00953631651693148,-0.017297511140434995,0.024327369638022893,0.0013849492949389308,0.007959361196176795,0.004751100549054523,-0.2895883224013572,-8.590000000000146
777.2173469108783,-0.007536917721987754,-0.017377844732830973,0.024074366635537664,-0.00017277125086390122,0.0028585019855280613,0.004152257228070112,-0.24791237673379315,-58.42000000000007
803.0011050365838,-0.005450742432066851,-0.01743038976914328,0.023824521623918876,-0.0006626922412303893,0.0005484433810063472,0.004132958355714712,-0.25385409835013806,-26.649999999999636
777.2864046304669,-0.0033122092456639818,-0.017277552504029375,0.0236509035670337,0.001190524565700679,0.00035418106427087537,0.002946875401555629,-0.08196029300760263,-2.2399999999997817
820.4123930091918,-0.001788290460445761,-0.017154580045255177,0.023427571851651115,-0.0004861788758301344,4.060825989271599e-05,0.002204904022521823,-0.07312828942125721,-3.6300000000010186
758.3690638358738,-0.0006348806545824357,-0.016774347870510464,0.023188846956788415,0.0016009372351390994,0.00230583080372071,0.0018260855131897744,0.15672891250046236,26.200000000000728
782.530951570454,0.00040911522340002953,-0.016767961405670623,0.02304869467856796,0.0030207884067972035,0.004138133522163079,0.0019247727445790503,0.586410023780274,21.25
756.7623715289966,0.0009251956430283309,-0.01683826727755396,0.022808371705581844,-0.004479696457350468,0.0001261396850136265,0.0022977335520952156,0.10249342660153442,-46.45999999999913
793.6792875757983,0.0014301138515636694,-0.016801508471218665,0.022484108760392998,-0.0006789951217742729,-0.0021504356076943454,0.002341497354007796,0.08941158101895243,-26.390000000001237
873.8909570929328,0.00237198974764306,-0.016765009999683965,0.022244526119185187,0.004047347569646531,-0.001129169024477128,0.0025008430463997044,0.7360470981650648,11.799999999999272
848.4837632381364,0.0029873565729874848,-0.01685808456804351,0.02207664575172463,-0.00027636938447106463,0.00308830478415123,0.002180196607136126,0.808254497201429,48.88000000000102
828.031283458101,0.0035061158965198854,-0.016782774783695924,0.021784817663609058,-0.002727426177779657,0.001032151430619077,0.0023334658492430754,0.4889739425905676,-23.80999999999949
872.7292404331782,0.004095483644050953,-0.016375555687713216,0.021452324344839725,0.003138166547351773,0.00012570071692463713,0.002468992243071368,1.132946602353914,-10.479999999999563
811.3905429190706,0.004489034774259397,-0.015693705489321717,0.02125212207430988,0.0040529081854454585,0.004456719441114476,0.0026881685478557563,1.7142374839173462,50.289999999999054
827.3473110831039,0.005281905843980354,-0.015022601217447397,0.02104612637326574,0.000622458402030901,0.007830735897464747,0.002656753199918038,1.6618297173995,38.93000000000029
863.8711455974684,0.006305422430796785,-0.014170215804018577,0.02092929862446969,0.0007617373094477298,0.005443189986527486,0.002653200741461365,1.6158298136925473,-27.450000000000728
838.4344900125266,0.005978046545451147,-0.012999344267620635,0.02068319917941394,-0.004262139563237732,-0.0028833713581682963,0.0030088507806853904,0.877612227173889,-96.86000000000058
876.8731821657171,0.005536741869190044,-0.012152749200567964,0.020474979009710504,0.000996577757141237,-0.0025105627859193236,0.002991962209469362,0.9847563561382967,4.329999999999927
881.954744906464,0.005589651058343019,-0.011428327078999743,0.020273333169073017,-0.0010677419105450392,-0.004334059957635583,0.0028914380841472847,0.7198840352232407,-21.31999999999971
893.0665371149945,0.0049637017690830456,-0.01064268710690205,0.020026545139267604,-0.002834303325490728,-0.002906326849988705,0.0026912275192070784,0.07184799157681779,16.820000000001528
905.1037762381955,0.0035930788594067233,-0.009851779886643944,0.019766911623554956,-0.0004820627802690769,-0.004379202139950578,0.0026863241450120765,-0.16645395688361897,-17.18000000000029
877.3506970875002,0.0022308499857872648,-0.009149167169000313,0.019509395074826758,0.0007687389833490599,-0.002548809179840572,0.0024077505421536117,-0.08635300531767996,21.340000000000146
936.7772028861091,0.0009931187219390958,-0.008818923286224412,0.019337616221029082,0.0014371532124297648,0.0017238703001034583,0.002447414265922858,0.3038158836990589,49.6299999999992
977.9153431173933,0.0003708919875412748,-0.008585231518540935,0.01913465105868926,-0.0018948019066821198,0.0003080132626887,0.002372681234444708,-0.3961867201271602,-16.420000000000073
1035.012251288019,-0.0003091011205087955,-0.00840830709393035,0.018924665555085075,0.0002078664962332777,-0.00025260101454227524,0.002174424108055573,-0.35499544058344756,-6.5
684.643312896992,-0.0009252016489172246,-0.008316733237154306,0.018811925833814615,-0.0013926747893093783,-0.0030776541646472255,0.0017455003932170352,-0.8696052489952552,-32.81999999999971
736.1177561583363,-0.0015767586125393289,-0.008094153453749415,0.01860563500757364,-0.004170898012476387,-0.005351052873991402,0.0019749634309321907,-2.1556043357267414,-26.289999999999054
782.3031125633848,-0.0019527619166282517,-0.00796613956916212,0.01841788552606935,0.0021852350948754484,-0.003384674023553913,0.00212693602400357,-1.3595591307549175,22.789999999999054
777.5810071183257,-0.002358082703515253,-0.007660743515978577,0.018151415978281456,0.00034783692159146007,-0.0016476342459224025,0.0018591543716806813,-1.2111021944875517,20.170000000000073
767.0846211391629,-0.002569523845625888,-0.007314306450842944,0.017951294738780616,0.003984029284258561,0.006527956267548873,0.0022379736718610454,0.03986547887495001,94.35999999999876
833.8314340648776,-0.002204127939099892,-0.007013090271961592,0.01774914616202948,0.002393337939661677,0.0067369608744032305,0.002342552707702635,0.7933605322342177,2.5800000000017462
820.5770327089641,-0.0016013472598904036,-0.006607350138063448,0.01759439413602758,0.0014619681993983669,0.007858207999889233,0.002185397034187476,1.1548322666891149,12.989999999999782
790.1100894015735,-0.0010733109444652994,-0.00630024406893281,0.01744340100800948,-0.0008728107854353295,0.002982626330852778,0.0022026395139032643,0.8083455378723623,-56.22999999999956
794.6586683490252,-3.113039197222578e-05,-0.00602757109049109,0.017237093637543596,-0.0005145234773884511,7.305543618385535e-05,0.002212715154789994,0.6151956262604643,-33.77000000000044
835.544028998233,0.0010819197113861672,-0.005608663045645888,0.017022925267944546,0.002149391750495333,0.0007595256097445713,0.0022561610696754416,1.1974412496493851,8.0
825.3498660789837,0.00262767358377432,-0.005251319458442347,0.01693767996820802,0.004919019694945126,0.006560818564762982,0.002492162123720411,2.276225505244524,67.52999999999884
795.0368121050758,0.0030778204642688046,-0.004988833624222978,0.01677622050088269,-0.00432232881785799,0.0027260578298964333,0.0029127596862943074,1.016114070352436,-44.659999999999854
803.6358297792926,0.0033872843981007325,-0.004968705690111567,0.01660644745632007,0.0008673614128735796,0.001443289774510692,0.0028506749524361183,1.215467060714259,-14.889999999999418
834.6231914084678,0.0035234659728360738,-0.005056782135777336,0.016447191088035475,-0.0012999146235257442,-0.004754135013679495,0.0025038831854037264,0.8882039968326606,-72.53999999999905
841.3480106906961,0.003447393192354749,-0.005163861212016159,0.01626661417480934,-0.003594423498886612,-0.004026545373201018,0.002783201917978101,-0.00778300348919894,8.729999999999563
846.3490083588841,0.003465072323822055,-0.004979102462238538,0.016041511341794094,2.2374079112985612e-05,-0.0048674010013967095,0.002785977770514464,0.00715135766391915,-9.860000000000582
887.97232960358,0.0033351168763892003,-0.004815998557397268,0.01584928485690973,0.003326779022188475,-0.00025723450612258336,0.0027153815651879726,0.8905535077419394,53.840000000000146
781.4953717258182,0.0025401057133594613,-0.004528296265964072,0.015644954879846004,-0.00013465402920020964,0.0032141225187360956,0.0026418834529201873,0.8138996634251231,40.350000000000364
747.3739791713631,0.002491491304744256,-0.004174021402482717,0.015476487509123133,0.0016821153651500609,0.004879161162909762,0.0026524340046062936,1.159373459612368,19.349999999998545
798.9198569398164,0.002222934938167619,-0.0038466070611544575,0.015307931056699139,0.00012416988152486041,0.0016715968338292253,0.002631798209129875,1.0943864028727899,-37.20999999999913
824.5358176732166,0.002048459133897001,-0.0033196800324507506,0.015055983618615829,-0.0007218083740045955,0.0010833817981563687,0.00263807954574087,0.8369701672801667,-6.860000000000582
874.4029828250063,0.0031772363289947364,-0.0028515046421011114,0.014892044637281252,0.007636302254302896,0.007034009702377775,0.0033707092328423556,2.324856589976434,69.51000000000204
804.3787183393856,0.004454240839094146,-0.0022420168600105267,0.014705478967833028,0.0008044429742619652,0.007718982789622464,0.0031020588070054464,2.1416430644513254,8.0099999999984
684.9632525275133,0.005341770034843101,-0.0016269942387569986,0.014545862456341693,0.0015591610269221068,0.010019219284062464,0.0027371610412426223,2.1099781639869226,26.780000000000655
641.9003470322892,0.006262947195125608,-0.0009405265032958132,0.01436008297916461,-5.090137857877153e-06,0.0023597560820056707,0.002748395542664431,1.8679450454055357,-89.18000000000029
694.0125930275274,0.007091409593197794,-5.013964173983657e-05,0.014202797279206461,0.00208611878406173,0.0036434236966986777,0.0026882346269633457,2.0405930005069286,15.130000000001019
521.2878381925807,0.0077394103522739595,0.000731512209258529,0.014047982660975875,-0.00013037555780004428,0.0019503711558854775,0.002300360007473872,1.8420928482075096,-19.890000000001237
489.46584462572156,0.008381578765561825,0.0014034316188227915,0.01375950152303807,-0.0020346319246704603,-8.313934153658664e-05,0.00247837440746931,1.3993070834800192,-23.970000000001164
589.3568623211426,0.007712828243728482,0.0019677140737783486,0.013438864810069482,-0.002402757061916838,-0.004562297928467962,0.0025776778786669044,0.8949616725527367,-52.909999999999854
591.7860006598163,0.007078027766108968,0.0023969055244146484,0.013022158421976711,0.0001292721467851532,-0.004303801112400918,0.00257097722778833,0.8442497128283012,3.0600000000013097
678.7319757430863,0.006248434541021195,0.002810934474387585,0.0125738720685928,-0.0006972990715718996,-0.00296950908075877,0.0025823685761589238,0.6557417459140912,15.829999999999927
654.8606960717077,0.005568069370058795,0.0032788591238470787,0.012161752741848136,0.0009820056401503852,0.00041333067985238614,0.002582017816358836,0.7674769520973612,39.86000000000058
579.8848218176499,0.004528014170180794,0.003683091831198018,0.011792026793843694,-0.0003315480744707777,-4.7620424399985595e-05,0.002566259059748867,0.6412626936202676,-5.420000000000073
628.5960254312497,0.003173163518963619,0.004055491544575205,0.011380121257665151,-0.003122687960813386,-0.002474586136531065,0.0015912960058207483,-0.0009605068311273694,-28.520000000000437
669.6362497643117,0.002404432981793076,0.004226617684971306,0.011003780903935138,0.0022111550726047202,-0.0012496812037745553,0.0017234555866942522,0.4095619242047544,14.3799999999992
611.8963797149594,0.0021291220606503383,0.00461851242513351,0.010607048758361708,-0.0005285871147314714,-0.001446539275965053,0.0016389363991623199,0.25933060767746413,-2.3099999999994907
581.5764457667435,0.0017563025925078032,0.004992111226384262,0.010194616843459117,0.0009376524962763089,0.0026206282341982856,0.0016775629233468836,0.39763280091824715,47.73000000000138
560.3308181877866,0.001605221585090441,0.005423196114840481,0.009812943291382147,0.0008457343169037124,0.0012546496088796655,0.0015548073871171212,0.5091581240232644,-15.979999999999563
574.0151431843402,0.0012321505561704836,0.005932936337848278,0.009414698254967912,-0.0003119941783756852,0.0014716289859812992,0.0015534097541467975,0.3775375824131649,2.539999999999054
609.3486094731654,0.0006644686817549599,0.006421374954090003,0.009015845081496974,-0.0009677389179862939,-0.0004347789093941401,0.0014775488097187603,0.06201569335121718,-22.390000000001237
613.6027847640578,0.0004197039213168251,0.006733685573685334,0.008610921041920995,-0.0012036101494808937,-0.002481501380595552,0.0013558344385674076,-0.35153730644575276,-24.079999999999927
585.9039833962905,-0.0003072527472526666,0.006935729559115208,0.00820937416900364,-0.0028848161515615534,-0.00504873985596177,0.0015590176152731905,-1.3219476080929806,-30.18000000000029
626.1140577967681,-0.0011819374226103426,0.0070881502090290645,0.007809087720571957,-0.002085470085470109,-0.006161905142922253,0.0016310861982558086,-1.9557075078036767,-13.019999999998618
666.4954514870769,-0.00200935317912885,0.00716829116455676,0.007443024369975349,0.0010885950186714233,-0.003881079100210183,0.001640381908287609,-1.6629484350269474,26.849999999998545
645.0638663526174,-0.0031706584930601247,0.007180234273840278,0.007077670684007448,-0.002037933627701549,-0.0030350427350427367,0.0016947275601271565,-2.2593039323870174,10.030000000000655
654.0173455254172,-0.0049532591566160845,0.006785946335199265,0.006662243253971379,-0.005949681469142654,-0.006895577100962669,0.0021904171691819164,-3.0068996023378776,-45.0
619.3540331694505,-0.006567638063166732,0.006395436144651688,0.006244020274038485,-0.002727016349161615,-0.010680757098331606,0.0020075408658402024,-2.8043389701811154,-44.32999999999993
615.8196566135855,-0.0076119835857283704,0.005987288663416766,0.00585105514820478,0.0031599511219384535,-0.005527888488909505,0.0023861907932901977,-1.927662847910564,60.36000000000058
637.1640973945734,-0.008082200679100402,0.005644994050643431,0.005438930281385136,0.0010336197986036133,0.0014583759160127219,0.0023934664256622987,-1.5706920632587162,81.38999999999942
721.8656959498829,-0.007888828194880416,0.005091773117453404,0.00507816082623072,0.0033542886668964655,0.007565203178630853,0.002663918204635375,-0.9252652079399897,70.57000000000153
669.9535420848837,-0.008478289701192814,0.00426886140630976,0.004678668631227193,-0.006147138216197057,-0.0017827570838301332,0.0030695529848040653,-1.7996082152748056,-108.16000000000167
683.9041064431959,-0.00955734873827124,0.0032868147883400424,0.004286836156401688,-0.007356211456103323,-0.010148983809851964,0.003529848060797887,-2.5038291173717493,-97.17000000000007
625.9140906033134,-0.010672534964726227,0.002348125718574799,0.003961724704466716,-0.007732629207031327,-0.021086692501469884,0.003910092323687907,-2.808907371064814,-127.82999999999993
658.6821918262938,-0.011241036887721103,0.001445572053935124,0.0036988691479967963,0.001537885556413654,-0.01351718968195914,0.004061335281527093,-2.223628493427211,89.15999999999985
664.7846180906755,-0.012294419446245066,0.000199894347517041,0.003356921481136239,-0.00014619870242083,-0.006351926849745282,0.004095563853799721,-1.9509791012525888,83.51000000000022
658.4160942758402,-0.014811763368335154,-0.0014357769486483148,0.0029654405536062535,-0.010936736612982556,-0.009560492649450691,0.004738133837928515,-2.4797924136176164,-36.030000000000655
618.6590668713357,-0.01906995575141983,-0.002697856227862477,0.002539131522720417,-0.011687970234317002,-0.02263978828326818,0.005368634972895174,-2.727414160819715,-149.5699999999979
674.0483983131718,-0.020910744746368212,-0.0037964687500678675,0.002162607005446212,0.010824779204958501,-0.011915623133942899,0.0067235110858148,-1.7521694341281382,122.51999999999862
686.4134448294412,-0.021766429899948495,-0.005038397489617237,0.0017778325310553096,0.0019353037868685696,0.0009436776694524696,0.00682643362252615,-1.4715669211863551,146.75
734.3629348206466,-0.02148810308456728,-0.006044550349264946,0.0014021338657939615,-0.0003236964364206063,0.012453198617007777,0.006666356798994298,-1.359714759991113,128.36999999999898
733.1860785094367,-0.020809411273586292,-0.007098455385628201,0.0010345905681539318,0.005150740098184503,0.00677001874160954,0.006944518406376151,-0.9559971295576567,-62.62999999999738
716.8698771766391,-0.02012294429878241,-0.00842275049361472,0.0006960215061639127,0.0004726509380403865,0.0053003080422644455,0.006798601051379271,-0.8526038712218995,-16.470000000001164
706.5377505694587,-0.01843476275263472,-0.009720606327562843,0.00032522266987455704,-0.004891429617078558,0.0007068775916263537,0.006738941055874123,-1.0822010251430885,-51.94000000000051
704.7231135453488,-0.014812449866097036,-0.010833840798434833,7.2106216553885615e-06,0.001535643370034423,-0.0028922364662962163,0.006574849700317055,-0.9079598464154539,-40.850000000000364
728.8552670356867,-0.012380127184910553,-0.01201697651503565,-0.00029925512188522983,0.003492049760826399,0.00011700721925733681,0.006353931938097678,-0.607929678762347,34.19000000000051
686.1196191952997,-0.010296580155640793,-0.01311388093435358,-0.0005685411557389779,0.00023838531335362845,0.005272640793831274,0.006331667977709312,-0.5284352388742959,58.31000000000131
624.496851801062,-0.008218256685111206,-0.014058494588621151,-0.0007679453537787269,0.000637594693805088,0.004371241257738134,0.006338128887374712,-0.41910861458256615,-10.1200000000008
655.2419869784003,-0.006909322728362211,-0.015182445177898083,-0.0009244154623429321,0.0004912942483417115,0.0013678566873238651,0.005380124992422422,-0.3144580574863548,-33.969999999999345
665.2677807163315,-0.005968437484263832,-0.016354530645675904,-0.0011271805482110894,-0.0031360629672251283,-0.0020104020276391354,0.003980748829156972,-0.5146958836005698,-38.41000000000167
619.1091980983641,-0.004739427954084574,-0.016989821064609587,-0.0013236269318711424,-0.0032490306661967505,-0.005886742174227688,0.0028558815951586205,-0.7388934263948116,-44.1200000000008
645.4613641579343,-0.0034209510740314452,-0.01755730860888965,-0.0015209801483524056,0.0050322116357959246,-0.0013747727013186939,0.0031519177536828698,-0.21466957151148086,51.32999999999993
676.3508289979777,-0.002697734062575089,-0.01812198203035811,-0.001670284284125215,0.00034922436125817136,0.0021166725414170084,0.003142792738527373,-0.10765888908013883,39.67000000000189
692.2223729349862,-0.0016914750374364938,-0.01858206796214703,-0.0018254625773270938,0.0018149809796323968,0.0072079447411532716,0.002826653328472531,0.18578004488242084,57.51000000000022
679.7859550700744,-0.0003946132297188262,-0.019355225967075673,-0.0020193783616433247,0.003334603156769367,0.00550666121278498,0.0029660756668877966,0.8289459927008145,-18.93000000000029
687.3184446537258,0.0006919805759840467,-0.02013806912906639,-0.002284096793174355,-0.0026533924142546628,0.0024885640369960438,0.0026519868196123258,0.6538243819583731,-34.30000000000109
626.4442172817776,0.0013495649981085454,-0.019847634236644863,-0.0024359485513608947,-0.0061682479088306374,-0.005500032477050998,0.0032784979553336694,-0.36310034927621576,-90.95999999999913
639.2531420331135,0.0034839514914250824,-0.019542458810393355,-0.0025473511232459328,0.013252427184466065,0.004330462397151624,0.004985697914155512,1.9997594246860761,112.15999999999985
705.4330648872858,0.004531155596202826,-0.01930143426242492,-0.0026868919231286203,-0.0008832637204216898,0.006112986302138967,0.005008233679588725,1.7277826845712285,20.19000000000051
704.0159233480944,0.005556208672658848,-0.019007975101709252,-0.002799437912408311,-0.00031647749217311727,0.01203706972639007,0.005017488370152366,1.5830790163873167,66.68999999999869
721.3790322381394,0.0063643985788539225,-0.01823269469458104,-0.0029129092650201542,0.0004927448767615417,-0.0007073078313435399,0.005017484066819918,1.504551437248428,-144.49999999999818
653.4179158433268,0.006316790933596401,-0.017110249388512144,-0.0030176496610509252,0.0005186527580558487,0.0006948555406665058,0.004875299938283938,1.6503653600888202,16.089999999998327
683.6753185001029,0.006071976871697795,-0.016330367971665538,-0.0030749424393664085,-0.0012179843491624265,-0.00020756332861804339,0.004749511535629709,1.3166463027538993,-10.349999999998545
674.522833908653,0.007249347115198825,-0.01556932108875846,-0.0031444783281015494,0.0013799720865317333,0.000679042854664802,0.0045910720220330575,1.4501407952358742,10.169999999998254
676.459238662203,0.006726510065236501,-0.014914886680405505,-0.0032468128934814906,0.0008719648914357059,0.0010324116264359695,0.004588623827757245,1.4892104214387059,4.06000000000131
697.1283279530732,0.006102441018279293,-0.014464007699029578,-0.003341223516410278,-0.002282888432639907,-3.48918353104688e-05,0.004663678983227316,0.9672518395519538,-12.25
656.1916292824152,0.005693565414649449,-0.01402972701733993,-0.00345626255468567,-0.00018318852716425749,-0.0015958438372727368,0.004581006463143434,0.8603983507928107,-17.920000000000073
740.0593483773755,0.00515935140081325,-0.013329364578453726,-0.0035832358879585744,-0.0007424857130393647,-0.0032063137574707135,0.004504071654700565,0.6572082659961638,-18.520000000000437
750.5598524495514,0.004397209083010255,-0.012945555660735889,-0.0037151857724582555,0.0004540299083470867,-0.00047192853902788823,0.004005073057179626,0.6823791087330764,31.43000000000029
745.6576047613164,0.003277466010135682,-0.012589522035140825,-0.0038142046704561904,-0.005973892909787781,-0.006260960607250343,0.0019552254408084805,-0.5780831708818033,-66.35000000000036
778.9979894947054,0.0021267254720194334,-0.012251051727927207,-0.003876154769032451,0.0005452275468975643,-0.004980358840791732,0.001983472549235554,-0.4904888235966269,14.720000000001164
802.1668961403393,0.000966051859867419,-0.012011993438314474,-0.004054371663050162,0.0010231705123311396,-0.00441430976445667,0.0020341191839456318,-0.3008524276990745,6.459999999999127
822.8608663055279,-1.3763644159258135e-05,-0.011852974520963918,-0.004255114812735942,-0.0017032489715199661,-0.0001369653740997956,0.002042691551711562,-0.6717790375618699,49.02000000000044
692.1800634813528,-0.0011242843484174138,-0.011529207627089944,-0.004454541567572206,-0.0016833242888679711,-0.002363997736037793,0.0020310321954462402,-1.073196036101359,-25.38000000000102
762.5257184298661,-0.002131372448858704,-0.011054444017030053,-0.004617407653953554,0.0011628101303455818,-0.0022248306174563748,0.0021007988228537123,-0.968295750912615,1.5599999999994907
665.9308151389105,-0.003230584951951581,-0.010834642417112442,-0.004827369381276908,0.0009804757064300063,0.00045749189071475627,0.0020696017230534716,-0.7713143312250691,30.590000000000146
692.4177846393349,-0.00340874428956619,-0.010490722439355489,-0.005030839909719097,-0.0012700346428937692,0.0008716678057281158,0.0020202923097049487,-1.1023538148770196,4.700000000000728
658.5097657663041,-0.0033595804468458932,-0.010402869211413913,-0.005263880110654631,0.002704123062645669,0.0024125325177932755,0.002194326441089338,-0.4447140266706258,17.55000000000109
629.177626914088,-0.003750353170823795,-0.010549009669187162,-0.005560898902522173,-0.0033497842623244622,-0.0019239225550955474,0.0023518725601968543,-1.1992433483061378,-49.38000000000102
567.3242533780689,-0.004116447440903598,-0.010357147201930171,-0.005785678127709352,-0.003405892114212161,-0.004058381639030828,0.002482961863578797,-1.8299458370023385,-24.26000000000022
596.3177339335753,-0.00377939520406928,-0.010231586680185343,-0.006103661955896234,0.0052114493052870525,-0.0015679654749604088,0.003033472509265409,-0.7566145402032316,28.289999999999054
679.4926230138351,-0.004453166459032021,-0.010544633148041415,-0.006394457710913572,-0.005374918801242967,-0.0035967205647114975,0.0029382876221335317,-1.840148883014258,-23.0099999999984
656.2974742777839,-0.0046825076122195336,-0.010750702233890115,-0.006667132624113273,0.0003221373681994155,0.00013059507233026402,0.002932255911695501,-1.5896141628554,42.3799999999992
726.5715804710134,-0.004579288866733103,-0.011378678755996435,-0.0070741695442005275,0.0017442753008147793,-0.003319054056426518,0.002972275122245503,-1.1035756793826426,-39.289999999999054
794.6359393279631,-0.006091193856285512,-0.012012406175090414,-0.007433373753679462,-0.011078924677580204,-0.009034849967830327,0.00428962871575489,-2.7971764193910538,-64.55999999999949
525.6263707231627,-0.007390130875388437,-0.01236679435237402,-0.007716204318017425,-0.0031269482196613074,-0.012451672898531996,0.004325433335369601,-2.698027478078091,-38.76000000000022
538.8950356541843,-0.007502764093706074,-0.012673411610443903,-0.008024809040262385,0.005904535744821082,-0.008350368460778967,0.0047642178219189065,-1.606633127397623,46.31999999999971
534.1911671438475,-0.008254901518753315,-0.01310696560653957,-0.008370141652603006,0.0018260654861188552,0.004590228175486599,0.004800592951019079,-1.2296678127899257,146.34999999999854
521.6206270452008,-0.008300102840591137,-0.013347122620900657,-0.00862252601285859,-0.0009982499596622452,0.006735405504646019,0.0047989406791765325,-1.2845159935203632,23.850000000000364
508.50010011124624,-0.007851553640638947,-0.01358078731725539,-0.008950321883595914,0.00448241466462207,0.005312109762877881,0.004942360560590557,-0.5306703157769406,-15.579999999999927
549.9242895565076,-0.007983390894958465,-0.013816118058994784,-0.009288774764714694,-0.001814649540285762,0.001658726176312575,0.0048857735101463205,-0.7566001360105086,-41.099999999998545
512.2741464696389,-0.006488097502854214,-0.01382821577928902,-0.009524925733558091,0.0002726037642331036,0.0029329599023115716,0.004803341349044356,-0.6470040024382672,14.340000000000146
509.7562665535094,-0.004121911501537808,-0.013821441111150776,-0.00977258692371165,0.004294108850748435,0.002744944557774076,0.0047155533480849774,0.19199236384024468,-1.9800000000013824
582.5595230960984,-0.0023328485452340135,-0.013582949156897067,-0.010000165694626336,0.0025109999418504447,0.00709035310153161,0.004487321041409449,0.683035927538537,49.039999999999054
589.1371622962115,-0.0009026792507657881,-0.013475568417765938,-0.010306520687684133,0.0014474590809383514,0.008273216104368153,0.004498168424115439,0.96283169579128,13.390000000001237
496.5632499467231,0.00047567037895473064,-0.013276438939572166,-0.010570164348555506,-0.002064935327068085,0.001888976798360531,0.004533208007996816,0.6044756161725267,-72.05999999999949
455.9025956993055,0.00142755048467241,-0.013010489739924873,-0.010826301834802153,0.0016286329859738213,0.0010071573204342155,0.0028444314859738078,0.9229923047604665,-9.979999999999563
482.1330620062353,0.0026207180295649765,-0.012592327261486508,-0.011061555628860069,0.0005100956802532863,7.020604596919e-05,0.00251672322203153,0.9887433550349276,-10.660000000001673
485.1764651576505,0.0038818115107038136,-0.012370439449698387,-0.011350553060109804,0.001748885337882422,0.0038921866068679645,0.002108319168572989,1.272441549807908,43.460000000000946
549.3868341446134,0.004286790008704858,-0.012000461885567597,-0.011547756920938243,-0.00304053343798405,-0.0007875315407700478,0.002413224755510782,0.7090655503571843,-53.23000000000138
468.35156337456056,0.004727685500266563,-0.011553910334066926,-0.011768325286570895,0.003732520285913976,0.002430713690885211,0.0024872857005218156,1.344917727982322,36.67000000000189
467.6526218014938,0.004911598181945996,-0.011197524509603764,-0.011972973421364743,-0.00016632336939648162,0.0005142014197914158,0.00227251813732651,1.2929200138825843,-21.830000000001746
455.22045915176955,0.005513919256159161,-0.010506893215085609,-0.012066776059908862,0.00017598188699863293,0.003742185474978177,0.0021364807035601746,1.2504571745016126,36.720000000001164
551.3204294333715,0.006197169493426386,-0.009889194407077565,-0.012300479287693988,0.004608863724697265,0.0046185373522895645,0.002370746902446015,1.8223752654221188,10.170000000000073
541.0291577650379,0.006318684346844175,-0.00930984487315582,-0.01240845037127291,-0.003933326885256605,0.0008335062508590951,0.0025991816939387154,1.1274015473000947,-43.23999999999978
582.8234472937676,0.006631245456176039,-0.008595654189844567,-0.01258207070943431,0.0026803952358249727,0.0033395660227388824,0.0026109578410217003,1.414620399749346,28.63000000000102
565.6687937908766,0.007052580724914825,-0.007689481740367523,-0.012637640410279986,-0.0013261453926481925,-0.0025879443618104236,0.0026525789097404037,1.1172015899090342,-67.85000000000218
562.4529183493848,0.007489583515602366,-0.006943214066202013,-0.012770955429860596,0.005682041551239303,0.007040411507153621,0.002931616979154369,1.7459253604997578,110.18000000000029
590.5651035436147,0.008012898533432325,-0.005794521275118775,-0.012892376527404256,-0.000482989811173562,0.003863270920161588,0.0029553745072260825,1.5555018296255492,-36.20000000000073
584.1331570094165,0.007964197463344933,-0.004531004814716043,-0.013021759495535959,-0.0011185400401699797,0.004071955053863263,0.0030092635866927936,1.362459803509109,2.3300000000017462
541.2765441410772,0.0071078283583340856,-0.0034652848614237573,-0.013133588174970165,-0.0002305711203147709,-0.0018311915862480044,0.0030015856598420254,1.247364643674095,-67.69000000000051
533.4369780535035,0.007100564249005102,-0.002506454382060449,-0.01324582363635656,0.000623120738345806,-0.0007265730175464169,0.0027816107394089407,1.261095704151441,12.719999999999345
544.4471128163625,0.006702167322500286,-0.0015545915000762843,-0.013330315555611507,-0.000898439776268467,-0.0005063863849930073,0.002664696186750458,1.0612587998559406,2.539999999999054
554.6655754872884,0.006395057547022039,-0.0007351726735487789,-0.013409748515929229,-0.0005405932423232507,-0.0008163229784474701,0.002674964126881705,0.8943853974034681,-3.5599999999976717
564.3399224981683,0.005512577187906179,0.0002144067617136414,-0.013395050094294175,0.0006323397354102145,-0.000807117243346589,0.002674165214171758,0.9648555475073127,0.1000000000003638
580.3728653493263,0.004846662350453279,0.0011167143139687548,-0.013390677200230718,0.002192640769887566,0.002284245841958965,0.0024127720085108085,1.3873673805569466,35.52000000000044
514.0425309704437,0.004210259202173776,0.0018185498031026673,-0.01342270717139086,-0.0015503377738713686,0.001271647401789311,0.002114726500066944,0.974121796537593,-11.640000000001237
614.0786432846172,0.0036267332771416174,0.0024097406285792187,-0.013455995012988569,-0.001424871931153926,-0.000786878624842613,0.002056225364602243,0.5693901605771708,-23.640000000001237
635.5394433971568,0.0030237491736343136,0.0029912496461152226,-0.0134321228969787,-0.00023694638826621262,-0.003209242618742003,0.0020096255543375755,0.4506886851241363,-27.909999999999854
528.3291340196389,0.0028221461188347743,0.003653350114351082,-0.013431065156480487,0.002161776891729028,0.000496704439980844,0.0012552607515576074,0.9528973656263392,42.659999999999854
541.3362625653439,0.0026451935769484683,0.004239547304707383,-0.013446234756433157,0.000227796770502664,0.0021525534022279746,0.0012509070924907179,0.9506330942280112,19.00000000000182
572.7179134945919,0.00251168350133234,0.004783020074159103,-0.013497112524062327,0.0006832346728555816,0.003074933756917142,0.0012138007522207019,1.0840130596851363,10.579999999998108
499.45853263805674,0.002073040171473714,0.005356008560633287,-0.013491416709208417,-0.00014419786031216741,0.0007668578304704798,0.0012116797794778425,0.9643207302598757,-26.469999999999345
501.60597013245723,0.002286390996189014,0.006007271059711023,-0.013574676338124488,0.0035950409633112024,0.004135916760111602,0.0015694577842068696,2.0763328922604107,38.76000000000022
532.4814612896089,0.002428883570908371,0.006459255767914698,-0.013618731706455658,-0.0015997673065735185,0.0018450376825493997,0.001633605117393421,1.4237491613575723,-26.339999999998327
463.1153801438201,0.0028230678656739065,0.006735564379747351,-0.013796897981213372,0.000743072174244741,0.0027340729607396863,0.0016130990905106738,1.6010015961123993,10.229999999999563
467.0394108015665,0.0022143373110175674,0.007029111840085155,-0.013872550532286915,-0.006866364517747248,-0.007718357849247903,0.0026506052278754745,-1.121195550934059,-120.63000000000102
484.62126655024133,0.0017227937432590867,0.00713893999493583,-0.013988297473564748,0.001605231659355777,-0.0045330003815073905,0.0026077836957770807,-0.47324654042253894,36.8799999999992
463.20256637953923,0.0012238524639474138,0.00740687873966745,-0.014119384427455712,-0.0009502722778313988,-0.006217417259224534,0.0025859062308294417,-1.0262234157718728,-19.479999999999563
475.0379998622422,0.0004639601286679754,0.0075512408888524975,-0.014195598650657025,-0.0011970347018005478,-0.000544382910564134,0.002576786333971695,-1.543183746546225,65.52000000000044
513.5077381791251,-0.0004516684618350497,0.007692811750371915,-0.014282301976282694,0.0024658964340955603,0.00031443473171144376,0.002685737725997789,-0.5383166585312685,9.850000000000364
481.83173496923933,-0.0011846924711061966,0.007575173893105475,-0.014331233557876005,4.353682736679687e-05,0.0013095019097628668,0.002603415755889653,-0.4712151258969167,11.409999999999854
462.83734534941414,-0.0015865622977383701,0.0075458937441887875,-0.014389987164864304,0.002022632940445135,0.00453724943873568,0.0026755315141594534,0.5226667441378867,36.95999999999913
499.0307446570713,-0.000849577595484,0.007576804997065392,-0.014471875025812783,0.0017048624205568963,0.003774642932710126,0.0027140651615290877,1.2556028901688494,-8.630000000001019
489.16505789802716,-0.00036898525585427625,0.007491571766128726,-0.014550746642495711,0.0001839019837126532,0.003915531783547754,0.002712829927195559,1.232875736012519,1.6200000000008004
504.16818741029897,0.00015815950113894434,0.0072185498374985144,-0.014679102655374265,-0.0007718993928881313,0.0011157203608538335,0.0024919956200903726,0.8250298371893566,-32.1299999999992
463.0567354936688,0.0006945672693565874,0.007090274593331168,-0.014785976310782215,-0.0018218746473860348,-0.002408942494196542,0.0025039873357912217,-0.022338835913406685,-40.60999999999876
443.9544336454301,0.0009168696766134424,0.006996279333215044,-0.014922834580474281,0.0007165148855097225,-0.001877710320902004,0.002503054387455481,0.2622589513977201,6.119999999998981
462.2560375173819,0.0010601322693822614,0.006820519106798899,-0.015097303751741458,-0.0005083265628870182,-0.0016144291777695496,0.001404429073242533,0.004320195870958931,3.0499999999992724
444.70032149776034,0.0007197192177497431,0.006666827557852993,-0.015160677865723471,-0.0021534449032819536,-0.0019460683419550984,0.0015005503783138703,-0.920816738728717,-3.780000000000655
416.97557963702025,0.0005452520842366084,0.006801729365290869,-0.015105898464086989,0.0031731013013898135,0.0005039818914092109,0.0017241423049467648,0.4940062925776058,28.18000000000029
408.45769670624446,0.0011666018844249495,0.007013848864105217,-0.015161712015574353,0.008671938440961702,0.009693544881547389,0.0028921058954883014,3.1705164415472766,105.70000000000073
428.41966731027827,0.0018979427974429113,0.007247379447051534,-0.015207719681586478,0.0005174789047701633,0.012396179383902695,0.002865713022965948,2.6626235406910226,30.780000000000655
384.30828986078456,0.0028495724359931273,0.007366609512820003,-0.015298704033972719,-0.0002900169621197213,0.008901221540452475,0.00287723280667386,2.181585137139488,-39.79000000000087
582.3538755019424,0.0035147700568800735,0.007497094315344792,-0.015314133696868688,-0.0027176532973389733,-0.002490959187187891,0.0030380498558828005,1.3516962293908075,-131.42000000000007
592.7252012383194,0.0044189919430688215,0.007581032108733579,-0.015398527897951599,0.0016823376984342886,-0.0013296029865723646,0.003037284193333418,1.5860999185710933,13.479999999999563
597.136650327187,0.0054947652149485585,0.007720196296023189,-0.015390311506470692,-0.001708811019116574,-0.0027469216572089117,0.0031067609914094494,1.0983144463581398,-16.459999999999127
560.0424188689047,0.006358108010043196,0.007623923088663495,-0.015488731756146254,0.0025904790185011795,0.0025610548749381845,0.0031429617116652867,1.547987352522916,61.57999999999993
595.4079423436717,0.005795040405738847,0.007546650125948309,-0.015501700004720526,-0.003657421517829884,-0.0027833885989644314,0.0033156767945219765,0.7238625675737546,-61.969999999999345
568.2006590000933,0.005138961877819779,0.007476769061272567,-0.01551466430214895,0.0006999497073174599,-0.000377220703460468,0.0033155938711756923,0.8297118832727299,27.93000000000029
601.8902545954817,0.004479190651463378,0.007758465113444472,-0.015457768371781037,-0.0008022203109403492,-0.00375987753492546,0.003324992454051431,0.5995438479822903,-39.30000000000109
598.5516087688973,0.004288197957631656,0.008033700662944163,-0.015425899366963041,0.00362282831233407,0.0035196236517327506,0.0033239716330261265,1.2618370441283786,84.39999999999964
574.66982399034,0.0039911403945019335,0.008376153600221274,-0.015428864926391594,0.0005476625744103014,0.003366907419112941,0.003252259292538927,1.2718903792614398,-1.7399999999997817
593.0886277690025,0.003867662534000943,0.008746304248523108,-0.015423245181874958,-0.00035372030277081024,0.0038172787823425036,0.0020945196724169155,1.1224457997537258,5.180000000000291
593.3364699541792,0.003371702618432366,0.008923255132347058,-0.01546450260266047,0.00045543613390686133,0.0006492729262663754,0.002093231725246194,1.133860841465313,-36.6299999999992
527.8654093869789,0.003313571571439281,0.00932365991702528,-0.015369912138264273,-0.0018424288737260985,-0.001741061246971598,0.0021600763026965457,0.649509210323869,-27.770000000000437
498.0349296472016,0.003684104463853083,0.009659951506826537,-0.015379014177786398,0.005373683520818906,0.003978393903182553,0.002511083008285092,1.7322461188487397,66.44000000000051
551.8795396994094,0.0041519917582417565,0.009928137495874904,-0.01536912423194579,-0.0011533728652955988,0.0023639197179474714,0.0025282724450703085,1.3359185074267164,-18.7400000000016
631.6389348584686,0.0042339835736880755,0.01020045293732917,-0.015398604337267382,0.000660199175824161,0.004877094124381864,0.0024471240579410332,1.3524536954008022,29.100000000000364
615.1503031862826,0.004248716055898488,0.010474956220726602,-0.015432243322454433,6.863600524820157e-06,-0.0004870749349352721,0.002359702408830386,1.2440472667805298,-62.25
589.8464756243818,0.0041126029996067445,0.010752785565417644,-0.015485297512937228,-0.0017287575166633484,-0.00106284340659335,0.0021193592040995588,0.8003811408502635,-6.699999999998909
562.2869361520137,0.0036297443632332576,0.011086486662518597,-0.015407920886062281,-0.002038567777222111,-0.0037569633372199762,0.002235119771352497,0.2603146441010031,-31.410000000001673
564.7708344993591,0.00391357332743727,0.011574512965272933,-0.015286858412338537,0.004884644201207378,0.001102458267450368,0.0025738247096817953,1.4100092421420192,56.64000000000124
538.6560265917894,0.0038282278491511895,0.012136729386657472,-0.015275676417661895,0.004002187062394524,0.006849656485859779,0.0026149509271738815,2.4538471696296518,66.84999999999854
556.6619598767063,0.003659427938149799,0.012560485717884137,-0.015255284243529697,-0.0017993533253892746,0.007091001472627312,0.0027160139425763566,1.8976745155836774,2.640000000001237
495.0610862332703,0.003564710109828837,0.012604819750614688,-0.015281072468318413,0.0005070872497914269,0.0027038330153865697,0.0027016247491654156,1.8120285253641364,-50.79000000000087
528.8414155439627,0.003600658341267435,0.012646011824556094,-0.015242971631383165,-0.0021315929597605088,-0.003422014934291173,0.0028159374389148707,1.1007996541485523,-71.63999999999942
522.1914420148372,0.004123789218220585,0.01262318022990321,-0.015291616972372237,0.0023057361610863136,0.0006764013736677565,0.002770543376415245,1.5755442819296268,48.0
442.4104348738986,0.004674920978727703,0.012653444487863255,-0.015324104285175352,-0.002631140431459067,-0.002462357384550806,0.0025045503433316955,0.7975558304639483,-36.719999999999345
491.6050623957954,0.0042577055811576295,0.012631294356458942,-0.015350012882718261,-0.0015722246593370404,-0.001903174498489535,0.0025260318224231055,0.3268405816172337,6.5900000000001455
634.0855365353524,0.0034671446616212844,0.012619633527067952,-0.015466485221853555,0.0014047872609737055,-0.002800340108441657,0.002551699116470006,0.6475997545098087,-10.550000000001091
655.0965763891621,0.0025334877952220033,0.012398732497188892,-0.015588448620060856,-0.0033806423306121935,-0.0035497148575659443,0.0027432270538124436,-0.32607977579618513,-8.659999999999854
657.7777768410034,0.0013485682952994024,0.012300028945432643,-0.015667451641594485,-0.0026586574467774016,-0.004633995851715533,0.0028033828641306313,-1.1561027173267306,-12.569999999999709
686.754833092931,0.0003049256827716686,0.012230984211266194,-0.015705460229510443,-0.00012328638392411495,-0.006152854736069857,0.0027468046091239724,-1.2450146962278803,-17.799999999999272
671.270279722005,-0.0007528208733882534,0.012296791829334757,-0.01569045996917786,0.0027962730155774995,6.878803225918162e-06,0.0024527386450308064,-0.5021302918592352,71.8799999999992
688.1020133529945,-0.0009846099821142246,0.012381291718614615,-0.015642407026201677,0.004611345991963889,0.007296312357692569,0.0025535069286833586,0.9490167424773815,84.54999999999927
659.7985655412008,-0.0003836435056612345,0.012434029099452256,-0.015672778874965976,0.0045362575361787005,0.011990432486777447,0.0028370991095070163,2.1161472547256563,54.43000000000029
660.3880721966633,-0.00015771216870717663,0.012486243896450595,-0.015628067694135297,-0.0018736197071733685,0.0072777237508823145,0.0029041543945661275,1.4049895831349577,-54.42000000000007
653.8705113498659,0.0007826646773897134,0.012610109951330472,-0.015606204783385792,0.002416632165707089,0.005077184849926919,0.0028821560581611437,1.87338188953793,-25.31999999999971
616.239439579313,0.002168622253565623,0.01271383873729185,-0.015658041835834795,0.0005143507258817959,0.0010531123047141655,0.0028251603390980415,1.8261144641089246,-46.95999999999913
673.1547872672313,0.003228125190504519,0.012578900347029423,-0.01565342614786913,-0.0027236360541322835,0.00020060351781747698,0.0028341056364348206,1.001437510828199,-10.010000000000218
766.31908316164,0.004129933199763733,0.012515825605078445,-0.01562667828304976,0.0003123666467526043,-0.0018990101303247853,0.0027706822591456594,1.0001441008356002,-24.649999999999636
706.956431943513,0.0043612467709705635,0.012334740013422388,-0.015605222916240091,0.0002849668875302136,-0.002127840667290881,0.0027557420789323995,0.9931999548093028,-2.7000000000007276
697.7213280385914,0.004047406982420104,0.012041926854708063,-0.015691607248053126,0.0007412146025247424,0.001339079969275403,0.002486378042281954,1.0905718025188422,40.69000000000051
712.356194322081,0.0035012955772678552,0.011804970921796384,-0.01572769397225433,-0.005067891506551403,-0.0040467004417840124,0.0028553216147461325,-0.23495317594290133,-63.1200000000008
729.7515634976887,0.0024771849440953066,0.011667569900961959,-0.015758422393688715,-0.0004171938700769928,-0.004745820539065138,0.002862736360084087,-0.41794569733665593,-8.209999999999127
702.1399378224853,0.0013268053004649866,0.011283409492310855,-0.015837251822701258,0.0002999564634618146,-0.005184659272511216,0.0027707930051742154,-0.3395406710081213,-5.190000000000509
717.5251063503139,0.0005093571967832167,0.01072075591516423,-0.015896730019104882,-0.0024803244727061857,-0.002597395922122603,0.0025125651962163197,-0.9385393101733225,30.51000000000022
714.5508796878066,-0.00037274006424730755,0.010205596246589864,-0.015906390227297004,-0.001713489153484904,-0.0038908638403341023,0.002021373918309622,-1.2839706966855104,-15.080000000001746
758.9243985742211,-0.0013049640232805119,0.009676935425269784,-0.015908635961513526,0.0006177428125022644,-0.003574408877419777,0.0020299991858696753,-1.0365741625642042,3.680000000000291
699.8364874799391,-0.0023362471271966877,0.009416845405432354,-0.015764378011777266,-0.00011865721306869581,-0.0012153319058550993,0.0018070411999296023,-1.0008854838565424,27.570000000001528
702.3986363489364,-0.001996588057126319,0.009171332957170108,-0.015725079455565734,0.0069250719767197655,0.007427539972606034,0.0028699813115575725,0.7143210660079072,100.48000000000138
643.1928175840306,-0.0014441238276726226,0.009193418851970201,-0.015552213506160768,0.0007429997890562312,0.007553649397169737,0.002774343474303881,0.8445818695048539,1.5199999999986176
606.8329186079795,-0.0003366635297239942,0.009480776832347564,-0.015296788438132066,0.00682454926143472,0.014550132602272114,0.003404169516749521,2.144366207827486,81.34999999999854
632.3381691290567,0.001846009236029155,0.009849637523607799,-0.015103178245176471,0.007886956728112349,0.015519301341071934,0.0040041746903285705,2.9178771484697417,12.520000000000437
704.2248365466422,0.00456051870522159,0.010347623598890611,-0.014985900297118953,0.0024388172241045503,0.01724015808171875,0.004016970802596093,2.6616627462030262,20.30000000000109
666.5188497384455,0.0069077452575253195,0.011005802549476688,-0.014796510686166806,-0.001598153021683757,0.00873032286937736,0.0036199801260428737,2.1117132902399023,-99.02000000000044
675.3731182691592,0.009432869705430714,0.011609247354534074,-0.014736684962779299,0.0029174117046020243,0.0037566194965776845,0.0035773394573923928,2.178054788574699,-58.32999999999993
650.6824637247065,0.010705862969849786,0.012071033030476727,-0.014630349664034318,-0.003294324244617841,-0.0019840587382057295,0.003862182745092244,1.5862098002031215,-68.31999999999971
659.1498097708695,0.011787198821995097,0.012348952216414886,-0.01443493203499117,-0.001812319062301504,-0.0021981419986286665,0.003802444443331848,1.2458066281812359,-2.5100000000002183
664.6837407550962,0.01216834387098815,0.012392059637439055,-0.014296643509887897,0.0011099134301209013,-0.0039964208155715,0.0036599918109051473,1.2667067985398728,-21.540000000000873
646.6391893086295,0.011248200014334566,0.012638196264789112,-0.013972014344892453,-0.004088163001620182,-0.004789700378939554,0.004040633471173575,0.7394353596638928,-9.280000000000655
648.5534089084296,0.010573026244266705,0.013015125148683849,-0.013579615396455288,0.0077926377901544885,0.004786606932327242,0.004384293438249723,1.472390721784941,113.82000000000153
614.7200527632339,0.011220147330842265,0.01342129018096614,-0.013379401218680077,0.009955882007838035,0.013665063366526509,0.004755708373652965,2.1673488354284074,105.61000000000058
648.3812209566339,0.011017106481387656,0.013884727100366284,-0.012995809444187226,-0.0061284120151728905,0.011588444665176834,0.00535065952087804,1.4214406174105243,-25.25
642.7338292027641,0.01135539352749818,0.014407236544147623,-0.012730218324639865,0.0027144643963468162,0.006491144553472994,0.00512910446413931,1.5078695775654596,-59.75
598.2075753127642,0.011876027915468471,0.014852557605515848,-0.01249812225343591,-0.0012765330262326513,-0.004702736748813163,0.004759129933732244,1.2725160627597971,-134.1200000000008
594.2811272596549,0.01197282665891628,0.015281216214659459,-0.012151948221327029,-0.0028990074838917135,-0.001468699745670321,0.004833520905574115,0.9430424499600996,39.07999999999993
570.7876497226165,0.013045076415721495,0.0159947431863015,-0.011857459385315582,0.004457734306994032,0.00026729752212695246,0.0049343721788197,1.2129245440935676,20.799999999999272
554.5771439909925,0.013025046449262629,0.0167015610161525,-0.011651027756576612,0.0016674575227060284,0.0032158389028962286,0.0048983835031237944,1.24491494705744,35.36000000000058
677.0733752337776,0.011222819031023864,0.017293897877962525,-0.011407141242122486,-0.0041180718946370876,0.0019892984273757186,0.004964518324649732,0.8241508976057564,-14.779999999998836
738.6653838756795,0.01005306626669912,0.017874136147004192,-0.011224901878329202,-0.002217348561853072,-0.004669380551601265,0.004983857722567185,0.5697083046835407,-79.88000000000102
691.2591047040977,0.007846939805358603,0.018419654046348276,-0.011018080908136977,-0.005537708019514476,-0.01182896413246648,0.005280339856115902,-0.0225788795386833,-86.23999999999978
702.9730217605996,0.005602769902661882,0.01893573033568605,-0.010813646246822252,-0.001019343986543353,-0.008754228985260681,0.00513524267130635,-0.23916315955532647,37.42999999999847
675.4429083930443,0.003716584913225251,0.019428177336886544,-0.01060963043295376,-0.000770339488191496,-0.0073166998572289366,0.0045594687583704555,-0.5040847426556486,17.42000000000189
657.7457504029707,0.001190560637131316,0.01964929010056653,-0.010391018663384087,0.00010616131633289783,-0.0016829268292682942,0.003205025227346366,-0.6447831540899139,67.46999999999935
699.8387000656991,-0.001183276944280448,0.019803452807017705,-0.010244300332620226,0.001167650520345953,0.0005026149447544537,0.002870375516802792,-0.6613241617282941,25.980000000001382
691.1767823035634,-0.00354221527738496,0.01955186616016518,-0.010080762468735663,-0.005746454221485564,-0.004479839039223221,0.0030064198856487186,-1.7681129736265264,-59.14000000000124
680.8528294827416,-0.0057501686336953114,0.01885273914003421,-0.009969525354540628,-0.00412337629363313,-0.008689982047162648,0.003110710883420741,-2.1897455672256405,-49.97999999999956
706.610172296974,-0.007336875487900014,0.017991555144401067,-0.00978613412910794,-0.004660554575400044,-0.014460801844520144,0.0032180155417658707,-2.4304392952041356,-68.70000000000073
682.9661572168915,-0.008446408177875746,0.017226509079554333,-0.009613605984920797,0.0018271857923497503,-0.006953542616685127,0.0028233722453233274,-1.9087437027023464,89.69000000000051
686.2514298702966,-0.009538475438914914,0.0160031902545943,-0.009835361623706709,-0.00013891966522905363,-0.0029804093537432186,0.0026560460502773543,-1.7109926046408843,47.090000000000146
681.7443798492893,-0.013653980811302877,0.014460846997434192,-0.009737563263301392,-0.02684420168482682,-0.02520150273224042,0.0076434503892271145,-3.3378481333123364,-260.09000000000015
673.0211270064888,-0.01754652376133268,0.013021952260655854,-0.009645076669795763,0.002251060713822861,-0.024789063698501645,0.00784420954877298,-2.540813619593568,4.300000000001091
678.9019457284526,-0.020805562692253345,0.011364827512321585,-0.009692934747464629,-0.0009141327013059142,-0.025545164966582212,0.007855213400342408,-2.2001066512641794,-8.830000000001746
661.4657247202618,-0.024001831220118168,0.009708141090512464,-0.009769531470765432,-0.0047944031182426405,-0.003465932779998626,0.00783381186224568,-2.130883570009463,260.1200000000008
589.378267587564,-0.027380186341006647,0.00766200532255266,-0.00978627064179527,-0.006142949934386799,-0.011812062706357263,0.007813799268637843,-2.1057991696689116,-95.59000000000196
552.7847533780129,-0.03045279330645701,0.005213057821160188,-0.009804904454354153,0.0007605652237743232,-0.010155632220908206,0.007847282061217022,-1.8337770647285705,19.06000000000131
775.7851854325892,-0.03298484467223771,0.0030781259440455446,-0.009818909824185462,0.0008898919934463567,-0.00450195872999426,0.00783121894330696,-1.607714620506403,64.8799999999992
770.3346325231624,-0.03172617808305489,0.0009532578022343811,-0.009775377485611341,0.0007902137108701801,0.0024426524977492203,0.00792319393824482,-1.4303913577373915,78.84000000000196
767.9839461973164,-0.03015028636493244,-0.0011254926319586292,-0.009797920253699953,0.0041535068372298145,0.0058412969976970874,0.00821187409380915,-1.1494433740287084,38.47999999999956
733.6651491175504,-0.02880264927295798,-0.003075988006000525,-0.009812901343848046,-0.0013248896511006691,0.003615558822360976,0.00819722008516076,-1.1092329999954684,-25.149999999999636
763.0362779894443,-0.026888938002032098,-0.005138118709920695,-0.009779776242885884,-0.00031142781736615,0.002510807234230139,0.00811847268607984,-1.0378472613355327,-12.4900000000016
726.4044785752668,-0.023633595707934073,-0.007178462499974657,-0.009724483273226229,0.0021058726831439945,0.0004665228148106326,0.00820661178020062,-0.8757313493436305,-23.149999999999636
705.464741610302,-0.020119043240802208,-0.009159113027269312,-0.009718587103337135,0.002872475606789715,0.004671417260490918,0.0030211408429837395,-0.6799770055757156,47.79000000000087
702.5951824112909,-0.017219426748318847,-0.010991569750574267,-0.009687568783606802,-0.0020630292204095735,0.002911085180042239,0.002989063594494884,-0.7139008010262687,-20.019999999998618
699.4638538580891,-0.014389632433764732,-0.01257295566539118,-0.009622309579984705,0.0008019977993320992,0.001606162606181183,0.002999689856644953,-0.6101525976605606,-14.790000000000873
698.0238088094175,-0.012310397268944284,-0.014138433837234026,-0.009563429871638095,0.0007391054281726817,-0.000524513795851167,0.0026297970719310285,-0.5088468845193056,-24.280000000000655
659.2374640407031,-0.010086619034311496,-0.015818878108733343,-0.009567513050688708,7.884977453342934e-05,0.001620667325346048,0.0016982980881727306,-0.4408337878945986,24.459999999999127
699.8328571110538,-0.008284942865937511,-0.01771763338178299,-0.009630824662238016,-0.003899251949844973,-0.0030844281095033788,0.0021724578776951965,-0.610014841505873,-53.649999999999636
723.2240981651694,-0.007570064058314483,-0.019412472495785794,-0.009580414931661034,-0.007516819840816091,-0.01130880988530858,0.003140767508674819,-1.0521527482126385,-93.89999999999964
747.8939247988596,-0.0068728761845164394,-0.021126311076707625,-0.009620602086674467,0.0025928154377967694,-0.008823470150266965,0.003239102956273086,-0.8298304426250209,28.360000000000582
714.6595722997263,-0.006593106592627189,-0.02210250193070165,-0.009483876089716597,-0.004146968126148454,-0.009069961743107147,0.003121249210523711,-1.1261954231566003,-2.4099999999998545
723.2347331449179,-0.005506311616131084,-0.023159931852270263,-0.009457469062950561,0.009848793462893246,0.008268476025318439,0.0043772015402169205,-0.18630001675635488,196.4399999999987
650.8055319916255,-0.004955747805436107,-0.024466474124468493,-0.009489516627959263,-0.0016074401011044737,0.004044442912458424,0.004403963667350175,-0.2705637165043158,-47.55000000000109
653.625036571182,-0.004711614460032805,-0.025781438287255137,-0.009492083096186552,-0.003526392929608546,0.004670122663940068,0.004457061149057537,-0.9671663220513739,6.860000000000582
691.4604570459406,-0.004130176437108415,-0.026478884939111783,-0.009584314260083831,-0.0022075991233208025,-0.007324442757027816,0.004349069682662231,-1.3546867888180574,-135.95999999999913
659.1602895421898,-0.004551683926382568,-0.028795541245749477,-0.01005642811823462,-0.009115537848605526,-0.014789547581216533,0.004953708960215158,-2.7834443194574,-84.66999999999825
651.5316499213436,-0.008580862724906721,-0.029997783705131946,-0.010138253082241677,-0.030187526134645704,-0.04114932963721696,0.009571700312067518,-4.129104849114961,-297.8000000000011
673.3835184934777,-0.011392864186545492,-0.03174817044576199,-0.010431678406700694,0.004345791206705529,-0.03485170429393536,0.00979086239311959,-2.8365068190858507,72.15999999999985
652.0995169512124,-0.017189365110863764,-0.03328141900850573,-0.010707791910983904,-0.01076288716535112,-0.03645626713271222,0.00990215488670351,-2.8081381977360125,-14.3700000000008
690.0773278087336,-0.023628456904160097,-0.035208631564943776,-0.010983926443578372,-0.005926361412534442,-0.012351923406466403,0.009904879537593255,-2.5452571480796014,273.9500000000007
584.8302647259569,-0.030520268781077928,-0.0362926660261392,-0.011014567893209959,-0.008405697329598394,-0.024891412531475532,0.009929921438842738,-2.4294536410376213,-137.28000000000065
595.3107147428531,-0.03559574978761993,-0.03817737362363428,-0.011265263609431754,0.008972718720601902,-0.00543767537523121,0.01052215321539048,-1.8003959445491726,212.70999999999913
619.7412830964063,-0.0404515556508803,-0.039577199136044336,-0.011375671647827903,-0.006375531682793478,-0.005887066457340495,0.01053706731146501,-1.8108422262146266,-4.469999999999345
666.8887667446853,-0.039615221632115935,-0.040583559700251515,-0.011410506109851034,0.00532044665478093,0.007873941674506169,0.010042893934561248,-1.457761863005505,146.8100000000013
659.4879579554533,-0.03857083452352395,-0.04230016160381573,-0.011656848802541362,0.00783016138215542,0.006732628587518663,0.010678414644165291,-1.080953061974293,-11.489999999999782
679.8963801102552,-0.037115202187270095,-0.0447226846180779,-0.01200977064711356,-0.005859640901349272,0.007255325138406654,0.01068687187140925,-1.181541072718222,5.109999999998763
663.2633839728004,-0.03608641882564301,-0.04981587217912907,-0.012873310655597313,-0.011471616273783458,-0.00956905644175221,0.010850270996062188,-1.437572131714169,-179.84000000000015
658.4955993310907,-0.03864980808814378,-0.052271352383789625,-0.013111236374073298,-0.037873261974634365,-0.054483454178200996,0.01440318437361038,-2.289619260294945,-485.77000000000044
649.409177905016,-0.039816002010858664,-0.055857900489712294,-0.013600591350601288,0.009838088801386924,-0.03955350688259707,0.013269838071685127,-1.784358870635496,163.71000000000095
671.7499069016336,-0.041496596112464236,-0.05854441098969032,-0.013886880408266952,-0.0077645023055866735,-0.03595170376904355,0.013019192712271643,-1.7866751677454664,43.090000000000146
655.1752781702104,-0.0428372969573324,-0.061221556792007234,-0.014160683856730426,0.005402900772164099,0.007410890070817855,0.013226700317068914,-1.4990085697603894,457.14999999999964
645.1204441558247,-0.045021095814314314,-0.06436463023693993,-0.014590231632325843,0.003662629703956144,0.0012502740127295908,0.013379247884003112,-1.2899315453463929,-62.77000000000044
638.8223044339635,-0.047344151875560646,-0.0668582263857063,-0.014946274005858424,-0.004567634410997945,0.004476186472903709,0.013285392005454975,-1.2927036064483106,32.899999999999636
607.8676664435739,-0.047987258596008456,-0.0697887162174509,-0.01538679541209789,0.0006238151405091319,-0.00029849411179039276,0.01282692319279025,-1.178863845186462,-48.85999999999876
640.9749559455871,-0.04341626868679599,-0.07093550222741224,-0.015483379870730573,-0.003103515015235536,-0.007037935099872716,0.012793493515550237,-1.1642198162813853,-69.57999999999993
644.8484557521653,-0.03828726618891908,-0.0733651635494063,-0.01579194689982067,0.014110271434676136,0.011593618984222731,0.013552510127208955,-0.7296159225553064,191.78000000000065
573.592188555875,-0.03206137037443717,-0.0749194021983037,-0.0159448679318612,0.001288167617640168,0.012265254734294961,0.01322995845687202,-0.6340882749454663,6.979999999999563
615.5074560865625,-0.025634280825082845,-0.0774840090871571,-0.016374408933335513,0.008400269023827844,0.023946388188074597,0.013583124427762302,-0.3021747365377309,119.34000000000015
610.9085092461786,-0.02073116838356371,-0.07962704605445427,-0.01675866258332891,-0.004785892526556701,0.0048669454650054345,0.013283626940293874,-0.40424653754932544,-194.86000000000058
600.820806765507,-0.015160478812430878,-0.0818334289556825,-0.017181352924410406,-4.116723471070394e-05,0.0035328593389700735,0.006609010460777568,-0.3354458442696956,-13.819999999999709
578.5181802622783,-0.010537199946053386,-0.08256875731533381,-0.01758299900597134,-0.004112105867338456,-0.008919120036053885,0.006310139986454951,-0.46471905767247185,-130.38000000000102
515.0243109771525,-0.006896219091485201,-0.0847504102696693,-0.01822845924419861,-0.0016756682965096692,-0.005821812890131506,0.005785398908252238,-0.4831934710515021,32.79999999999927
560.4875200613152,-0.00643167863008927,-0.08429966850569873,-0.018472036004196855,-0.012683460463252971,-0.01839102249259683,0.006865085550448574,-1.071273029278045,-131.27999999999884
440.71696817313233,-0.005515323872107563,-0.08367786812097226,-0.018747558726817673,0.009297081348486502,-0.00517409453345663,0.007333033851672007,-0.511049239682934,138.27000000000044
827.2153188433274,-0.0054199831218815445,-0.08319774172476188,-0.01912431470668639,0.006393505991495907,0.0028668029609828505,0.007363821319342664,-0.10490805971369592,83.59000000000015
989.6076597736843,-0.004997385211612677,-0.08228004670014957,-0.019332053524224947,0.00017956321009093834,0.015932419621016214,0.007367782271638484,-0.024205545958641904,133.57999999999993
917.4114056508677,-0.0034332435011461635,-0.08087417454011356,-0.019496664088593723,0.007247482966158847,0.013869346733668353,0.007435810845915941,0.484800280896164,-19.829999999999927
917.0086181818306,-0.0007792320800941805,-0.08000200069052409,-0.01974576937656534,0.007735771365826816,0.015221582921714383,0.006678680671451741,1.0847205403071263,15.0
908.2534666045304,0.0025803322158865637,-0.08041837227673361,-0.02021712726699502,0.0028110185875294125,0.017892613596542928,0.00669005479872149,1.5062522892659682,27.849999999998545
900.1343752770464,0.007381042369333317,-0.08074709198893977,-0.02071388384926788,-0.006785256168414744,0.003711568962361911,0.006715517540191475,1.1815499448126454,-147.4300000000003
902.4581227375406,0.01003710993606927,-0.0794842886658537,-0.020933764787380158,-0.00639478237417912,-0.010362557081080581,0.006841138282236712,0.7154176744276027,-148.49999999999818
910.6797328659411,0.011821399358912594,-0.07825269302651845,-0.021524784130977283,0.006039307587029308,-0.007176676978797314,0.007046630385051184,1.2029722142990291,33.469999999999345
912.5907103737994,0.011207572137081713,-0.0758327485175543,-0.021701257723854412,-0.009883805436092907,-0.010274005124182528,0.007579609075707548,0.1883538524372957,-32.099999999998545
973.2861714301996,0.010505151443653481,-0.07410973234142891,-0.02213994075986058,0.007348686994292031,0.003415807139744098,0.007821494681106564,0.8493970043007385,143.92999999999847
972.845267052598,0.008107861639687535,-0.07264475256717176,-0.022595824513760302,-0.0038766113654244982,-0.006474253560839416,0.006769143862996243,0.38514306812000804,-103.88999999999942
982.9848509050951,0.005167888080733644,-0.07095314258620217,-0.02295323901899402,-0.0031449126806244454,0.00028784516233026913,0.006440598277446811,0.001317835267972759,71.14999999999964
1015.335554295804,0.003461180696922351,-0.0692429615518278,-0.023357697485275,0.0012930120754666152,-0.005725383517829585,0.006189738679781338,0.07641369619913108,-63.11000000000058
1038.2924132889505,0.0024342176799015173,-0.06697370489935899,-0.023626653725322858,-0.0006753682193748611,-0.002530081773466808,0.006195090470089415,-0.07811676870205365,33.650000000001455
1107.5702937772924,0.0010452011553435394,-0.06600147879583428,-0.02436011749641265,0.004725020849909223,0.005344705700667696,0.005970845799069019,0.4537121135267548,82.17999999999847
1335.9648155539805,-0.0002200699904308547,-0.06517401544127716,-0.024944475605972488,-0.01148651033919501,-0.0074865285594539754,0.006258659986027318,-1.151513492046657,-133.86999999999898
735.2249299757053,-0.0024855475234388494,-0.06406627431820192,-0.025457513367939888,-0.004655135802945742,-0.011439170988429503,0.00614282646573629,-1.6446760942557779,-41.18000000000029
678.0748673203292,-0.00421127987728496,-0.06327770576326476,-0.02590828356471606,-0.0007195242218811515,-0.016796123266981322,0.005987008625259679,-1.5609486043829675,-56.70999999999913
653.0780323984509,-0.005203865341414563,-0.06301702336849108,-0.026608304950431053,-0.0005919485295902138,-0.005960079532073448,0.005812717044306706,-1.481751242448936,114.28999999999905
692.7398010485746,-0.007457250860855521,-0.06267124944992608,-0.027256639186932597,-0.007988270535059794,-0.009288844368462446,0.00560899671877032,-2.0769957189837975,-34.04000000000087
663.7709973318523,-0.010133883602546986,-0.06094020167678112,-0.027448316407019422,-0.004974267318417658,-0.01350710095633656,0.0051819623678593845,-2.2063258370504935,-43.399999999999636
662.5672183432922,-0.012441393533771262,-0.05948578828188283,-0.027831790138428437,0.010351414945857451,-0.0027051564009574758,0.0057220583192400636,-1.1721562002322767,111.32999999999993
678.8582250430082,-0.012833534802408477,-0.05787249443503914,-0.028380683886151715,0.0035663553367299983,0.008911005444091957,0.005879146173793605,-0.8910930836625718,118.90000000000146
717.152213495554,-0.013309228960398978,-0.057296653601122155,-0.029179549583990886,-0.0016929223234850577,0.01223814058171735,0.005850162291231517,-1.008906153152153,33.36999999999898
640.0742103673108,-0.014256790627401962,-0.05737022282664906,-0.030121225323711538,-0.00825836696575466,-0.006406393151974554,0.006141822447445124,-1.5851999500745253,-190.20999999999913
664.1281134052729,-0.016061498323089497,-0.05673501827492565,-0.030763926476215453,-0.011038500998021505,-0.020866116523504008,0.006665354426825647,-2.146080441085051,-149.28000000000065
686.2745846207583,-0.016593385895639585,-0.05780586378755166,-0.031963168553881774,-0.000487488778840639,-0.019683834183497395,0.0062948858847350995,-1.9087946465880834,12.530000000000655
665.6288280506229,-0.017973096662910606,-0.05734382139583945,-0.03229971467768199,-0.015515057069953042,-0.026856922801045346,0.0068610141061331035,-2.4920093054477794,-71.53000000000065
657.684753607912,-0.01897577443155058,-0.05689873724125576,-0.03265414079585208,0.010689640936411005,-0.005476322115146481,0.007967022242836668,-1.687902900413263,218.8099999999995
636.7199561544894,-0.01954441208049148,-0.05709807067707749,-0.03343901505766547,0.008390727757647154,0.003357580876361288,0.008536852485145635,-1.0863484045889622,89.13999999999942
650.6204451691137,-0.020901984983037306,-0.05579527152018892,-0.03364525403742424,-0.004791784608787819,0.014286419141465556,0.008583883769519433,-1.2674069151597516,108.01000000000022
659.3304919853704,-0.019927648297413687,-0.05522201987989794,-0.034187758639822985,0.010587720230040842,0.014184135726148517,0.009032158624748652,-0.5565952965017783,0.4899999999997817
644.2331393307313,-0.017206177568292114,-0.05505666179098551,-0.03516033279645067,0.0011405118452125773,0.006892265862042057,0.008914001027167946,-0.4293560073308415,-72.60999999999876
658.9735764776307,-0.01582971096689007,-0.05420950380122617,-0.035598164615153756,-0.008281614129768133,0.0033614646693782557,0.00861125896291919,-0.9056202190173881,-35.899999999999636
618.6061337378802,-0.011048921470685848,-0.05366949257476898,-0.03626862226565901,0.006543087114184942,-0.000654247105005612,0.008805116372897794,-0.39818820469786514,-40.52000000000044
675.7907058484689,-0.00807964620669176,-0.05423978934363906,-0.0375363513316981,-0.0005209879504333159,-0.002312768306144908,0.008803951312256928,-0.3753410907615278,-16.909999999999854
685.8795175494223,-0.00807312708338195,-0.05340112806579747,-0.03794246744018519,-0.014926708944420053,-0.008997857888461858,0.009490080002635142,-1.3891721130408197,-67.3700000000008
723.4134926199067,-0.006335049579825423,-0.05251125912398141,-0.03838510722196831,0.007908417707427562,-0.00765360789070646,0.00933693655137652,-0.73250686960906,13.080000000001746
713.9612518301999,-0.00560835415797264,-0.05150612217477526,-0.03871957189582789,0.005431337121302171,-0.0017437606218920765,0.009460819337706457,-0.2134035207204081,60.1299999999992
695.7118065677189,-0.004117349568953462,-0.05022685158136544,-0.03916982675442052,0.007176390031478075,0.020655137675957613,0.008131216678806431,0.5441981206036482,224.61000000000058
690.7018676537086,-0.0016388069503680647,-0.049280847258407194,-0.03991862340289493,0.003053960807176903,0.015739287893556497,0.007715569854831136,0.901043177187763,-47.9900000000016
670.4620548430562,-0.0006963051469225181,-0.04785848694112146,-0.040328096464288865,-0.003998435733922667,0.006212838486889138,0.007582592109752659,0.5468145713084352,-95.82999999999993
675.8863857077855,0.000691885384328299,-0.046406051493786224,-0.040818998868590896,0.0038568453374665523,0.0028964695547888386,0.007414338825983801,1.008964392278783,-33.45000000000073
645.3956106462522,0.0043935802321532534,-0.04526845098991048,-0.04171873916468758,0.002287269322305052,0.002129898449484635,0.00685530664563581,1.205274339023342,-7.769999999998618
705.4784653192114,0.00599987176123637,-0.04363575106367199,-0.04214182371170802,-0.006974605507087062,-0.0008645835067232488,0.007210364451331727,0.4300057826886599,-30.670000000000073
663.7928587087788,0.006975780195191706,-0.04287533559671853,-0.04292435270071988,0.003830783071251176,-0.0008905231945689485,0.00675955748143672,0.8640139847369889,-0.2999999999992724
678.5180402494874,0.006955927117235926,-0.04243754966264858,-0.043748192170997284,-0.004314052055642392,-0.007470914814832863,0.006696777484923884,0.46556572920708544,-67.64000000000124
661.4536892001541,0.006133961519160642,-0.04127211765403543,-0.04406938845401183,-0.004944563627307552,-0.005441887540204138,0.006861841743088711,-0.03610521922918401,21.23999999999978
686.0691437396318,0.0064634833659491485,-0.04030794345751862,-0.044801944252832765,0.007030491740280809,-0.0022717354907173526,0.005311072192218934,0.7965331259148617,32.26000000000022
705.7180391133227,0.005719475694317422,-0.03843540858202819,-0.04517839632386746,-0.0024001956947162784,-0.0003539534938445943,0.005041621338244659,0.4603644076366485,19.659999999999854
722.1010663603457,0.004704428138353638,-0.036816020268143804,-0.04583082410678908,0.00524742851482074,0.009885058603853691,0.005026640496553204,1.0062644457752883,103.93000000000029
710.9174876632444,0.004593171806075076,-0.034294716245081264,-0.04624411639195279,-0.0010771814143274439,0.0017544031311154118,0.004626727139943765,0.8768437244289561,-82.38999999999942
725.956366944422,0.003690881077704901,-0.03212710103336017,-0.04668462580913222,0.003740990610406447,0.007921164987980012,0.004670202395496049,1.3493965149079301,62.82999999999993
730.4109378504278,0.00407290052770767,-0.030894019674640737,-0.04770501726744597,0.0024259869621447994,0.005092219022984734,0.004511911428695812,1.553074507996282,-28.56999999999971
705.6143809870812,0.004666975182903638,-0.028851911391506693,-0.04804179543070198,-0.00838449262024854,-0.0022602225254518826,0.005086849601959295,0.23784346124003164,-75.32999999999993
698.7062819612073,0.004625642997625324,-0.02744102112619744,-0.04869712671469975,0.005973691089097066,-4.0871019819532783e-05,0.005360864045714268,1.0941439725314097,22.719999999999345
720.8538981790866,0.005272661868000586,-0.026095636664569294,-0.04938446239245184,-0.000978998249286378,-0.0034374769443441533,0.004910943578042699,0.8798532441738046,-34.98999999999978
710.2915909639187,0.005074913614278121,-0.02457360228939607,-0.05016454270895213,-0.0014416871636265816,0.0035399650898353396,0.004822128946650836,0.5964222755992639,71.56999999999971
732.9710909236505,0.004388413830587568,-0.023383166262828894,-0.05097492318822414,-0.0031041025465934347,-0.00551586687570127,0.004733897818259915,0.07252942693611918,-92.84000000000015
603.8055796165117,0.003104310985259385,-0.022181893351978225,-0.05172116987120049,-0.003059947373210692,-0.00758736575505925,0.004577321698029848,-0.434392480141505,-21.209999999999127
592.3682291074579,0.0012534486808198184,-0.02074030209671617,-0.052819723963624554,-0.0018001817849871982,-0.007943654002799727,0.004085795083237655,-1.0836784739058547,-3.540000000000873
637.7433181259132,-0.0008049076279915056,-0.019347528440817125,-0.05335149097359254,-0.007893194565721906,-0.012709496796693975,0.004604444176979963,-2.706001108944191,-48.44999999999891
641.466103254596,-0.0031362947766545805,-0.018258608502171893,-0.05395268712977312,0.0027068414401465457,-0.006998525696270019,0.004349298197900163,-2.01426649987834,58.57999999999811
733.7045714848322,-0.004989474681969325,-0.017393508559094533,-0.05454420930111886,0.001126865258546328,-0.004086721890512179,0.004395461428392082,-1.611512845071543,29.73999999999978
732.2196970883351,-0.00621954104199259,-0.01673304156155972,-0.055214141573285004,0.0011937250937010813,0.0050350620710160054,0.004209000335508746,-1.2691523300889338,92.36000000000058
756.3054304672552,-0.006914636162231579,-0.01594725018616398,-0.056065576490155894,-0.0002781051375485566,0.0020431846398381026,0.004073083594214117,-1.2197936486712304,-30.1299999999992
750.8266412636393,-0.007695323684297957,-0.015674253461850814,-0.05729537866666893,-0.003312541986321693,-0.0024002859410976463,0.003496670320359394,-1.6088632483526624,-44.97999999999956
824.4006956898608,-0.009005311648973217,-0.015890207184076206,-0.058755982725017405,-0.008649349492510061,-0.012208026587639975,0.003428679066106462,-2.5040314004343895,-99.47999999999956
756.9085749797907,-0.01022980555912404,-0.014875331755008485,-0.05845914721902143,-0.01078945634398465,-0.022593943315876164,0.004211116736643213,-2.9894895054668065,-105.25
790.4726128665694,-0.010032199854994575,-0.014481361590618793,-0.05932566417519207,0.01777822185484923,-0.001911190510360039,0.0073320732544956265,-0.9616424087373616,209.72999999999956
749.3133735328751,-0.010236734320792081,-0.013736851662359752,-0.059377744852454784,-0.0019188166999526413,0.004865089364692876,0.0073141110078027375,-1.0841904660260537,68.03999999999905
741.4293483642047,-0.009519158490510438,-0.012898004507199906,-0.06004624904682372,0.01112370702802501,0.027125034945837845,0.008097589264254716,0.09680078957140727,220.03000000000065
802.969118093061,-0.009050285602009671,-0.012446255920033206,-0.06070558268092159,0.00020143559710916747,0.009386831463437328,0.008079064642259631,0.13780078805376642,-174.10000000000036
774.3955331390367,-0.007799057159693563,-0.01193268134413093,-0.06134062249475966,0.00029472443265543546,0.011625446224983849,0.007677725495445382,0.1763127453654642,22.350000000000364
777.0304170858661,-0.005336271802819635,-0.012021762705514798,-0.06248840322879863,0.0007807896287566063,0.0012773964694727802,0.007654101326453227,0.2930875658105247,-104.01000000000022
799.5819561142197,-0.0018881136060030174,-0.011699123920860723,-0.06284294378444295,-0.0070039597839047785,-0.005935750073681079,0.007959826893564339,-0.4377412777617739,-73.42000000000007
804.1699807962062,-0.00046421038192399655,-0.011510077977830257,-0.06323865754187193,0.004536209626251786,-0.0017206835592221692,0.008065027676129008,0.12613404229934727,42.899999999999636
804.8066114464555,0.0017142537774107753,-0.01070767113633965,-0.06270086517695471,0.0033656419216723243,0.0008577078395870519,0.00811260142795443,0.6051153226402389,26.26000000000022
794.0351113285915,0.0041089003303203435,-0.00967197465684407,-0.0631751990131262,0.017096313350047687,0.025148785699179,0.009287167525864889,2.3392685525539023,245.72999999999956
770.5840551426692,0.00620042569947187,-0.009061498697199522,-0.06389018231883406,0.00030367153344501574,0.020829398060697724,0.008672602158962808,2.152209588192788,-42.74999999999818
780.6602652288275,0.008183017452050146,-0.008552699289981307,-0.06449313796514679,-0.003212158593704828,0.014137109766058309,0.007812018004149821,1.7091773141777664,-67.54000000000087
773.7990813564859,0.009872401115636215,-0.008304972787323681,-0.06491024702607354,-0.0013390867331795064,-0.004244653211928906,0.00649954551066826,1.490208375285396,-188.20999999999913
842.719374477063,0.012628134485718662,-0.007955901361193663,-0.06566134512155157,0.0016351986926155249,-0.0029191804321428982,0.006383736785099664,1.518824467217679,13.739999999997963
852.237210686948,0.014395978897520206,-0.007672305918989565,-0.066491341793437,-0.0027943409521250517,-0.002501239984646464,0.005882548851694405,1.1810415055542378,4.420000000000073
755.7003648552729,0.015226536079110594,-0.007323280678869884,-0.06730855067518161,-0.0035029562857419316,-0.004662591417191497,0.006032447564468849,0.8237475270123806,-22.289999999999054
722.0644176560536,0.013300120481088631,-0.006472052391051684,-0.06776339648839225,-0.0023694515828442952,-0.00864206241886889,0.006103218009656308,0.5667918348159564,-41.25
748.8156313187392,0.011317446871814968,-0.005821290709452957,-0.06851185292217755,0.0036796178033442484,-0.0022060676553261604,0.006166995129655832,0.8149493032732181,66.64999999999964
749.1145563406983,0.009896918554049231,-0.00555796437834065,-0.06995920602724592,-0.0005945072195712164,0.0007061666047392112,0.005681874097544223,0.7057520109113365,30.020000000000437
724.5014283087658,0.007758837599338185,-0.005848001431927919,-0.07186691506517515,-0.009962947555044122,-0.006910739531029053,0.006444819116976599,-0.1590949971974282,-78.13999999999942
753.4875118686781,0.003856109208019727,-0.005910662759197113,-0.07271974291411493,-0.014905327314390426,-0.025299585010646775,0.0076689095976676495,-1.3387203295266905,-189.5600000000013
773.4884802748021,0.0001974704458053427,-0.00603717270433413,-0.07399451243444774,-0.0003787199266478414,-0.02508913193080964,0.005070810955583741,-1.3093284349141288,2.319999999999709
779.6331480996844,-0.0037148628500246737,-0.005553573010190168,-0.0745478460913649,-0.00594017946161518,-0.02112782530665791,0.005045150314003833,-1.718453892597127,42.92000000000007
774.5778320059228,-0.007208903464348736,-0.0045402988917406665,-0.07496112248201799,0.00382531528260599,-0.0025154976180509214,0.005449968496997026,-1.556971676857157,189.96000000000095
793.9037434283724,-0.011120228982968444,-0.0039937288467340945,-0.0751868644779063,0.004978738200100752,0.00283050847457611,0.005883481537493283,-1.131339723440915,53.6299999999992
790.2860965208572,-0.013382132184508282,-0.0034671911905889393,-0.07608874803302247,0.007722905952145531,0.016614144639844675,0.006476281206201802,-0.5391423025437719,137.26000000000022
737.2011134789184,-0.0144270602708801,-0.003427335181203138,-0.07696999732768009,-0.0005633347046734016,0.012169582837091575,0.006473619472899766,-0.5665507874623558,-43.849999999998545
777.14740529631,-0.01298387857128752,-0.0034653129753627688,-0.07765654403970201,-0.0008844700484484935,0.006264422039710116,0.006444064529809712,-0.6152964835501127,-58.79000000000087
693.8626016148564,-0.011265599830248333,-0.004012383751281776,-0.07992512341671608,0.0017576619835202312,0.00030781160745729785,0.0064907554328388715,-0.4543614435219679,-59.88999999999942
703.3703535446662,-0.010681481642910573,-0.004294467626632518,-0.08038735663882846,-0.017286390727464518,-0.016429820855329957,0.007820212819073798,-1.6769500369563264,-169.5600000000013
687.5970282367269,-0.009857434331579706,-0.004354193939393918,-0.08140079285714273,0.004938819259889593,-0.010697136759736825,0.008112416851341312,-1.2346256819085395,58.17000000000007
695.1861630893867,-0.010230199999999969,-0.004595864121360348,-0.0825230519521741,-0.0013112782916030463,-0.013727921066672977,0.007737998523206957,-1.2359016004536993,-30.920000000000073
722.0194666787394,-0.011782789625812654,-0.004432712677574513,-0.08228709102199949,-0.0023260000000000502,0.0012866422050759052,0.00651245430208576,-1.2848851435253117,152.01000000000022
687.5683988005218,-0.011593593215274823,-0.0050306709131684325,-0.0831984749455952,0.013097464702898964,0.009415637268266774,0.007598311775205909,-0.3346472691997077,81.46000000000095
708.5824870411597,-0.010874748542765053,-0.0056704163320589005,-0.08386402340585287,-0.0011842796522550936,0.009543999999999997,0.007342040409039142,-0.3563812799894798,1.1599999999998545
709.9011400751021,-0.010262419634499437,-0.006308408410491702,-0.08474535866027352,0.0010519600928735606,0.0129621499608088,0.0072906798487523475,-0.21301164858592755,33.8799999999992
682.8600801998263,-0.007491328392934877,-0.0072014979972303385,-0.08642997195794018,-0.0015901350278941795,-0.0017234880152284804,0.007197083590691514,-0.27690165705679454,-146.73999999999978
706.7354405975873,-0.006583231929666281,-0.008073311819790024,-0.08692750043116967,-0.010304271857553782,-0.01083855681376944,0.007382507314427223,-1.0888723413161217,-92.0
727.2143097286022,-0.0049767695908691165,-0.008409335947394576,-0.08685485494999115,0.0033837304551762593,-0.008534483270433824,0.007501253770650368,-0.728288040533274,23.170000000000073
731.4114260375266,-0.0021688811864298595,-0.008755642635882566,-0.08764790776213074,0.00959199825146384,0.00256987370651518,0.00808839208062583,0.28334215089180786,112.18000000000029
798.2563843314098,-0.0014932622129546075,-0.008953026839845056,-0.08814825248733783,-0.0009272513028967255,0.012068872283452325,0.008072015465242617,0.2696859381269384,94.59000000000015
731.8863447299526,-0.0005363970621428696,-0.009094207944426964,-0.08828710047175804,0.001996726871906551,0.010669863001394164,0.006031150641919681,0.6566432697117885,-13.610000000000582
745.6043320492686,0.0009636090733657735,-0.009259248612200479,-0.08889900330181338,0.0053669895089427655,0.006440343537710724,0.0060554133728817575,1.6228365076071345,-41.76000000000022
729.5641703740679,0.002679808451232086,-0.009019187969609472,-0.08962930325716965,0.0001758164908012283,0.007551545830719375,0.006009842947230084,1.6558061978930367,11.170000000000073
752.3572708372203,0.005339819666054795,-0.008238939220382437,-0.08994652196273699,-0.0011519357037218514,0.00438542785818119,0.00595066720059273,1.3481870753976977,-31.909999999999854
680.7190201942165,0.0070557262080090085,-0.007252013111941643,-0.08976818961892155,0.0013636636243958833,0.0003860105077364562,0.004733877018431128,1.4016025635877567,-40.47999999999956
688.7123982709393,0.008058613774208965,-0.006286196474549405,-0.09070446218487382,0.006779577810505533,0.006991159654556656,0.005004209317208069,2.0781403689932088,67.2599999999984
689.3144084045623,0.008509966386554522,-0.005385844208041125,-0.09099093345677518,-0.005271088009128011,0.0028384260155951413,0.005354635946246718,1.2588762813306562,-42.31999999999789
710.0085814253115,0.008923229468293353,-0.004628328106116008,-0.09097251731081978,0.0014656862745099364,0.0029405989199804417,0.005303861640343963,1.3225737275645335,1.0799999999999272
770.7584644407135,0.009171566704229105,-0.004348178161644981,-0.09160651494282433,0.004137073602905383,0.0003081709178325287,0.003965594650380147,1.6750776268632235,-26.790000000000873
773.1585329291607,0.009455934244309601,-0.0038890489129394415,-0.09186539129499717,-0.002984242303706197,0.0026078431372549282,0.004217103383715963,1.2260269653417288,23.44000000000051
718.0313491514327,0.00996119914294306,-0.0032989845384833977,-0.09204835656599776,0.001149942307316243,0.002291739068717824,0.0034099412870257206,1.2565094054998716,-3.1900000000005093
708.3719102653166,0.01042916161038574,-0.002625999381727803,-0.0919107014854909,0.001951484417426208,0.0001101664097742372,0.0033623137054804818,1.36041476676127,-22.279999999998836
729.6969949355775,0.010526894596980427,-0.0014832086152066514,-0.09260463483767484,0.005443375828837915,0.008563941094791971,0.0035726893718594508,1.7811960554037358,86.44999999999891
748.315141078138,0.010429445243545922,-0.0006918567670703262,-0.09315772591057705,-0.0034680410851857246,0.003911759305201157,0.0036213509141727043,1.2986764677219207,-47.530000000000655
738.6757100447454,0.010102117206690981,0.00013211291977010663,-0.09359002644916957,-0.001907882639435532,4.484156305983866e-05,0.0037029987432286257,1.019707014678388,-39.590000000000146
763.568020683834,0.009062968195093215,0.0009224427251027226,-0.09391054592441542,-0.0005565953132918855,-0.005922913891361237,0.0036809407426191374,0.9071166937028434,-61.54999999999927
761.6302135577557,0.008449793651566855,0.001260046807080174,-0.09447463483459494,0.0010153036791835657,-0.0014506134703713425,0.0036763887903436903,0.9477946020025805,46.18000000000029
747.1416713421999,0.008032196803603136,0.0018629940329874628,-0.09440998414654704,-0.0016787645540019547,-0.0012213904160329747,0.003169451172067183,0.6813224251676039,2.3800000000010186
759.29754843765,0.007740360595176687,0.0026130765000004705,-0.0939732063745221,0.004891536139492558,0.0042231171285924685,0.0030034494559722865,1.1715056939082769,55.82999999999811
744.8445858852372,0.007556875279987566,0.003502179140252577,-0.09448144994426186,0.008423340607727647,0.011654893554830403,0.0037298494675752944,1.9371577473125354,76.32000000000153
767.5731180513758,0.0077161753138261695,0.004778625315627624,-0.09489016564216375,-0.0015987487383368748,0.011735978068116548,0.0037102100672831546,1.7267396629216387,0.6299999999991996
734.9400976225863,0.007652996499969836,0.005881227032179249,-0.09500049886520784,-0.0008344169499503451,0.0059710247960693685,0.003554775367008987,1.6092135091393183,-58.76999999999862
751.3259528038029,0.007958083206586343,0.006683931945965672,-0.09529947676419957,0.001743601725064936,-0.0006924700860627686,0.0035601279708191783,1.701889659771579,-68.67000000000189
748.388858504677,0.008495217900172174,0.007439332727042466,-0.09591236607032018,-8.963051986665693e-05,0.0008180180041132967,0.0035654772223400145,1.5887865266365622,15.670000000000073
697.7308408942171,0.008907360968774676,0.007808779830805575,-0.09689143722468492,-0.0034631325301205385,-0.001815044985117753,0.0034705070163859714,1.026316640793152,-27.280000000000655
573.5718104528806,0.008090477692005308,0.008011340401218736,-0.0972023249101379,-0.006173669391927872,-0.009704190371369159,0.003802896473165295,0.021818521250360507,-81.88999999999942
627.1182339194594,0.006281548077575264,0.008334500882036933,-0.09721903170029451,0.0005956065259791199,-0.009025542168674683,0.00375826670012953,0.05553064889592308,7.050000000001091
618.3637673938816,0.0050282908743993545,0.008727844643868464,-0.09789821301753775,0.0032019110312253574,-0.002397701147201725,0.003846022138712772,0.5262565495062501,68.85000000000036
582.3787645583318,0.0035306148259228154,0.009131112632876914,-0.09788416882806983,-0.003410805213742485,0.00037566032520897075,0.004001492553649389,-0.16209564654264785,28.649999999999636
567.7608909130839,0.002118207583955393,0.00940196378809771,-0.0972162514615859,0.002973022930023106,0.0027525541368067508,0.004035106769746228,0.3651911796065687,24.43999999999869
543.6485586268726,0.0017360203590344567,0.0101115592478536,-0.09663490956298039,0.00730770946859538,0.006856513493913141,0.004323000190646339,1.6370620006354055,42.42000000000007
782.2931929117443,0.0022956314635013565,0.010711814429412856,-0.09731958349215149,0.00636783822821374,0.016735901003005926,0.004020267794737373,2.439977127216193,101.30999999999949
738.1949645978511,0.003097797770638972,0.01101180679793,-0.09725626788611913,-0.00699828630971,0.006627764640152911,0.004550078542962655,1.0980036590179723,-103.69999999999891
720.4409138388968,0.003981479200433855,0.011452230926467851,-0.09725952256280401,0.00019271554511046673,-0.0004824265767934266,0.004540519851948211,1.0494287641487332,-73.34000000000015
775.7346472496735,0.004200445540455696,0.01178704454407823,-0.09726575206858332,-0.0009556849284054758,-0.007756099101245417,0.0045232366025723565,0.8084768047078446,-76.04999999999927
771.6243650521798,0.00490952024943573,0.011823168012683441,-0.09814493503981184,-0.0003683678123677092,-0.0011312402497978269,0.0045242431073135355,0.6753552410351176,69.31999999999971
777.5452597987,0.004356236104327682,0.011636416646898205,-0.09795044440603282,-0.009307126492222317,-0.010618507339602345,0.005189392109427661,-1.0212718490284647,-98.47999999999956
764.655162046262,0.0031184093154151527,0.011624396901980683,-0.09778279882910633,0.0019260411869008731,-0.007764653469070182,0.004910398463055114,-0.6825876963753404,29.69999999999891
743.9002142094882,0.0010380919127427322,0.011836926423375204,-0.09736975120038927,0.0020263276819685316,-0.005387676353551196,0.004940089069223273,-0.35965368936259356,24.670000000000073
773.5864457132598,0.0003131546480528891,0.012064527580557847,-0.09751111843971239,0.0040153631284916,0.00798752065528241,0.004989665498996072,0.34484657318833284,137.8799999999992
748.284689152726,-0.0007053016451863704,0.012312895863419764,-0.09689196748989247,-0.0023947526034118205,0.003640586808947077,0.00492896254699105,-0.19396140748419666,-44.56999999999789
765.9051927576064,-0.0012389171812087305,0.012648257552591522,-0.09685861734134996,0.0029592302128107484,0.004574992240844233,0.004928309235935081,0.35655844634359557,9.709999999999127
763.5710368136333,-0.00202836273915085,0.012590859919254837,-0.09706112395544031,-0.002287216016884308,-0.001731099905330491,0.004461522205393899,-0.19946702653459963,-65.09000000000015
771.9203981321067,-0.0018079091335615792,0.012176800123651967,-0.09689830937826174,-0.004974898102164893,-0.004312961835032714,0.004082293852588776,-1.232418703186615,-26.6200000000008
714.8758605850323,-0.0016089130664530553,0.011737440555333272,-0.09705446899528594,-0.0009015343589622304,-0.0081457330242517,0.003674023334121909,-1.3082202175777953,-39.82999999999811
767.3234194633467,-0.0021599975991217365,0.011276407579100842,-0.09678990984825839,-0.0037816843826655733,-0.009631425950368921,0.0037508822595981373,-1.8678977864721884,-15.159999999999854
766.3560223550311,-0.0032861766011457695,0.010770838534513985,-0.09627198066409386,0.000287267877295605,-0.004393885904845685,0.0037744372330301822,-1.6230184970373485,54.350000000000364
783.4140896841637,-0.0036953648539997525,0.010296310412749546,-0.0958762922915187,0.0028259431939505752,-0.0006794377603863699,0.003937296575684012,-0.993753900286511,38.19999999999709
764.936433255566,-0.00439819984199626,0.009988309982191019,-0.09553735927914606,0.0013471365312647254,0.004465354419186163,0.002912627632331775,-0.6834572658237729,52.68000000000029
711.7246843748335,-0.004753093845692994,0.009904453270674341,-0.09514812455483647,0.0015194478626077146,0.005702681080637539,0.0028915814067681893,-0.412978716134904,12.680000000000291
730.1302381536192,-0.004438485389405657,0.009791053309711174,-0.09525737583487731,0.0019649036925231123,0.004839171574347656,0.0028878233379163987,-0.06086819080908508,-8.699999999998909
720.6103632074303,-0.004258855201838802,0.009513004159000058,-0.09519817196979276,-0.002593084461850137,0.0008852097022875594,0.0026855564996326044,-0.5448983334572233,-40.57999999999993
763.8574212635218,-0.0035156790662097077,0.00935497004594884,-0.09512089032864837,-0.0010846377008790764,-0.001717226756490886,0.002627640074624373,-0.753852042008617,-26.780000000000655
754.9777530085939,-0.0030392097533789957,0.00908173314567804,-0.0948598738699866,-0.0008834412175920958,-0.004555104256536047,0.0024068083174800616,-0.8776432540961008,-29.30999999999949
742.3428317245849,-0.0027668381566275688,0.008482475732680185,-0.09464343771032548,0.0007215955734347634,-0.0012469445969783832,0.002384579098161371,-0.6750356428100469,34.159999999999854
740.0574105996917,-0.002427625833653115,0.007623197581124087,-0.09394311154379327,-0.0003036106310428943,-0.0004660444308662859,0.0019163368280661827,-0.710721774048518,8.040000000000873
726.2782892060402,-0.0016431578056448613,0.006952381070028244,-0.09372190433114791,0.0038673441576140277,0.0042867256602696635,0.0022021684242827374,0.2745367673497615,48.80999999999949
745.7255403351054,-0.0015322664062160057,0.006382672601831949,-0.09367871640618404,-0.0009609296291160918,0.002598206361810629,0.0018457995027693897,0.12166492556910477,-17.31999999999971
713.0841654243286,-0.0012913123651018385,0.005892235744422548,-0.09310579409976766,-0.00240220828456128,0.0004935171124869075,0.0020353433366806545,-0.4751074277727913,-21.63000000000102
875.2565704949773,-0.0006008124756760583,0.005515573353062244,-0.09300393298322003,0.0031834151077954065,-0.0001881133683638847,0.0020773007194396253,0.5994216129632914,-7.010000000000218
765.7269790672939,6.597745474341895e-05,0.005559471516471641,-0.09262775874401413,-0.001270489060701263,-0.0004979122626181942,0.0021020427555078123,0.14262237390864085,-3.1900000000005093
748.855831768013,0.0004717297046547054,0.005580541514335784,-0.09230867937208828,0.0021072277913243287,0.0040201317926071845,0.0021433845047704155,0.7957564812368183,46.45000000000073
743.6537927943664,0.0011618559831406956,0.005599869080168324,-0.09185180541457791,0.0016163432849560788,0.002451752935460183,0.0021194543708053046,1.2556153401953052,-16.039999999999054
725.9819876069955,0.0016434224241239893,0.005395136718987248,-0.09161766096444325,0.0025599176492099307,0.006296435483385432,0.0020296376497232417,2.0075187043913894,39.55999999999949
724.1664761824225,0.002387726831111465,0.0053588806458315826,-0.09127777086790262,-0.0003647687433715463,0.0038141050177382674,0.001985612907990962,1.753600657267474,-25.479999999999563
735.9010256499432,0.0034986483044889918,0.005213999058385607,-0.09110570926212118,0.0012240622843047166,0.0034209632681807545,0.0019294957610197672,2.0327393600535246,-4.000000000001819
751.9916240459436,0.004157003099383979,0.005318135503674966,-0.0908897525768675,-0.0012428133282810228,-0.00038503367355902096,0.002020836494494829,1.5858876534507502,-39.349999999998545
734.6020842678686,0.004877014010670884,0.005565721529736532,-0.09084839799228517,-0.000236515251854863,-0.000256782782038667,0.0020179952934257237,1.3812143813082645,1.3299999999999272
731.2289865666364,0.004868789003979932,0.005873429547773324,-0.09031031528889052,-0.002340606529944722,-0.0038161793276466627,0.0019180135409464314,0.6992457124127752,-36.92000000000007
712.9216074446136,0.004865237109479226,0.006331887529753675,-0.09005308505645819,0.0028842291703969902,0.000300229564599519,0.0020322340372666407,1.374310284566621,42.69000000000051
709.0710055651094,0.004353689759337266,0.006750525845096334,-0.08997217962395976,-7.334597586339253e-05,0.00046348644157312435,0.0018338536052224944,1.2845952683419093,1.6899999999986903
767.5932938810816,0.0037146446126089653,0.007003630885061561,-0.08979787956482206,-0.0019225776438579478,0.0008826902695979744,0.0017896287220226126,0.6615875170943707,4.320000000001528
763.5200048191224,0.0029463662843534112,0.007146604879722176,-0.0895699555468993,-0.0005763371069231749,-0.0025709694697376717,0.0017468969228545536,0.4325510046569309,-35.76000000000204
727.0371910201807,0.0023308019499476656,0.007224288555981413,-0.08915186957277514,-0.0007643773082500749,-0.0032602747394337994,0.0016723541020638181,0.16045496085912972,-7.139999999999418
759.3371231599488,0.0019159656062394603,0.007307565990043716,-0.08866490851927421,0.0010757883708343297,-0.0002659273563823117,0.0016335576133298983,0.46455960536645013,31.030000000000655
745.0676762959831,0.0020921976961955076,0.0074594650624121,-0.08849168798554802,0.0017401111581847317,0.002051240371506724,0.0015315719564153174,0.9233511769072243,23.950000000000728
730.9287227382675,0.0015710670533177777,0.007531555202935181,-0.08815350040459695,-0.0018394405011001869,0.000973147896209392,0.0016159808737323726,0.28915488094096864,-11.149999999999636
733.5142396861017,0.0009707234263051749,0.007460417694869437,-0.08785653912188336,-0.00041886903426013866,-0.0005213562614015954,0.0015553489276088149,0.07448585629145818,-15.44000000000051
724.2192116371333,0.0004875209513669959,0.007290845521617739,-0.08776251196528811,-0.0011961641454636407,-0.003451002808888437,0.0015528606214875605,-0.44945792695515635,-30.350000000000364
739.144149955545,-0.00014521259426876777,0.007168847984295764,-0.08704376196979915,-0.002520185220533211,-0.004130648444090279,0.001678468244258223,-1.556730831871347,-6.960000000000946
762.2845292401344,-0.00017057140620200948,0.0069909144385067404,-0.08666129796764649,0.004960824349711457,0.0012290683371671829,0.002193405868736978,0.4349593293994012,55.399999999999636
769.1724164189774,-8.659622091228229e-05,0.006912268495522295,-0.08628565089429246,0.001067106912707061,0.0034978349273835363,0.002042165714562775,0.8101864850809165,23.400000000001455
768.8508376968099,-0.00026781611541412854,0.007118697297189359,-0.08542586862189482,0.0002075936802690137,0.0062420711320239075,0.0020433456390262193,0.8742829997830606,28.159999999999854
766.668781712907,0.00022407596658849236,0.007321399616590853,-0.08461380623293863,0.004930050623037863,0.0062112581712454595,0.0023900702352297855,2.678698019274177,0.0
787.5508986418389,0.001320869205374712,0.007595931458176042,-0.08406197658489457,0.00414697804704911,0.009306955740061795,0.0025689621189817794,3.2804112332896618,32.1299999999992
799.3457632909896,0.0025416947556188905,0.007768246536083392,-0.08371583164919005,4.304918321351714e-05,0.009140914303807701,0.0025302855809365516,2.6390206133516476,-1.6999999999989086
780.8840779119168,0.004037234942499982,0.0077087089769246045,-0.08321945412433626,-0.0016578005110196026,0.0025254587180199017,0.002644908118282928,1.8925129308423851,-68.39999999999964
767.5263045615351,0.004956639527098971,0.007570007274249177,-0.08287041609493219,0.0006458239909239438,-0.0009700415950774088,0.0026279297286750363,1.8227092858867058,-36.43000000000029
773.7099710035357,0.005696581975747667,0.007395141730745985,-0.0825859522694032,-0.0013626326484100781,-0.0023742994047032395,0.002589408097574121,1.3649028867104271,-14.680000000000291
779.6481857939532,0.006268094276212378,0.007163558550663499,-0.08211077847251158,-0.0012187415797998424,-0.0019355555811074732,0.002631819099107506,1.0177686269342876,4.619999999998981
800.8196844250979,0.006281890684857084,0.00710526158169534,-0.08172322804414645,0.0010454988824970535,-0.0015369117362603602,0.0025660131888022744,1.156402700005815,4.149999999999636
781.9850482594907,0.00561665327489752,0.007076642124428013,-0.08120541850149526,-0.0004593856125029161,-0.0006338223322169823,0.0023817682312692445,0.9787035378035274,9.44000000000051
759.3622992044106,0.005083621103065035,0.007375247682773336,-0.08002200226584555,0.0015409444089431457,0.002127479819663325,0.0020500430150588757,1.1987725902902113,28.770000000000437
753.4090490326854,0.005623574158405074,0.007594659327077942,-0.07959443998057425,0.009462323150262852,0.010553401419588049,0.0032510168576306434,2.5631994699085108,87.88000000000102
765.0197973385998,0.006159234526312769,0.007727971962784243,-0.07909926838448038,-0.0007620757691224611,0.010247376268688546,0.0032962683699483825,2.077969269544591,-3.2400000000016007
753.5730978285073,0.006951657137216975,0.007958768347181056,-0.07874517144717758,0.0007389129811246065,0.009438372752494706,0.0031001421348861814,1.9192429902693127,-8.279999999998836
774.318611486054,0.007775393887934266,0.008349867444580357,-0.07816832097060916,-0.0007355202168408681,-0.0007592286616412425,0.0029691480720641364,1.6231084287337163,-106.52000000000044
771.6083620657006,0.008647218387070433,0.008755573133161705,-0.0778959857762001,0.0023734425173875806,0.0023762985588346996,0.0030049256571297546,1.7521553167741002,33.02000000000044
757.8819099698967,0.009461024090817746,0.008972639079521462,-0.0781286040289894,-0.0011919651317036095,0.00044226118844870044,0.0029731156101091344,1.4437068171867236,-20.360000000000582
761.2586854746205,0.009392923602106217,0.00910386420910294,-0.07781225131506858,-0.00744776320457774,-0.006277893173242344,0.0038188467623092386,0.39885799332536226,-70.76000000000022
750.5253702363564,0.007956528519726265,0.009060374864487856,-0.07846953912163027,-0.00018446111072356608,-0.008813719916619278,0.003791038327127927,0.3179293545711648,-26.920000000000073
748.2291415287747,0.0053970793854721776,0.008866159314645796,-0.07832521776187064,-0.011883207883009006,-0.019423379392909168,0.0051694749546079,-1.339389698868933,-111.72999999999956
799.4306577160771,0.0023953925808139894,0.008714153277773574,-0.07803234294460455,-0.0022125113793901585,-0.014251293378228502,0.00515929425327252,-1.629955578700219,55.63999999999942
852.7112591472885,-0.0005550416998735506,0.008720351802878503,-0.07777905790316285,3.684384029178922e-05,-0.014033102061183467,0.005165104071455435,-1.6690226643227248,2.3100000000013097
832.7009351043799,-0.00400594930343174,0.008416216127700079,-0.07765818528401569,-0.0005012516748786888,-0.0026759101335342983,0.0051123435940511755,-1.665827641171177,119.13999999999942
829.5590567120036,-0.007365504551824256,0.007982766542520716,-0.07767883315149235,-0.002553106457361065,-0.00301634703019249,0.0039057349945866076,-1.8558064392993905,-3.4499999999989086
863.4288725599256,-0.009986507297450861,0.007622708163855548,-0.07714543287718341,-0.0035924451675583002,-0.006634555534225761,0.003907871514154305,-2.0636223244720555,-37.32000000000153
845.8375811067468,-0.012181752375911832,0.007023644852899236,-0.07701823664174143,0.003163262816289647,-0.002992527895501196,0.004133322632828413,-1.5457165016292393,37.57999999999993
864.8249932633058,-0.01266041687199564,0.006349491392614741,-0.07645092233601578,-0.0015450236229052061,-0.001984889168106796,0.00411629898150793,-1.5434081989100021,10.44000000000051
889.4116395983078,-0.012177375588699328,0.005734176416294353,-0.07615917116694139,0.003965980269491576,0.005585730668813849,0.004296361393293397,-1.0453094616484175,77.63999999999942
922.4960786715961,-0.011685055558858399,0.005203336229801781,-0.07605831411156264,0.0005483850303504845,0.002964538399869099,0.004354925244632478,-0.9202136347641595,-26.76000000000022
885.3817984681458,-0.011384513006604258,0.004624896257642371,-0.07570657864184022,-0.0016588043222036664,0.002850243805470054,0.003983296458121483,-1.004660397428544,-1.2199999999993452
901.7132745578356,-0.01056874838521066,0.004089792900858777,-0.07544468226234381,0.0009192024898143636,-0.0001931480018402265,0.00402562524449038,-0.8513263794371219,-31.23999999999978
926.2811664379632,-0.009295404498432951,0.003576434750616473,-0.07524789295911705,9.804882831643269e-05,-0.0006431504477315553,0.0022497717686414086,-0.7869020107028779,-4.639999999999418
884.4656723740706,-0.008616987037363093,0.0031430747527589043,-0.07464506197577343,-0.0008532323820618082,0.00016324103413190016,0.002176522527867338,-0.8070536464285848,8.309999999997672
872.8499894650001,-0.007192467610859361,0.0027227498110826663,-0.07436325290264491,0.004320323786263014,0.003561793575180605,0.002534355112128849,-0.36786109585291366,35.01000000000204
893.3116680996735,-0.0064022629061026995,0.0022706627447676656,-0.07410869898545329,-0.00014896959472543436,0.0033139196272566895,0.0025276184215527507,-0.34448770764056946,-2.5500000000010914
892.454640040097,-0.00569813203749851,0.0015555585245337004,-0.0736943683071799,-0.0006559508675384462,0.003512023945883014,0.002394067895238558,-0.3445021132817313,2.0100000000020373
923.9491023005904,-0.0042331385962799915,0.0009104301037625609,-0.07318586956636651,0.0012856556456546375,0.00047979817521914825,0.0020472474337749577,-0.14961204344473436,-31.19000000000233
935.239641676364,-0.0027469605559935733,0.00019580332191512578,-0.07291004296654334,0.0018012809108700623,0.002431275118177645,0.0019383647711517633,0.1271625527324177,20.17000000000189
916.2793022134742,-0.0013709853189168004,-0.0003444929221398191,-0.07224293539915283,-0.001138856530135901,0.0019468776381110775,0.0018992636092668954,0.08721682264257923,-5.0200000000022555
871.0385275898886,0.0005318587428045043,-0.0011570171339328043,-0.07231462316626211,0.004225337142868213,0.004888500421555975,0.0019407450228009502,0.8405826188706929,30.450000000002547
840.1924968462858,0.0013386366108897843,-0.0017826337864142053,-0.07155601282360992,-0.005666204826232701,-0.0026019976315645454,0.002681133071155739,0.1376672920302434,-77.52000000000226
906.7605596118708,0.0026569791590905453,-0.0021154314568576707,-0.07103395376236227,0.005409166165907475,0.003936433459877708,0.0029915012642831537,1.436214902578887,67.70000000000073
568.6875515647348,0.003955305394882302,-0.0022168977346622115,-0.07007216854848092,0.0018382689089055937,0.0015500519570488258,0.00300656741789332,2.173067181513666,-24.63000000000102
688.6196830615482,0.005737893013139217,-0.0016345005115690919,-0.06909179093120617,0.006889025305231611,0.014196400146695876,0.003452783207929575,2.9620958129471786,130.60000000000218
658.8195147828604,0.007400983278307931,-0.00075059651522259,-0.06801435556451062,0.00609482664855121,0.014888053273225621,0.0036117792075426513,3.0528623916661366,7.979999999999563
577.198707963997,0.0099656444354891,0.00018153801510030197,-0.06742352572388516,0.00854441483560775,0.021681552379552604,0.00403703580615266,3.127669217449864,71.0
683.5390794310509,0.012112315644765816,0.001416953522637811,-0.0664447641225621,0.0011603196991067932,0.015868684536428646,0.00397996361001864,2.6005075958617208,-59.3700000000008
669.1873823556264,0.01569387005519539,0.002673042129049522,-0.06633297496792391,0.00748731608082398,0.017274701514476076,0.0040889779226386674,2.6477645447580955,15.840000000000146
666.3504225282873,0.01808353354451509,0.0040260644200025624,-0.06578182261212473,-0.005182221410153454,0.003429243065350196,0.0047340343113363385,1.9457442197720085,-145.6900000000005
588.9290324236413,0.020109495013340695,0.005223954367400052,-0.0654311927969077,0.0013559518979111562,0.003625318624182139,0.004742789383056521,1.8109826756707328,2.1300000000010186
607.341152179984,0.021192444749677786,0.006479853303716065,-0.06489514229885085,-0.001593682914184491,-0.005420870210476991,0.0047769465868519115,1.5336432721617792,-96.75
634.6348277658483,0.021378119081029146,0.007606712421335285,-0.0643492892428734,0.0006101841706416256,0.0003701458187110873,0.004775466102721366,1.4291639529198779,62.100000000000364
649.2035991279931,0.020611645649757777,0.008694698004023628,-0.06368581318048179,0.0010716206013441365,8.60944381122497e-05,0.00411045272605586,1.3665496801053725,-3.030000000000655
643.7898265454684,0.019984262299625806,0.009717928972686456,-0.06389572188536574,0.003137497824430957,0.004825235192723598,0.004031268789562194,1.43260934455554,50.55999999999949
641.6532995561723,0.01757262899741058,0.010746143292294159,-0.0632227190972248,-0.008472639521509895,-0.004295849718324973,0.005154811385441542,0.8093819028300248,-97.34000000000015
655.7651534763536,0.016203045245388067,0.011801099767406335,-0.06306632386354234,0.004963516834187054,-0.00042482076119654266,0.005008483341177661,1.0455960565947766,41.31999999999971
621.0955818831106,0.014453951648929462,0.012928012812486542,-0.0623250416584684,-0.0031285338765362214,-0.006668600675908243,0.004963183836201768,0.769540105900833,-66.94999999999891
688.0789056934045,0.013356672302648812,0.014059790799704545,-0.06163887425924848,0.005667252016640312,0.007497017750499602,0.004613804423964633,1.065974433305309,151.1800000000003
709.935643210717,0.012849916618794779,0.015223731675904087,-0.06128055770337486,0.0047753110628661055,0.007308337514697172,0.0047698266994971265,1.2867751716788645,-1.6200000000008004
714.5531995617167,0.012170150873251864,0.016337761428743484,-0.06091746720793704,-0.0008698569475640294,0.009590661946304424,0.004306782762154162,1.1392680822316448,24.06000000000131
718.928467148905,0.010909481748350925,0.017351376200009438,-0.06061168550239078,-0.0010761759570945273,0.002820925835142374,0.003992406413022112,0.9883880663454234,-71.92000000000189
716.7349771729915,0.010703669417213351,0.018221160992491197,-0.06022324175943828,-0.0020587627310869605,-0.003999855023842036,0.004049983028057033,0.7710919033223642,-73.24999999999818
692.680907960152,0.009809928276078905,0.01915416664385081,-0.05968195146396126,-0.0003405692638571711,-0.0034722254518869677,0.004014058946271678,0.686164191578516,5.709999999999127
790.0877568704037,0.009507887924645035,0.01990639818111872,-0.05973809002758081,0.0020758468129591368,-0.0003277632208694703,0.004044659094899785,0.8000741322175806,33.81000000000131
684.2680454435736,0.0077982911033439755,0.020745248947502182,-0.05913457872894772,-0.008287117849019365,-0.006566921860348018,0.004759118342833095,-0.06290545900660245,-66.8600000000024
705.9125312837069,0.005233121749003123,0.02156405592811616,-0.05751064559310775,0.00134498359627222,-0.004891867422085694,0.004668646392204873,-0.03947946977407643,17.970000000001164
686.6609100456941,0.0047572625719285175,0.0226965708503281,-0.05687268647469611,0.017774584501500268,0.010697712543102922,0.006397097104192503,2.318009170729312,167.26000000000022
622.1285784339235,0.004636264899417826,0.023552413534505757,-0.05623887252747886,0.0004147163478418481,0.019566130082079747,0.006322847598725226,2.3348649714013994,93.47000000000116
681.9994980427646,0.005126648100985704,0.024161751514787815,-0.05581286720865085,0.0005545683256733547,0.01876133188385265,0.006172896417344763,2.2422243287567056,-8.30000000000291
656.985054681909,0.005675061419797719,0.024346132817292202,-0.0555996433561871,-0.0023441002972937053,-0.0013768582748353575,0.006133741002028896,1.6722667723216642,-214.95999999999913
712.1455832926853,0.005751486431849449,0.024381798851592487,-0.05493205142386834,-0.005142190045081985,-0.00692381318232882,0.006245487366685619,0.7960340668665643,-60.220000000001164
705.8872358983984,0.007283507622747149,0.02416696006139725,-0.05460511198073232,0.0027216740428919195,-0.004772904925833044,0.006277075917173239,1.1394500484481271,23.320000000001528
720.3939818740863,0.008629959604782992,0.024118849299118193,-0.05408649817659921,-0.0032573289902279035,-0.005683910353133315,0.006356982184478862,0.5840566332551638,-9.75
722.540834152214,0.007279577735816715,0.02400428870122491,-0.05364080350039996,0.00048077547785196906,-6.400664927030952e-05,0.006313878996308212,0.6037122062631791,60.900000000001455
699.7403753285759,0.0056787622925576,0.02388469545624637,-0.052924577451436104,-0.002558574471401065,-0.005329586001903808,0.0063729012217057625,0.1629616956429232,-56.92000000000007
703.6028609441242,0.004190406584447495,0.02385845414683656,-0.05216841920245902,0.0027818442576446056,0.0006970316290864087,0.006393860885943724,0.5433701562810339,65.11999999999898
696.63731826513,0.0034128155756229946,0.02387479751352406,-0.05143074587443456,0.0033538092539535658,0.003570686417847302,0.005817495637415543,0.9932592033642147,30.979999999999563
672.7791208994579,0.0037117343176542358,0.023812932382796026,-0.05130438406478435,0.002868386096045894,0.009030995567278488,0.005834123664598769,1.3224669748577558,58.60999999999876
672.7389279398681,0.0030520933264833335,0.023917375713129685,-0.05097538671409445,-0.0070698020824114804,-0.0008820444138578631,0.003438982104264843,0.15918963375531409,-106.60999999999876
669.8539539410417,0.002216159873653509,0.023755546851444813,-0.05077372841618721,-0.0027775044419647843,-0.006987473573964675,0.003476639886468382,-0.3508190352412735,-66.07999999999993
696.7905667944489,0.0010290356157876442,0.023623087077493547,-0.05015355218210049,-0.0046181744387163715,-0.014400458661475324,0.003602920115260936,-1.2253543057560963,-80.63999999999942
697.4231032456469,0.00038348107350075385,0.023351157770251037,-0.049606019038244964,0.0030095214224992173,-0.004395549309058722,0.003788140881177699,-0.7064637817693648,108.8799999999992
708.8056240666997,-0.0003945683865675789,0.02290556030365791,-0.04894406735211525,0.0003655042326695668,-0.001257640327898768,0.0035468773947346303,-0.6132410005801963,33.840000000000146
712.736452559605,-0.0011583872751056985,0.022594419505743882,-0.04823684321581622,0.002931354117830187,0.006317376385637896,0.003564083972326199,-0.09494982603697981,81.06000000000131
686.7551415379975,-0.0018867132604675047,0.022375608640284574,-0.047975146059107354,0.004615121539588207,0.007928271659156216,0.003706819729950807,0.6814205004175055,17.479999999999563
659.5638177080481,-0.0021107959055487097,0.022214488148973102,-0.04718637357793322,-0.00439410394507278,0.0031326808235381254,0.003942660503609378,-0.14075169813203864,-51.42000000000007
680.0614484437294,-0.0013704715326341716,0.0222416979805165,-0.04646094252414295,0.006151021515566901,0.006352994531740652,0.0042439723542043875,0.8983821822480885,34.74999999999818
710.5783728512303,0.0005160491240836072,0.02226744203073125,-0.04605835667557405,0.005062500923477042,0.006801147832457666,0.004398738269669801,1.631681531315037,5.1599999999998545
709.3033597799445,0.0018812327332834037,0.02260514721640605,-0.04537693411845668,-0.0017209600623331323,0.009504350314612608,0.004373873803126794,1.2847113269021795,28.770000000000437
709.901893590888,0.003252754587573807,0.022947093692484526,-0.04503799697285583,0.0038786053588080183,0.0072243605845241365,0.004435648059378603,1.9134616217319118,-24.05999999999767
689.8070617461684,0.0039597597801197554,0.022524169430659217,-0.044633356347233616,-0.0031585596967783625,-0.0010143832935480823,0.003949713519357293,1.251492679314702,-89.27000000000044
702.7905076331629,0.0046160150445154376,0.02210774056144235,-0.04399831614306869,-0.0008664124454352828,-0.00015923083224334,0.003830002112640515,1.0721216880158329,9.30999999999949
730.3044015284161,0.006235432924938479,0.0217269855727196,-0.0435194093050983,0.003367393905919114,-0.000668386072264604,0.003451951013436539,1.6255414321380601,-5.56000000000131
656.9801047585051,0.007022751684405701,0.02144968444664835,-0.04297621086619128,-2.1101730525385776e-05,0.0024769094644983003,0.0034505883144098945,1.503758729238961,34.220000000001164
676.6884407116999,0.007162163311475507,0.02146613737068899,-0.042147314651405296,0.0017156986425794774,0.0050676608671635925,0.003437525663183407,1.6155496061884633,28.11999999999898
687.4751538603516,0.008072062946643449,0.02153726610389234,-0.0415169147608175,0.00757003311030835,0.009277421698817845,0.0038532815210551396,2.376636548271572,46.07000000000153
689.8954243984878,0.008865982024617481,0.021799307961663114,-0.04126529423568311,0.002880725771996273,0.012206232481753343,0.0037717992313804514,2.3239228358763064,31.919999999998254
725.909657153464,0.009480821224101432,0.021953763605777155,-0.0406876436217402,-0.005576307581584672,0.004837860240610947,0.003956513867434591,1.4585732637705613,-80.21999999999753
720.4410307630958,0.010442308211735377,0.022256111407181575,-0.04029233843470043,0.002757301836590953,3.817938858441394e-05,0.0037161629317405184,1.610545889567618,-52.400000000001455
714.234749601235,0.010682050085794476,0.02246047101693268,-0.03977405682507752,-0.0018716276160972711,-0.00470070401789624,0.003619874421099171,1.2704623555870151,-52.279999999998836
706.6624212556026,0.011077767223830352,0.022589294107997173,-0.03926750059493262,0.0006930448712401116,0.0015741686848900205,0.003536415374867049,1.2355597742188755,69.12999999999738
713.4691147093865,0.011381883300999863,0.02262274986322825,-0.03868765918436108,0.00013651081984766833,-0.0010435301132977193,0.00341743131042088,1.1558682767371737,-28.75
716.9256590546782,0.010904204147281667,0.022906350494072063,-0.03851750104079038,0.0019372791101437414,0.002768536673548594,0.003213641171863834,1.2465524988840435,41.88000000000102
714.9331242001658,0.009003552486380921,0.02317660472617728,-0.037728689301462094,-0.008046550109754635,-0.0059891847027795375,0.00413991013675772,0.3410340057141359,-96.20999999999913
684.5983927769753,0.008472726730159263,0.023743400986240046,-0.03766449022477369,0.008086186738543777,0.00191180056853546,0.004635436615094001,1.1565130330401006,86.81999999999971
688.8003605787027,0.006591163157219463,0.023974794403289826,-0.037251071423554105,-0.008832357762711518,-0.008857562440229949,0.0054185644309765685,0.049573946368072455,-118.54000000000087
712.0748957474386,0.005035373533889981,0.024191864555963696,-0.03693997349264339,0.00014111092785018542,-0.0006765955615697372,0.005395447865738691,-0.02452428282211367,90.14000000000124
702.7755876981333,0.003161450949801899,0.02424102008166625,-0.03649136498295279,-0.0023454091364680796,-0.011017514860612199,0.004861873791579755,-0.4649832078627394,-113.92000000000007
714.6438321735725,0.0015222931254600877,0.024156656289989715,-0.03611113353434752,0.0014876934690257748,-0.0007202155148715583,0.004781003079821801,-0.3098738786264418,113.45000000000073
726.9207982526042,-0.0002481465993919025,0.024314492777372475,-0.035798054977031465,-0.00038054053261016296,-0.0012414177265290816,0.0045541037975933805,-0.5348447712824509,-5.690000000002328
694.0538028672962,-0.0013005936943429064,0.024168767801779373,-0.0352925548867902,-0.002574900998863372,-0.0014711635415920465,0.00446454078960658,-1.1133232174114782,-2.469999999999345
720.8643268757328,-0.0030882084065089518,0.023854533865147687,-0.034954169150457626,0.0017087697225870446,-0.0012507404493496965,0.004517701947917667,-0.7826331480710198,2.3799999999991996
671.1098659581018,-0.0036810421678359156,0.023546074923037827,-0.03449654822761741,-0.0026267226103801056,-0.00349496715556441,0.004528561231180139,-1.3087270595814036,-24.459999999997308
716.5122275954141,-0.004225731203076539,0.02309843510232459,-0.034274267466984476,0.0012068167194283497,0.00028326214992291376,0.004562158374571142,-1.0239630056348858,41.17999999999847
709.022932858185,-0.004856447755391662,0.02265791960452787,-0.033789088666294056,-0.005317936081791763,-0.006733444119024212,0.004638833026112593,-1.909025077351446,-76.42000000000007
708.5449116197118,-0.0055456424311875864,0.022194181364779283,-0.03362430451337502,0.0024005043185046926,-0.0017269169837130782,0.00425426751435388,-1.4283472051310762,54.57999999999993
698.8583198219617,-0.006798049739611752,0.021506502695302573,-0.03316813350558022,-0.005211844127869125,-0.008126769887094931,0.0034444828900299647,-2.072713402824574,-69.6299999999992
736.5578466659105,-0.0070921209663577945,0.02081472683725421,-0.03268956974581634,0.0038375937730870113,0.0010029061168954634,0.002966627533586259,-1.3488251615370253,99.23999999999978
727.638249567301,-0.007340848228056055,0.020071848753792258,-0.03238944167210525,0.002879196558261299,0.0014809309393768455,0.0031327765107675037,-0.8472758235290246,5.209999999999127
689.250161611649,-0.0074194954415710375,0.01897912341605132,-0.031999420456501435,-0.00231018756807877,0.004402109378838226,0.0031308156752415627,-1.1099608179452782,31.43000000000029
726.1691174479162,-0.007317563739899498,0.017818747592521236,-0.031474104597702016,0.00028425084213923313,0.0008467681988215681,0.003083472482331441,-0.9969656484227702,-38.31999999999971
714.0366003078892,-0.005902533326926861,0.016941458372777444,-0.031004616187958398,0.004007905094578934,0.001973189301870404,0.0033488762342512675,-0.2949400318879159,12.260000000000218
707.2311460557339,-0.005036979455216512,0.0159703728491344,-0.030441363238882625,0.00043374299992082754,0.004728900373771383,0.003261749838900468,-0.15803009959471415,29.80999999999949
678.2734230971213,-0.002987603886858093,0.015182669065439858,-0.02993701291044009,0.003151540314180412,0.007608930321130636,0.003351489231762784,0.4560039000867161,31.229999999999563
698.1594444310376,-0.0013955597843240137,0.014375861014829594,-0.029512301405887377,0.0016829883573465931,0.005275674920648843,0.0032470664897063938,0.8366332817730321,-25.05999999999949
637.8706605833246,-0.00021078122754991253,0.01357110452439468,-0.029124348734743472,-0.00022213223175249208,0.004616625362596993,0.003248473053710861,0.8789939757227481,-7.149999999999636
651.7973245837961,0.0011413206520509023,0.012708784210712783,-0.028636982306850852,-0.0016339032641492501,-0.00017580727127886053,0.002794288228904732,0.6962938359708137,-52.18000000000029
517.6120870556567,0.002756981133750112,0.01212846780374192,-0.02830588610697512,0.0022529267441637746,0.0003930734965167382,0.0027867983181639306,1.1717878431069757,6.219999999999345
471.9867743407137,0.0031670339945235305,0.011191510978261229,-0.0278510786841666,-0.0031826443086588885,-0.002569260309042698,0.002430043567113057,0.6390499090178191,-32.399999999999636
525.7700480100327,0.003825144899094682,0.010634193082715192,-0.027352645706123307,-5.225091439098328e-05,-0.0009890897901205786,0.0022607285838144027,0.6326702738029775,17.30000000000109
545.5556702006259,0.003794031006535149,0.010014680725486558,-0.02695968229824919,0.0011798322933025407,-0.0020587130713202173,0.002156312984191051,0.9349692808560224,-11.729999999999563
561.3308124724794,0.0032239220527290695,0.009526636718567188,-0.0264390347199848,-0.0030985605977364994,-0.00197453455435459,0.00225818978249345,0.11601148150279664,0.9899999999997817
494.23101337399646,0.002723420446774564,0.009013199985932365,-0.025943487176802248,0.001433772741968653,-0.0004913676062239247,0.002277121299767188,0.4981475702070915,16.179999999998472
525.67984920506,0.002622513678368509,0.00857401245722023,-0.025391097185504186,0.001011650953822718,-0.0006592682122844584,0.0020050616331499333,0.7474220574774906,-1.8400000000001455
451.87616581479347,0.002449348869088221,0.008254376565434821,-0.024938705448336766,0.002611324903793344,0.0050645886606119905,0.0021188665847942166,1.3122449178658757,62.340000000000146
518.4977940881339,0.002548034129960361,0.007934965877949372,-0.02439615203722227,-0.0008681745487777448,0.002754295389238104,0.001960993823003137,1.0273277689524747,-25.109999999998763
495.42540113299907,0.002985749719520349,0.007784322251097914,-0.02383743061433785,0.0026607518521906126,0.004406267179769108,0.0020513027634098445,1.5173325775764561,18.05999999999949
643.3795032071702,0.0033980003304746303,0.007648243700185494,-0.023323916339432104,0.0024119488163298897,0.004206534155814623,0.0021438612619383056,1.8334176699929596,-2.0599999999994907
625.8979161045512,0.004318368617108905,0.007642569862698787,-0.02284188082019574,0.0001346858952016028,0.005214488246592985,0.0020505461814160604,1.6991484783643584,10.979999999999563
622.6962989116255,0.004706537065269173,0.007596568085557582,-0.02232462392522581,-0.0012147395680258688,0.00132912610642677,0.0020316560976849727,1.3161598933234469,-42.44000000000051
668.5812940895889,0.005093888997646317,0.007667162685455586,-0.02195342864969101,0.0005457033378095666,-0.0005351034214768902,0.0017197450868404699,1.4061156950649274,-20.450000000000728
650.8566095803482,0.004415780745185945,0.00760726698566348,-0.02149986445719926,-0.004992419862237196,-0.0056587755607138135,0.002354552522130478,0.15406924855326878,-56.30999999999949
715.3563550747097,0.0039562596254677255,0.007409057455892022,-0.021126394709062916,-0.00031936836441304184,-0.004767388258359095,0.002334708220397991,0.010637052989888929,9.860000000000582
686.0386616748394,0.002870025473878523,0.0073057519862799025,-0.020719336451214238,-0.0035910669121126393,-0.00888219145652458,0.002398104239507652,-1.100953360361348,-45.219999999999345
674.2353515493869,0.0010894015955471952,0.007111636972774333,-0.020360020512796194,-0.0023674564312684554,-0.006267489764655743,0.0024400729919968264,-1.918434732572658,29.05999999999949
669.0747679651985,-0.0010406412303243058,0.006900154004564942,-0.019835367688607115,-0.0032193514701182036,-0.009150217908100444,0.0025322997183017198,-2.500605641949817,-31.469999999999345
656.5689825660257,-0.002414720864495612,0.0066054241122688725,-0.019443512953128687,0.004015938110023987,-0.0015856537836125284,0.0027236980041880263,-1.3622240830499661,82.69999999999891
598.2641003937306,-0.004050085612041123,0.0062724431238651585,-0.018939417814721023,-0.001831090630704857,-0.001048867655739305,0.0027474593732809407,-1.6593496941117378,5.8700000000008
662.5309596663543,-0.004435341735786558,0.005979137500816229,-0.01842614243243442,0.0037011635388839448,0.00588671673270591,0.0028748025971766134,-0.6888773713127745,75.10999999999876
738.5931914478965,-0.0042804079344127555,0.005666452993056232,-0.018042399941665482,0.004123771937961429,0.005994751486956051,0.003071454522650935,0.33409464708851544,1.430000000000291
744.6531155547801,-0.0039045130224399224,0.005464032552292272,-0.017576547731474223,-0.002477821712084216,0.0053429499056962815,0.0031209201686913297,-0.2684738780123149,-7.190000000000509
747.9195437590396,-0.003033715444493251,0.0052346368609311154,-0.017123497475464856,0.0020044196260740055,0.003643430574141071,0.0032038618835667208,0.24411451486982996,-18.289999999999054
700.968413131173,-0.0015358630278877686,0.005087471869904076,-0.01665721872934704,0.0008409774738831199,0.0003622064961186222,0.0032126332078227407,0.42585383339237814,-35.70999999999913
688.85395174981,-0.0005933893352811716,0.005039100577331926,-0.016172823284281632,0.0013760691966224758,0.004227069751235657,0.0028838973093137663,0.7192108120518377,42.13999999999942
724.0505811842871,0.0007722463862482684,0.004881489782393831,-0.015767608346875614,0.0016435354273192093,0.003865385037738811,0.0029080690000247954,1.0513386533749833,-3.860000000000582
707.5249458809566,0.0014993823333645585,0.004883612682916415,-0.015343216746922027,-0.0015943482224247685,0.0014227001129198946,0.002712519916351549,0.6108919476143427,-26.68000000000029
723.0347872386968,0.0014695814813650227,0.004826353079095726,-0.014940656611217339,-0.0004583424256175972,-0.0004117969320672765,0.0025806822226999903,0.45951218888353235,-20.06999999999971
718.0157906219417,0.0016587464576090151,0.004736924444261135,-0.014496963386014357,-0.001886277128364533,-0.003934366453965388,0.002421488418020169,-0.007863956386500932,-38.649999999999636
759.9306729605098,0.0017045995810998568,0.004440719050682782,-0.014139372859605275,0.0010368963030482625,-0.0013092889209870284,0.0022033748039066757,0.24681795722433347,28.81999999999971
780.6460235311059,0.0013501311358705738,0.004214670032828838,-0.01367523221164701,-0.003805024057954909,-0.004653121400430615,0.0024557091857324775,-0.634873457335916,-36.600000000000364
684.7099761433408,0.0010497804895808099,0.003896547305089458,-0.013256209062850619,0.0028761396955916396,9.609365562224248e-05,0.00236396984634758,0.08498293547654744,51.98999999999978
658.2919213610227,0.0006443021160482466,0.003611239502082306,-0.012753388436923783,0.00019399902451433526,-0.0007460114443275101,0.0020366496623027263,0.1956310808241583,-9.209999999999127
722.7634596248822,0.000983716238203622,0.003492202765691184,-0.012165429204586884,0.004116190195617264,0.007199526455621275,0.0021967304365149735,1.2893390281290724,86.61000000000058
681.0443962213974,0.00230119182859628,0.003518821060990904,-0.011665816482870659,0.008996810933940669,0.013346583832743564,0.0032827199906468024,2.907023464088104,67.39999999999964
707.6914645898872,0.004041036453443445,0.003702117669216821,-0.011190281983100667,0.0019776516335041627,0.015153691533676517,0.00329059794689828,2.7219207418409255,19.779999999998836
714.1555170896426,0.0056569376711493174,0.004019340971557411,-0.010778407311466627,-4.326023555190073e-05,0.01094851936218677,0.003309388077490043,2.274298080626549,-45.469999999999345
711.9538202582476,0.007361100747737885,0.004370964116716835,-0.010328493496481109,-0.0026155548906009463,-0.0006863083294352812,0.0034689158479709434,1.659608142326627,-127.76000000000022
724.4805441639166,0.008729095648583426,0.004819829490323011,-0.00992382257939045,0.0010184219610451795,-0.0016429876960679657,0.0033906780147795568,1.6207887991679715,-10.6299999999992
730.0003517840702,0.009841789081024762,0.005229103230841972,-0.009599683658845367,-0.0010083584520208522,-0.002606541951625796,0.0034150855492853377,1.35225801062499,-10.69000000000051
755.159347710255,0.009980084285984916,0.005770983970573979,-0.00925259607706586,-0.0031401813081950447,-0.0031311731100455154,0.003525641772422702,0.8485717836904138,-5.729999999999563
720.0027553048413,0.008659136439152643,0.006145963657831709,-0.00888666646911829,-0.00024203439426584428,-0.004386404403195376,0.0035371515855587513,0.7450320568848298,-13.94000000000051
722.7743517641564,0.0073073990209449775,0.00665794552041196,-0.00849155449099224,0.0010218681599662993,-0.0023630429124977814,0.0032411156188873287,0.8369143702068742,22.44000000000051
663.0887102086234,0.006124494246078806,0.0069600843537899765,-0.0081411777782983,0.002335125891183898,0.0031165327621200944,0.0032177808780758385,1.121781557081049,60.530000000000655
692.9648960013402,0.0052492241447023285,0.007108885343069298,-0.007763579166464616,-0.0023477593718344014,0.0010037338536670326,0.0033598353365374193,0.6756382338251121,-23.31000000000131
721.954385870258,0.004366219001245568,0.0074140063794958955,-0.0073733095294326225,-0.00010326189844278577,-0.00012137582211735332,0.0032028156554857854,0.5956096900333718,-12.409999999999854
666.9020165290634,0.003642849968594926,0.007548777516479413,-0.007060021473153644,0.0011468689842599744,-0.0013067205741619237,0.0018022429425869387,0.7231199947053834,-13.1200000000008
711.4441170836432,0.0028814311391065516,0.0074341985587391465,-0.00674622671253208,-0.005715107845967182,-0.004677582838234717,0.002276037647185438,-0.30536770994205176,-37.17999999999847
736.6116488525628,0.0017044776875750518,0.007186767607644274,-0.006415610123022941,-0.004574886810911671,-0.009128750990827772,0.0025023482911451997,-1.0910024131407379,-49.13000000000102
727.2392173795837,0.0003522143241386529,0.006833182643402003,-0.006128268694058666,-0.0006820272116057069,-0.010938875672877879,0.0024638427681074487,-1.155812967911399,-20.11999999999898
729.4571152535067,-0.0012242837652054275,0.006604003319218944,-0.005826769220277046,0.0004610942571807719,-0.0047951220622028945,0.0024268115349328906,-1.0554487120704308,68.19999999999891
712.1348963049144,-0.002401421522792535,0.006388164896702301,-0.005549094081336484,0.0011759800138264609,0.0009544723980112746,0.0025123282310642895,-0.859253751035278,63.13000000000102
735.6405621091865,-0.003658861843013238,0.006275918270288596,-0.005267181091986498,-0.000707864696458449,0.0009285926012669865,0.002410209579510522,-0.9971015122055744,-0.2900000000008731
776.0007789179776,-0.005138329538570957,0.006220326641516962,-0.0049710459713678086,0.0001581255992548769,0.0006254823712732449,0.002419660218138908,-0.9758121789955981,-3.3099999999994907
713.186815778906,-0.005517950238456536,0.006212730812149554,-0.0047067947677718915,0.002163145196666161,0.0016121047603214755,0.0025121245730999305,-0.6920183116130324,10.80999999999949
703.0744701567015,-0.005743102843777153,0.00618291630310409,-0.0043626714671044335,-0.003107767869437228,-0.0007933700586892911,0.002432465591033414,-1.2612871603761082,-26.329999999999927
695.0601772710411,-0.00550733659810052,0.006231232683920439,-0.004014013646262569,0.0021368479114964867,0.001183469805527082,0.002550096531257723,-0.910623629666689,21.63000000000102
692.8166763482377,-0.00524095483799352,0.006049941814177149,-0.003624464724550198,0.0009328775438484094,-4.559518587787803e-05,0.0025870995963613503,-0.7281460804881024,-13.450000000000728
695.6158505671774,-0.005227873068914874,0.005276712178270311,-0.003302883561525665,-0.0022643601746192843,0.0008004032202737488,0.0025709329407063272,-1.0542600238603055,9.25
713.1300665006946,-0.005869836906899295,0.004366752735767682,-0.0029091457202578865,-0.010385037940760733,-0.01170478350760129,0.00354547094488155,-2.494809513122974,-136.97999999999956
547.9035913201077,-0.006228787479580378,0.0034311545250341547,-0.002526179706628298,0.001559048020156828,-0.01108651898624513,0.003459657049377795,-1.9968065061408662,6.6599999999998545
665.065952939304,-0.007021930345109394,0.002576973832663534,-0.0021393867013157516,-0.0010143858354850765,-0.009847597146079634,0.0034607138858893305,-1.9076106366874641,13.829999999999927
671.483073588168,-0.007690679928607526,0.0017623173179463698,-0.001707419043228162,-0.0020280624019199944,-0.0014860830950428339,0.0034567062216783536,-1.9638354256656423,91.64999999999964
698.9032258409101,-0.008262983600078802,0.0010764320012449683,-0.0012870231527460653,0.003142161292679635,9.221689413507761e-05,0.003609769030197907,-1.396343822092232,17.090000000000146
709.8790922323826,-0.008794703156685913,0.0006272690466961856,-0.0008587831318148623,0.002153988012909336,0.003264100433859607,0.003708487640928294,-1.003587866220053,34.36000000000058
711.1571268035378,-0.009037807077120057,0.00016371821474391325,-0.00046035369734310534,0.0009642669179157348,0.0062722978291613884,0.003729645794424896,-0.7950017452973763,32.44999999999891
688.3474016939124,-0.008011005648064342,-0.0004983490123475622,-7.605441560921482e-05,-0.0018384313033374955,0.0012761641309360083,0.0036499819874610045,-0.9807369290741107,-53.969999999999345
675.7108691838059,-0.007506172683077481,-0.0011277475852034004,0.00032789563206064815,-0.0032443612761583474,-0.0041174565435815325,0.003657995222239827,-1.3728902241162528,-58.590000000000146
698.72607659904,-0.0063818657688204964,-0.0015056645605327316,0.0007459907683863247,0.0032308998568868486,-0.0018623309102808738,0.003750946560327671,-0.8152906395671241,24.48999999999978
682.6843097989725,-0.004484986002914194,-0.0018989667583913495,0.001162075555389731,0.005621361172455375,0.0055972829510335664,0.004161871728728741,0.18070095055074764,81.04000000000087
684.4926451784148,-0.0031400308030457205,-0.002230654322933208,0.0015921313970368653,-0.0006383006002040892,0.008226460487766873,0.0041198480885601685,0.18542284072715162,28.2599999999984
704.912790392406,-0.0017077136703680569,-0.0023106413644716165,0.0019919360133859487,0.0032888436814157984,0.008284692841973973,0.002692338610079109,0.9205357729666988,0.9200000000018917
704.9369553524465,-0.000628988346897894,-0.0023524270256050726,0.002390182188991124,0.00023382113048864284,0.002882884202930036,0.0026915076686344795,0.950775301002458,-58.48000000000138
706.0759809143219,0.00032579268320587657,-0.0021832986639035517,0.0027945192388926453,-0.0019587073444677916,0.001557825092896703,0.002762957654829212,0.5399674330300499,-14.479999999999563
702.3482709972458,0.0020212835687278656,-0.002192283476478392,0.003193786878786733,0.0030376087065917545,0.001307023584879774,0.0026868639554950566,1.1325341978719903,-2.6900000000005093
730.9014865367975,0.0030846027990069093,-0.002179151203210504,0.003575905985766129,-0.0019629931997610095,-0.0008921478207668532,0.002748984890725446,0.7365419100965841,-24.079999999999927
709.1927341004365,0.0035902243294040513,-0.0022206768226295964,0.0039722060579448285,0.0019769077433913207,0.003047673072788193,0.0027411725883786076,1.1092506590931637,43.07999999999993
700.8104243615035,0.0039951253934577225,-0.002471490205572779,0.004340661615452772,-0.0017130410035245403,-0.0017030243048112848,0.0028276015091374686,0.7578879109603519,-51.97999999999956
686.8773239393443,0.0032496476294569354,-0.0028968347281228364,0.00471304989627852,-0.00684747509635264,-0.006588778512301552,0.0034954898588526887,-0.5727616377321042,-53.42000000000007
717.0174196764666,0.002226692429756542,-0.0035841875427355804,0.005054817395097067,-0.003014930206711841,-0.011537942307552007,0.0034761957079930236,-1.0991280441585203,-54.399999999999636
685.1623094769293,0.00021942154174930357,-0.004557649353070306,0.005335072112334572,-0.011023885084349372,-0.020757151289543807,0.004573208816986154,-2.6648498644276555,-100.68000000000029
693.826713963305,-0.0029316646425668513,-0.005776277243542237,0.005539616246562182,-0.0072184312602116,-0.021122911997527027,0.004358931054111011,-2.961137761272346,-2.4200000000000728
710.4164080058035,-0.006386690622221273,-0.0067668925564525395,0.005682962273311961,-0.005764287359076636,-0.023822333287500386,0.004447232043901279,-2.8640477233765482,-28.55999999999949
690.6004425526722,-0.009917966564323687,-0.007481963102403007,0.0057837850668627,0.0025958753374828447,-0.010378827676749358,0.004367880544020439,-2.2011192263912704,146.92000000000007
712.9735512143767,-0.013900376303986148,-0.008818285940312927,0.005890359873674163,-0.0022186015550011984,-0.005394914306391607,0.004277723261441713,-2.0771072529840025,53.82999999999993
641.2640395523053,-0.018659876873294665,-0.010093085555509704,0.00586563432340019,-0.015426775969193729,-0.015060992671804163,0.005590176870367576,-2.682934429062406,-101.92000000000007
694.1272595860363,-0.022930192746291496,-0.011295966271620762,0.005848557210729524,-0.0010787983491697961,-0.01867095112287831,0.00523651858689676,-2.3050057000721167,-38.70000000000073
690.1589799292888,-0.025819437624511523,-0.01252923567108619,0.005806723905846696,-0.0015104114622166431,-0.017974438328332787,0.005256535364802971,-2.058054128529985,7.81000000000131
696.5602877942949,-0.027311694327511044,-0.013633850104197577,0.005783903511896524,0.0012913730124208822,-0.0012995489010462213,0.005185716522392983,-1.7570217631965763,176.66999999999825
700.9631563034088,-0.027136887348868245,-0.01474902651811942,0.005791406350786121,0.0059122806680338424,0.005689985164915257,0.005946578001766147,-1.3255360871621755,72.76000000000022
677.5356868598435,-0.027165666982872358,-0.01577136370419041,0.005803399722056082,0.0022432449474441007,0.009470710274402272,0.0060854755161878875,-1.1162228539413381,39.19999999999891
638.0543419942652,-0.026996039987642016,-0.01671727968750325,0.005807044010579944,0.00011534289249470753,0.00828507341338125,0.0061484759098355,-1.025596727494241,-12.209999999997308
627.9871585718417,-0.024907479617157106,-0.017780584131146415,0.0058526826151075895,-0.0013029384263897326,0.0010528347240561509,0.005560557777817514,-1.0015547657934023,-75.19000000000051
640.2975709159068,-0.022595731239318836,-0.019150473443667274,0.005867603241589797,-0.000787364000763513,-0.0019741746310456554,0.005301408005107442,-0.9553646160427207,-31.729999999999563
665.6484701216065,-0.020078031045871293,-0.020516483616470273,0.005898703086654577,-0.0021261252656462615,-0.004210959742347975,0.0051257331159187975,-0.9707058214026343,-23.470000000001164
627.264809850931,-0.017862073874914685,-0.02196383545711919,0.005891543379789707,-0.0011572157523003224,-0.004065661385760699,0.0049976532411111245,-0.9455578486683229,1.5799999999999272
606.7790881810416,-0.016209609093859437,-0.023329844440604368,0.0058611092868322695,0.0009898997642638907,-0.0022942286109983723,0.00503191946638316,-0.8278535565201602,18.579999999999927
644.3027762722675,-0.01469256289995791,-0.02466809178553024,0.0058414954416588375,0.0016466058379835946,0.001477866932631633,0.0022459343937035565,-0.6817521703595482,39.460000000000946
671.013140033145,-0.013267725251940633,-0.026216266426795847,0.005835169321154998,0.0002838593013618773,0.0029227437376622145,0.0022009596257056992,-0.6055726780135225,15.05999999999949
700.520756994568,-0.011688443152035396,-0.027428421824492615,0.005828858850482903,-0.001352009860594805,0.0005763120432942248,0.002188464586604011,-0.6199955705733757,-24.479999999999563
692.7582996101897,-0.009652920132898524,-0.029184407977562124,0.005857752160788573,0.0036252302246033707,0.002552822201811411,0.002363829220541084,-0.3346335703947735,20.68999999999869
683.1338785451795,-0.007900218470008845,-0.030719723429643433,0.005835836234945435,-0.0056541501900923,-0.0033986565894953413,0.002391792130990677,-0.6894626396627225,-62.279999999998836
699.5976354255181,-0.006039359438045623,-0.031831309742020676,0.005866396247131203,-0.00037007458057425335,-0.0024187337048819924,0.0022552813799802786,-0.6961262971600277,10.289999999999054
693.0922300422156,-0.004405238170455988,-0.03276172495854268,0.0058971312319482825,0.0018587307113531182,-0.004174595124332159,0.002353078413794211,-0.48477873528533466,-18.5099999999984
704.6931129512053,-0.002999234638272311,-0.03333966526250081,0.005829577414349396,0.0013584342107153535,0.0028484237794970113,0.0023815910166132947,-0.2242758791328383,73.5
684.5871288719512,-0.0021829555134439977,-0.03361775139114983,0.005764198164183656,-0.000822176588234913,0.0023948661435750918,0.0023824718443271687,-0.2808714632863673,-4.739999999999782
654.4059659024022,-0.001551185346301748,-0.03321562338599839,0.00567482707829722,-0.0008075442235710995,-0.0002728356237166052,0.0023120729730829468,-0.36872790180441334,-27.820000000001528
659.6154898587494,-0.0010244014316724724,-0.03330249471351145,0.005644213902158879,0.006223307478693929,0.004584112489053549,0.0028942906254131977,1.290398916033694,50.79999999999927
631.6688662745104,0.00011432497873177791,-0.03348234055973549,0.005632413836849801,-0.002815952432387192,0.0025795488468574046,0.003049832935315508,0.8676134351005662,-20.98999999999978
648.4690538847838,0.000794068200362692,-0.03268184237368796,0.005586325911725238,-0.004160940601618646,-0.0007852149765393834,0.0032638546204843905,-0.6363953005974246,-35.159999999999854
691.9884569074379,0.0009236350983957694,-0.03212439537001938,0.005580706093526462,0.0033493694177177957,-0.003639135553041073,0.0034229200446230543,0.5028960142021343,-30.039999999999054
646.5730577501171,0.0006193023190000078,-0.031166630490214564,0.005553332717289569,-0.0019561116550060875,-0.0027800045808519247,0.003449528905274208,-0.37415153809577295,9.110000000000582
644.8790986618066,0.0008374402538499866,-0.030535926551131107,0.005568550249486592,0.0045763962458620355,0.005969448384252729,0.0035502203408924187,1.5532799913243296,91.42000000000007
637.166465963667,0.0010697364163494423,-0.030065178725070182,0.00555836049796156,-0.0015194687289525888,0.0010878960815683403,0.0031191844744206014,0.8079126777311073,-50.900000000001455
645.5584285997398,0.0007386872379289022,-0.02977987043267458,0.0055316028051814025,0.0008710884503022598,0.0039237190731984395,0.003111553098976785,1.2083413294993266,29.610000000000582
662.4744711800348,0.0008400828473319647,-0.029266121007751108,0.0054794217831025446,-0.000597696722772656,-0.0012470122672093575,0.003095728054617986,0.9635473413109568,-54.090000000000146
656.7653907226468,0.0018354783369065168,-0.02881025856818145,0.005488035906772842,0.0029273178176270065,0.0032009876788212654,0.003176196185376443,2.0558615285952127,46.64000000000124
666.7492341066601,0.0022998777140683475,-0.028258730599108724,0.005516718933849103,-6.562247674446464e-05,0.002262096209153741,0.0031563338312039627,1.8054432092707582,-9.820000000001528
652.92224580488,0.003051856560198918,-0.027635570716599608,0.005573885008376593,0.00040897850485066556,0.0032716520412054972,0.0031298746201570415,1.7419161125124982,10.569999999999709
668.3620727823968,0.0029936443992516697,-0.026925537190754873,0.005604924968467315,-0.0007710371447856579,-0.0004279726744202961,0.0025934548531328476,1.3342342789603236,-38.79999999999927
641.691727617096,0.00318295427212751,-0.026445332509074954,0.005642300670560475,0.00079351562626373,0.00043085409929632945,0.0024393050122162533,1.4698712932902058,9.030000000000655
647.3823063545346,0.0029536979890546168,-0.025982632200493946,0.0056480956091017375,-0.003365489284149148,-0.003343696224675119,0.0023140181345237282,0.2515931489253138,-39.70000000000073
642.5198556761733,0.002772253297047608,-0.025601774181730857,0.005623502847590614,-0.0009243422527430711,-0.0034966066265215145,0.002139000853423546,-0.08579324475524391,-1.5799999999999272
623.7763822230586,0.001981821377388817,-0.025078347907778846,0.0056155730951552565,-0.0019726088085672,-0.006250873458553574,0.002140399266268476,-0.7861419115929433,-29.0
651.5224100707018,0.0011775728718268624,-0.024932047617123563,0.005576558498137106,0.00035779955188952606,-0.00253836401914298,0.0016053833153241632,-0.610703775573231,39.14000000000124
655.27452658092,7.382837768328761e-05,-0.024498737651454317,0.005492325995064727,-0.0037593769246365705,-0.0053688186498420665,0.0018663465358828757,-1.8570719515235403,-29.62000000000262
638.2612270385815,-0.0012092219508918224,-0.023754403409724026,0.005406402325515241,-0.0005606107585426345,-0.003961625519718237,0.0018152250313205412,-1.9535805925104979,14.820000000001528
626.6750262650208,-0.002030717911031409,-0.023220661718445338,0.005328853239805809,0.005633264402283178,0.001291060505789643,0.0025620566734555444,-0.1425133980371075,54.909999999999854
609.131818493923,-0.0023222282875702306,-0.022672360177236887,0.005255307508186238,-0.00019293181865942532,0.004875585689450457,0.0023776814053943635,-0.21858737779846113,37.29000000000087
614.7897923251624,-0.0022182996633407955,-0.022218835109400835,0.0052025546051268955,0.0019850974398165633,0.007435140620302594,0.002473184914526703,0.4025932419448696,26.61999999999898
604.3000462756473,-0.0020954184474974566,-0.021500632914362675,0.005113044052270694,-0.0021441959884752615,-0.00035625528891058966,0.0025255534947377463,-0.36671988261015476,-81.13999999999942
634.0311229790557,-0.0016816134714925555,-0.02121890393790488,0.005042085780532608,0.0035342036194296877,0.0033702713030188125,0.002764138614951552,0.8739484444719866,39.01000000000022
606.3444881951596,-0.0008052934265447666,-0.02064771784672483,0.00494933219684059,-0.0030123923193517976,-0.0016341271339470609,0.0028745325904881865,-0.1741697943524104,-52.42000000000189
630.9117131417113,7.572860552354628e-05,-0.019984590084758863,0.004812247880233371,0.0003208666455303266,0.0008321955535341985,0.0027178351049753483,-0.12349871796848352,25.850000000000364
645.630741422462,-0.00019343561623176635,-0.01931898926926366,0.004651252879515506,-0.0017813842482100606,-0.004469080134967385,0.002753602521234613,-0.7489157267908955,-55.649999999999636
646.4976323784258,-9.270987546442654e-05,-0.018790788061973613,0.004538830953787386,0.002027478065939059,0.0005634265501870406,0.0027527378387867036,-0.05695878428376561,52.840000000001965
670.7765893681965,-0.0006668062524778219,-0.019123642337470728,0.004397106437166528,-0.003022656081484776,-0.002780906921241,0.0029040089491300944,-1.083431030103426,-35.030000000000655
650.2695953327734,-0.0023540061164117705,-0.019044338795944245,0.004195712068716351,-0.015246216925923872,-0.016232257176029052,0.005206835101788179,-3.7740003183870043,-140.60000000000036
679.295932875105,-0.004452738001861721,-0.019212643585739164,0.003991918939001549,0.0014339029087329092,-0.01681501573842714,0.0052550798119529295,-2.7109501704479184,-6.450000000000728
659.2112006649553,-0.006415919152295501,-0.01928070973205765,0.0037758849073210505,-0.0030685268741215133,-0.016860251946463123,0.004861437042998962,-2.5908740388082485,0.05999999999949068
668.3377459189597,-0.008391708078856874,-0.019557494304584692,0.0035467926173030095,0.0004031256846563913,-0.0012365589829886892,0.004880099042879685,-2.1605447352408205,163.39999999999964
660.9937075006399,-0.010202748241844755,-0.01994428832019512,0.00335476766211851,-0.001871735048749712,-0.004533382000046715,0.004751601375205155,-2.075592872183569,-33.97999999999956
687.3934942519671,-0.012700064181362058,-0.019912101466947704,0.003114035519648935,-0.0034959715875514386,-0.0049601986416417665,0.004774687106568421,-2.1426800051024966,-4.239999999999782
669.4443494472248,-0.013782032174658697,-0.020002803376262784,0.002971992714371161,0.00788741546227012,0.0024839666377585168,0.005361209631368484,-1.1732129447174404,76.46000000000095
659.5653477263593,-0.012779368856530209,-0.02010231761675089,0.0028305652172385767,5.631390535953962e-05,0.004420429346267962,0.005361882888400051,-1.0748477527308995,19.80999999999949
668.1070636927133,-0.011921477186441529,-0.020161595638345832,0.0027031529725953614,0.00024563130643828757,0.008191756182960752,0.0053597783866689945,-0.9640463460544183,38.38000000000102
655.8399182628742,-0.0108348252050777,-0.0203140757043286,0.002556318621171918,-0.0006066476939622367,-0.000304871832464082,0.005362296767822191,-0.9480697087876888,-86.85000000000036
648.8728770103462,-0.010046779683163913,-0.020182092610799476,0.002416475651426905,-0.001866695414941666,-0.0022271866283365416,0.005261384643350866,-1.0581768639199687,-19.80000000000109
661.3304133446857,-0.008664825292223137,-0.020168528864360703,0.002296929015445544,0.003467921241990801,0.000987137127615334,0.00543223740318496,-0.628483615658896,33.11000000000058
640.9468810945156,-0.006891182149223861,-0.019886105018973633,0.0021733739529120415,-0.0007718645668589597,0.0008216567747347803,0.00310183866876709,-0.6594683213854867,-1.7100000000009459
650.2973527325902,-0.006187904023098891,-0.019819698623010605,0.0020547436256881787,0.0017690905050398165,0.004467235247468837,0.0031159180798270266,-0.4312223425069125,37.45000000000073
643.5265715576276,-0.005955197143073838,-0.019749941795682877,0.0019284444132946557,-0.003931043034168469,-0.0029390973645092577,0.003206278455815751,-0.7839398445814432,-76.22000000000116
677.2948970309754,-0.0051757852646766266,-0.019270603274270475,0.0018618991972211875,0.003047932482557636,0.0008724149007299786,0.0033174502018499647,-0.39576260177447,39.30000000000109
653.793465888764,-0.0033876018117439365,-0.019144427863867806,0.0018009507991282772,0.008924035168688116,0.008020955229895321,0.004049814845660828,0.6732984361877283,73.81000000000131
648.5042564656549,-0.0014407760359688548,-0.01893385920065227,0.0017682947750917743,-0.0013357986346023143,0.010647340401735983,0.0038645575381763726,0.5708630132466573,26.68000000000029
630.4903077587896,-0.00017280888473478778,-0.018719332215232434,0.0017155377861807865,-0.0010373503877073587,0.0065311061382313795,0.003325216408414811,0.54631888593055,-42.1200000000008
650.0317387027678,0.0015917151014533247,-0.018527021514471137,0.0016459693386496699,0.0023995576568140997,2.2103142874652093e-05,0.003354990131940155,0.9464928104635845,-67.13000000000102
631.7729410312477,0.002830232366286194,-0.017283831109604512,0.0016487190935100182,-0.0015366149688784692,-0.00017898624500334304,0.003423350784961844,0.8360797719538888,-2.0900000000001455
618.4183055535614,0.006965177041138339,-0.016391084090096097,0.0016986609617696867,0.024277189605389715,0.025157305405603347,0.007573762087726029,3.3313366390138293,263.02000000000044
603.874877385131,0.01068139566661564,-0.015536801198219114,0.001725254978661295,5.4499804552410325e-05,0.022759007071888382,0.007486319279489643,2.7783416507024805,-24.329999999999927
585.4597214954312,0.013345848643404651,-0.014745614165227811,0.001744283894026934,0.001157587932521631,0.025518768046198126,0.007501312247466914,2.4480756369366787,28.30999999999949
595.5508265629377,0.015812859456289425,-0.013177787305063084,0.001744183502835571,-0.003185317133327037,-0.0019770273927293136,0.007635518261567259,1.8954730905577606,-286.1799999999985
637.3013753728337,0.017969454666484103,-0.011684855288307166,0.0017339188885406131,0.0022031408880351933,0.00016724890583508234,0.007632508519606719,1.8210840696042097,22.81999999999971
639.9720081869841,0.01986353034162508,-0.0100529239259382,0.0017213817383675064,-0.00022170865978998755,-0.0012106832946352508,0.007416616680663783,1.6159903798205788,-14.680000000000291
632.5150941981442,0.021864295384215506,-0.008138977654348772,0.0017492875024340629,0.00018323210151249825,0.0021645388468345406,0.007457260461693702,1.4727140109644994,35.88999999999942
656.8048526504728,0.02118319649041131,-0.006300873834486972,0.0017829736072073523,0.008378279606057415,0.008339439715912444,0.007417120358963436,1.8122685860882461,65.78000000000065
657.6302680477917,0.02053427478842642,-0.004338024811106625,0.0018277180597783779,-0.0008515498860097725,0.0077042051297471215,0.0073949769826193185,1.5954122227811416,-6.780000000000655
641.5270565037468,0.019450474643925457,-0.0026711834730021697,0.001866584960441217,-0.001426675854583448,0.006082191317516861,0.007413464356573283,1.3691868364846647,-17.25
650.6648889954048,0.018932613748297755,-0.0009855585755483129,0.0018924346087870253,-0.001889077620266355,-0.00416178702495118,0.007527516125373943,1.1492398851023724,-109.40999999999985
650.609676588294,0.018120399803760557,0.0006470419401067633,0.0019363932747817906,0.0006258946363915108,-0.002689237362495933,0.007453836814459055,1.0924239654960088,15.829999999999927
637.7914176533299,0.017138930730152043,0.002276575233239918,0.001959263725235861,-0.0025908358647976915,-0.0038519254491344856,0.0030084665076600178,0.8585762733097241,-12.409999999999854
638.3479032887066,0.015961792573239084,0.003944325776847767,0.0019697450144652738,-0.0011398917102874995,-0.0031042128603104846,0.003033484278307758,0.7210784149599647,8.069999999999709
644.114095977213,0.013453019435645351,0.005572443734605829,0.0019719624584488985,-0.0004955178161178964,-0.004221444940296637,0.003018768318250102,0.6251263867008229,-11.969999999999345
664.6651895222575,0.011432804351723428,0.007183058680347224,0.001974681793206294,0.0026252929511447753,0.0009861563151500885,0.002932141433844961,0.7351020573595191,55.67000000000007
661.7521832954275,0.009469375350169005,0.008652540345314139,0.0019438161977026417,-0.0016416624524733248,0.00048331756685726646,0.0029332271010569983,0.557178594888969,-5.3700000000008
635.3636865953889,0.0074491463206430705,0.010187743195687203,0.0018850982535449255,-0.003956599350697476,-0.0029811534763536374,0.003163047305546054,0.18676414698560642,-36.899999999999636
629.3137570572442,0.004946034945638911,0.01149129465524196,0.001823414185186694,-0.0020671489072362492,-0.007647356296004881,0.003205871863263902,-0.08253159828465305,-49.909999999999854
700.3576973900678,0.0027889535929900484,0.012549035308283912,0.0017962670901619108,-0.0013032555909759935,-0.007310985144460935,0.0016403512157139551,-0.2863424591697974,3.719999999999345
706.1575723394453,0.0019900285468520897,0.013585503654238157,0.0017806448380423211,0.0084524503601624,0.005056274479704692,0.0032331359936836317,0.48664312931020204,131.63000000000102
710.0355574417974,0.0008791233589778371,0.014465361209330856,0.001772987591222572,-0.0034707060787956268,0.0036426984657254025,0.003344051146811893,-0.006673840887614033,-15.090000000001965
664.4300508440515,-0.0011940122773079762,0.015149521054009542,0.0017672249027480408,-0.0051818781887214005,-0.00025513265480636704,0.0035882295013569877,-0.9435972709193138,-41.29999999999745
797.6904942911485,-0.002741829862321611,0.01601905154282552,0.0018006054476612343,0.0018846827466461047,-0.006766190225427349,0.0036529651858864293,-1.2680691847646273,-69.51000000000204
768.6352044761375,-0.003236085302743304,0.0159835723264483,0.0018500826195166247,0.005162278761166483,0.0018382456648433632,0.00396798920193633,0.06103283787217836,91.76000000000204
758.1943501116166,-0.002605800222895796,0.015866550626586286,0.0019332114040503934,-0.000973280311299618,0.006076542316042488,0.003964287879673648,-0.1951321985792563,44.73999999999796
821.0923737461379,-0.0011094284644869335,0.015792438689899147,0.002004057228272415,0.006496422505148258,0.010707577474275976,0.004388832230165903,1.3796953895257835,49.210000000000946
781.5533922561186,-0.0008035336658983293,0.015835667730255815,0.00208830224507668,-0.00025948642223283525,0.005255901391781448,0.0043407118473970455,1.2029384433609829,-57.5
764.9903601118676,-6.0310040632735766e-05,0.015792062291741297,0.002138883396683318,0.0006778274789018823,0.006917304252408885,0.004299694093502078,1.255263223337356,17.63000000000102
756.2335201791751,0.0013398193130338036,0.01578665388941938,0.0021598887603565394,-0.0016197127249147902,-0.001202224862719481,0.004131340203967393,0.8065464991297592,-86.51000000000022
773.7559532154496,0.0024436222703802272,0.015763319579213692,0.0021916950758804603,-0.00021307236329970447,-0.0011558545714609458,0.004054445124571323,0.7018777598725736,0.499999999998181
761.0139297574688,0.0026149795382739514,0.015391731751741434,0.0022048222603090278,-0.0020825719202377524,-0.003911195704402459,0.004097288379900892,0.28113338509696695,-29.539999999999054
757.1308680381962,0.003375361251204215,0.01503321752713,0.002208560542014235,0.001218617782078102,-0.0010793797351360546,0.003317220736631274,0.636069006039059,30.3700000000008
759.8883244154393,0.002996500787704436,0.014705303842330056,0.002202251656911226,-0.0018430092880185045,-0.0027079043325534125,0.0031870322708149206,0.21230116431070967,-17.420000000000073
791.863179427407,0.002653725121243225,0.014475050470497138,0.0021916237151601236,0.000623281290126565,-3.746711090268917e-06,0.0026849154939050392,0.3908109088986512,28.929999999998472
757.647970645712,0.002358548433570709,0.014222468342810199,0.002205686187622205,0.0021759106181253873,0.0009523773884276832,0.0026973326556698164,0.9558357494956766,10.219999999999345
740.3285895913605,0.0022114561882973093,0.014119164611271664,0.0022282229033617363,-0.0011374660956593452,0.0016598964884424472,0.002358737731203347,0.6318642384837013,7.530000000000655
736.0771647911924,0.0023215514776594353,0.014164822153465803,0.0022870727340630346,0.0033133558839903987,0.004352757917532646,0.0024773740780005926,1.3651113701637663,28.76000000000022
752.2575620077148,0.002947133471105257,0.014225346374189485,0.0023543943230275722,0.002569373072970338,0.0047470750204221535,0.0017948140936688175,1.7729522251909788,4.320000000001528
756.6440751443183,0.0031076652452026194,0.014099462172985733,0.0024395323994352122,-0.0027916253101160082,0.0030831707533884867,0.00200161451192513,1.0592865699876284,-17.840000000000146
767.9068554796811,0.00344374008535423,0.014019160558054243,0.0024966052635803163,-0.0018414179104477846,-0.002070420407257134,0.0020637041588217244,0.6035086679161568,-55.149999999999636
766.4429714559703,0.0034352378455593797,0.014030269583875505,0.0025550959641177525,-0.001856029666568948,-0.006475342813634599,0.002080214422407231,0.13748153237098748,-47.41000000000167
807.5067376767206,0.00305069952029058,0.014170609657118017,0.0025888592567312927,0.0009924721920526736,-0.0027052238805970186,0.0021061243189672346,0.30004026083887486,40.61000000000058
802.9267735175994,0.0029840739558219353,0.014363780459658184,0.0025648811535482047,0.0023430923206435583,0.001475665077297128,0.002106273948056003,0.8326171981827992,44.789999999999054
791.1127736189198,0.0020780246929434153,0.014173801939566421,0.002520631829573629,-0.003204538985913663,0.00012265458222526782,0.0023106600331308383,-0.0562642482634334,-14.479999999999563
805.7454625651097,0.001024980430592624,0.014129855401715961,0.002469893878451952,-0.00102043586654188,-0.0018885043494528686,0.002264526549366644,-0.38644022132318767,-21.5
803.3208910082194,0.0004275915757510241,0.01432988165198859,0.0024566956298917673,0.001902386041921833,-0.0023273500963506555,0.002325114925694133,0.03594727431808285,-4.749999999998181
764.2915873784942,1.4205571055733213e-05,0.014530932641575149,0.002458370792778862,0.0012103514041104102,0.002091425436564043,0.002263404036765306,0.4109179623427778,47.279999999998836
805.3020385182144,-7.832945223448127e-05,0.014536961781460876,0.0024590674406611526,-0.00018684516608202806,0.002927612805400992,0.0022349044788612577,0.259320245976359,8.899999999999636
772.2224710068658,0.0001602717510185223,0.014575171629228069,0.0024901092720801764,0.0026107147696001753,0.0036366663517632958,0.002151249523510011,1.4952826785326891,7.639999999999418
799.6947221109917,4.548971354406269e-06,0.014368556177012465,0.0025178143167756567,-0.00021342051576922483,0.0022094440889197653,0.002000967354720722,1.3117792381842739,-15.229999999997744
790.2083993197507,0.00045319259272103045,0.014132880865286059,0.002530671279782298,-0.0010813128629623137,0.001312832588149071,0.0018527802712122996,0.736506033436195,-9.600000000000364
808.3594312608817,0.0010086305228907216,0.013916974730037841,0.002537432294929647,-0.0002762198934315174,-0.0015703649304426026,0.0017666625087017986,0.6087509436363482,-30.900000000001455
824.7401924907651,0.0013569255788535089,0.013745881705591732,0.0025615780104620085,0.00036030519530227956,-0.0009974178994566207,0.001655760072333472,0.7520886146246273,6.149999999999636
827.5431221705501,0.0014052535080252943,0.013626879228026247,0.0025816367546921616,-0.0006214425678827684,-0.0005375089818124845,0.0016587363232550456,0.4097978906553244,4.940000000000509
837.1437738603493,0.0017419471129063735,0.013594751068842196,0.002594606263843065,0.002680587170902138,0.0024185252876374186,0.0017015746867334463,1.6031470957802119,31.670000000000073
876.5161367696284,0.0014600481845003222,0.013623968682608909,0.00263855203140622,-0.0016537775687791578,0.00040029859102364007,0.0014633746252948458,0.7207554374022642,-21.61999999999898
912.1465062146489,0.0018966376040199014,0.013774141467064772,0.002721134821197036,0.006362107544894302,0.0073909885213727655,0.002213254379402241,2.9973353787792547,74.86999999999898
813.4444159500946,0.002189665146368249,0.01389133159476902,0.0028020887872662863,-0.0023179943463552677,0.0023689246255489405,0.0023732649850056785,1.829130418488076,-53.719999999999345
817.2126327520914,0.002663374092852243,0.013933301750662264,0.002883911819566342,0.001208603473086045,0.005242839247888931,0.0023732223477256425,1.992249149892751,30.769999999998618
851.3688797233941,0.00318707795081382,0.014008218805395987,0.002959306941853349,0.00012340524240306294,-0.0009889244172575085,0.0023658751923090983,1.8053565928368824,-66.8799999999992
740.3924025116011,0.0036184155344178466,0.013902522211326694,0.003024721032920555,-0.0013684231034352123,-3.808819553918763e-05,0.0023368790703774257,1.2409629918458032,10.260000000000218
707.4254540329256,0.0038162768100378753,0.013533909525883035,0.003070785710378717,0.000205312483742226,-0.001040129900255038,0.0023321769413093604,1.259334357650887,-10.799999999999272
766.8182241330921,0.003415026137509166,0.01311844561942121,0.0030657270168854057,-0.00943128970146645,-0.010583708992534469,0.003653625531963186,-1.5875058120961567,-102.8700000000008
730.225735972691,0.00190622889305821,0.012729274330759486,0.003078491068282165,-0.00044539253147046765,-0.00966919606691885,0.0036534558435049234,-1.587595135686285,10.0
703.2156008680295,0.00038669682932046897,0.012366063035009114,0.003071425440362036,-0.0026378986866792964,-0.012484337687355795,0.003698368066624805,-2.09309911897066,-30.330000000001746
652.3214885964645,-0.0012491452188615137,0.011987002263559185,0.0030143222191336247,0.0013280812048293011,-0.001758128413699378,0.0037426742700160495,-1.615442708797023,115.66000000000167
694.6149681731454,-0.002787969142832682,0.01156470402687151,0.002976313038991266,0.0007054292692090236,-0.0006088180112570063,0.0036320929537902377,-1.3257118196696245,12.260000000000218
680.8103247335075,-0.0041146532953333535,0.011285751700873677,0.0029997049495219677,-0.0007368463539246806,0.0012961019123618467,0.003618910183774879,-1.4140469407751222,20.270000000000437
711.7232324936082,-0.0054520718306083175,0.011100564207736563,0.003010300942398202,0.0013470278028793192,0.0013150479053165576,0.0029764033548584754,-1.0874895294462097,0.21999999999934516
689.9839812285378,-0.005373736459519796,0.010825208398689013,0.0030187029874322,0.000937148217635908,0.001546908014353976,0.0029938122054696025,-0.8471193833519565,2.4799999999995634
703.8572860296255,-0.005179742474373584,0.010666539000640296,0.003048677745198151,-0.00017525789621164467,0.00210977994788486,0.002938473255752647,-0.8414178584788276,5.980000000001382
675.6702415879189,-0.003826813372599121,0.010516678185398946,0.003079326750909785,0.006870001462300657,0.00763696060037522,0.0036900487195688047,0.6260904023100471,58.94999999999891
695.9200946419543,-0.0029377943389878665,0.010274302808962011,0.0030936095101384174,-0.0022054832652323997,0.004473293789403643,0.0037202103120604615,0.1541153437211474,-33.68000000000029
697.9977597837625,-0.001864467564453371,0.010029472301927331,0.0031138027751955373,0.0016393412031665555,0.006296329625088637,0.00376257540386798,0.5053629790051436,19.44000000000051
714.3031173288654,-0.0007555163461937491,0.009816996768732367,0.0031396447679480316,-0.000535616643798198,-0.0011050690737993696,0.0024239128242146664,0.3756450805184662,-79.03999999999905
736.5536354422971,-9.55047192428928e-06,0.009554154572943152,0.003179543787102095,-0.001261936672028896,-0.00016048189353701225,0.0024642221665664246,0.09801380604191251,10.149999999999636
654.7291300128139,0.000498100206358612,0.009173762871116839,0.0032037443136631906,-0.0009285181037701484,-0.0027237270721146567,0.002315047516819528,-0.09491718024537275,-27.520000000002256
579.3659974639914,0.0013207396770300943,0.008842119179593004,0.003206974979363418,0.0027143530994158116,0.0005191275674445439,0.002389069566428521,0.47228861084736634,34.81000000000131
537.6667976769429,0.0010681834374651395,0.008625896010982343,0.0032209754902501908,-0.0007508073974091811,0.001031168346397937,0.0024253380859136134,0.32090381329243484,5.479999999999563
612.9669024852694,0.0024601534339490985,0.008667590548639505,0.0032592738850713973,0.012181354612871287,0.014166756179917028,0.0040871852685056154,2.4440455411572404,140.6200000000008
568.8564194150613,0.003951422828188183,0.008518931530890455,0.0033119165637115664,0.0038728204448079673,0.015338454845828409,0.004134776186878355,2.6509985991518548,12.989999999999782
647.3244821944685,0.005979532083431931,0.008377476057125334,0.0033802437365755946,0.0020816953018274464,0.018216564665961332,0.004124663168974831,2.4781451692377385,30.75
705.6385005466367,0.0077955167767904026,0.008217322918610579,0.0034121837670910812,-0.003217223958705273,0.002726170871969469,0.004354781567135124,1.8319710540392438,-165.8099999999995
679.6076790435712,0.009692431763529982,0.008057452139921949,0.0034404186573561966,-0.000838590213202095,-0.001979858290587777,0.004083737898752562,1.5869700219543703,-51.18000000000029
683.5461785440451,0.011254990287184206,0.007933317023443362,0.003462181251292349,0.0005340962053428377,-0.0035211847880421976,0.003959103298183257,1.5140435514401949,-16.8799999999992
645.3489220584219,0.012770926682940956,0.007722280683569414,0.0034807682440814902,-0.001147556045571485,-0.00145214800336535,0.004018106629546253,1.285345533531303,22.649999999999636
629.4553055658438,0.01230486929963339,0.007886094538126923,0.003548961929280895,-0.002872646026172987,-0.003484954758098513,0.004156652447708293,0.8880705102275689,-22.100000000000364
626.9056988017007,0.011043940866379094,0.0081243088938892,0.0036390504730858106,0.0018597305604652892,-0.002164645350973826,0.004108922215709083,1.0066319515907571,14.350000000000364
635.2521920118494,0.00953028545552915,0.008467364206789552,0.0037900970987199724,0.00043276331345687424,-0.0005859351644804667,0.004065666136271973,0.9743407484509707,17.18999999999869
634.1652182796848,0.008403296702285564,0.008839954529603648,0.003981486250619418,0.0002475807950932385,0.0025414472688896073,0.004046522780931146,0.9249601904233695,33.92000000000007
676.8839763509561,0.007733190634904204,0.009163724488077757,0.0042018126104429575,0.0029702341681827615,0.0036527065201779063,0.004040058523700855,1.1720266801572417,12.1200000000008
687.6756443012689,0.00699901820722135,0.009549021811856353,0.004353753417542687,-0.00042109666783185506,0.0027960983475594503,0.0021726627820394797,1.0450622929501212,-9.289999999999054
657.8184249003912,0.006431489656967595,0.009930078230451962,0.004527767668817624,0.0003625343260347247,0.0029113447670785497,0.00186058823444876,1.013598992766425,1.2599999999983993
678.7283770181149,0.006133572848933327,0.010244326656832578,0.004764296946390781,-0.002014776865297052,-0.002073373571459425,0.0018191239820486262,0.6970015072253675,-54.23999999999978
684.4906031470022,0.00560510229970135,0.010562464035207506,0.004997452768682175,0.00010756138123513281,-0.0015455893798552722,0.0015787183762416867,0.6513036777436738,5.760000000000218
725.4330722804191,0.005038818256205055,0.01064275224795049,0.005226615274015443,0.00030794177234749753,-0.001600077801948041,0.0015622536019180417,0.6319297207232772,-0.5999999999985448
670.8998111487432,0.004735214496160915,0.010764415572888613,0.0054664931825101105,0.00027384596440183095,0.0006894960335590561,0.0015564230359982455,0.6085119256190868,24.93999999999869
639.7030582052819,0.003747557544141521,0.011031671070114346,0.005653343442194304,-0.0017629749536289818,-0.0011821287141454695,0.001607298631858669,0.2760305385960799,-20.360000000000582
715.082349423558,0.002847847614839258,0.011317958028848399,0.0058344226639688666,-0.00028713893659193523,-0.0017763229838549943,0.0013453707915694916,0.15886849183087712,-6.469999999999345
675.7244448709724,0.0018761719071580584,0.011636229891943158,0.00603066027639235,2.2093954541668737e-05,-0.0020275590008644873,0.0012360720265718094,0.07345077218915128,-2.7399999999997817
672.0741034676081,0.0009785260174044394,0.01199478641128112,0.006209460482584897,-0.0016192669756069922,-0.0018838891128326596,0.0013132902900033312,-0.42745584849076773,1.6000000000003638
661.4662479922193,0.0003323941982437327,0.012252884754039059,0.006397880993099061,0.0029911436698677463,0.0013891573918087818,0.0015971466754051231,0.20048204678598625,35.55999999999949
714.6780870206392,-0.000541102732631005,0.01227844067764306,0.006548125018205174,-0.0028351347102674174,-0.0014719771995426179,0.0015185745239714745,-1.4607190033488917,-31.079999999999927
681.5237225078731,-0.0028399618704299666,0.011645001941817631,0.006639356913149074,-0.012823881367573398,-0.01267824459330491,0.003893403041623402,-4.09734649284038,-121.51000000000022
657.9854477501484,-0.004467225825798067,0.010886940572899274,0.006712940283133848,-0.0007415120682490173,-0.016352586324979712,0.0038598398089473847,-3.106774198185101,-40.38000000000102
626.2897385900044,-0.0061371892844196375,0.010037182263498154,0.006767181350773037,-0.0022355328222386506,-0.015761112570814917,0.0038628756437152556,-2.79707747759505,6.920000000000073
538.6527233140515,-0.0075593769913981975,0.009331226410204852,0.006833694426671551,0.0014125153732815754,-0.001567074622823461,0.0039315459652820425,-2.1677971701864607,154.1800000000003
698.6399100841084,-0.008824602121794567,0.008624004089402665,0.006907188531012584,0.0005556038824925391,-0.0002710303170774253,0.003942200036343006,-1.8294955720172894,13.880000000001019
672.721923756878,-0.010678148345360091,0.00790451320648548,0.006951995224293408,-0.001028324737473385,0.0009385546445810355,0.003909093379606897,-1.7485010277761377,12.920000000000073
652.2100193411067,-0.012021921968023,0.007280000356383375,0.007020456774835073,0.0005801978474659908,0.00010663104815500368,0.003954620734790383,-1.5058701938243597,-8.880000000001019
695.3438805876942,-0.011209985293414583,0.006762868118567818,0.00713750101049685,0.0030695244481731,0.0026194235585459413,0.004149327938391655,-1.0354951052275023,26.88000000000102
619.7378361914323,-0.010552563803949123,0.006226008137521964,0.007230847979786375,-0.000943587104185295,0.0027044706115753048,0.004135895097160028,-1.061237050734119,0.8799999999991996
647.8771212784003,-0.009171490764096383,0.005669101932680176,0.007356241039604898,0.00284650081055271,0.004975585028726526,0.004286517153617932,-0.658313705939473,24.30000000000109
610.2784237167359,-0.008223547555128542,0.00520190457407286,0.007447771694178853,-0.001982241719952871,-8.578064583497635e-05,0.00412807655683423,-0.82895511470815,-54.1200000000008
638.3592404351101,-0.006755630686146178,0.00454348147691033,0.007589996143148837,0.005207891377466245,0.006070979597588622,0.004472951616135924,-0.14578246481611393,65.96999999999935
620.0809705814628,-0.005326296240699496,0.0038363355089827827,0.007675780136401035,-0.002417448673278866,0.0007901047982348253,0.00239313444373666,-0.3924610860865155,-56.55999999999949
614.3873991658473,-0.004113715799882064,0.0031568318351098425,0.007757837070919014,-0.0012497791498898847,0.0015246020415677908,0.002418768527254919,-0.49272219050715826,7.859999999998763
654.7819112745406,-0.003074554384664932,0.002602020397546219,0.007867591827162488,0.0022820251646578082,-0.0013905431931101608,0.002335332100337541,-0.13282041108153114,-31.339999999998327
674.0789011835418,-0.002182819683708487,0.0019190188146192366,0.007969620179797389,-0.0018160756602200179,-0.0007885511302875292,0.0024291735644161533,-0.32635318324589935,6.510000000000218
678.2982529062986,-0.0019986910966840843,0.0009787907454306148,0.008094196014361652,-0.002976151699980001,-0.002515720928153775,0.00261852809899747,-0.6912879006830421,-18.539999999999054
638.4957971431766,-0.0021834231437507447,0.00011671845155397873,0.008130330850781537,-0.006396638241311869,-0.011152841113351908,0.0032233314190368532,-1.5362203187243795,-93.04000000000087
623.9010342196772,-0.002799911672008568,-0.00045131257344255634,0.008188029591132715,0.0027797322851954576,-0.006600021218342356,0.003339394768531243,-1.039186699582453,49.13999999999942
621.2773127158927,-0.0025633166884542987,-0.0010037918707975536,0.0082962356305134,0.005523443721017207,0.0018686808345405037,0.0036169376280974566,-0.0933581819808022,90.93999999999869
619.6083633096182,-0.0021305397272406196,-0.0014084555589093939,0.008404951752916695,0.0004220447087892598,0.008744085201283891,0.0036035557939494236,0.0681809770730141,73.06000000000131
614.289280010666,-0.0017438715091766842,-0.0017695601812155034,0.008509926634609775,0.002678341104806359,0.008642090964448013,0.0035925764034058063,0.686440268110339,-0.8299999999999272
645.63911039987,-0.0012230780647509438,-0.002181511272997183,0.008592124219378045,-0.0005210485986950619,0.0025788515539257872,0.0035372877316729484,0.8256904185097226,-64.56999999999971
633.0817930626812,4.305058695712457e-05,-0.0023700435299882166,0.00868065236995502,0.001938456334551919,0.004098532406902944,0.0032375247967820625,1.624915349537177,16.329999999999927
644.2611510350695,0.0025006294952162815,-0.0021179284993943343,0.008800573076132006,0.003988128362085064,0.005410174843847981,0.0033258692508448626,2.334444837987958,14.239999999999782
659.7851420988974,0.00386046508552857,-0.0018906826077307172,0.008916266649650624,-0.0019538106235565955,0.003968910357081246,0.003366549141825486,1.6304303043501807,-15.539999999999054
670.1798402682253,0.004288334215689711,-0.0016184371033911736,0.009043461468472503,-0.001197721182726541,0.0008263772954923976,0.003348512239029499,1.2300091212206015,-33.80000000000109
648.8618426740476,0.004380509212371386,-0.0014824523152840903,0.009164524952317803,-0.00185248510088587,-0.0049958429561201,0.0033505266452581984,0.7056514527581893,-62.98999999999978
636.6753734988339,0.00393345682331801,-0.0013355853790563892,0.009276531619383167,-0.0020806022141098834,-0.005122248087487291,0.0032825692523646348,0.13744181818556764,-1.2600000000002183
627.7368097943266,0.003648147939095997,-0.001295454333020415,0.009419934258696748,0.0007480106544999199,-0.0031841614840639743,0.0025217934869601407,0.2699499921669191,20.979999999999563
660.807083008752,0.002506268569024929,-0.001219716071327324,0.009531925955154282,-0.005396711770967344,-0.006723659631674872,0.0030158905448695187,-1.188295703373248,-38.05999999999949
670.8380802347506,0.0009999095163602393,-0.0012675561738470754,0.009652972268062464,0.0020255175959247307,-0.002636644520961573,0.002593081473685654,-0.6384799130219154,44.07999999999993
654.9132943787927,-0.00020244257046051804,-0.0013212627808754972,0.009736537163361333,-0.0010223718467151643,-0.0044010393667114345,0.0026001522963796067,-0.9015647238736486,-19.0
662.2745554455092,-0.001508009374519858,-0.0014497357668981927,0.009786710495540545,-0.002270942487821226,-0.0012721409543394735,0.0024886691774197544,-1.3793915874669715,33.72999999999956
652.5680233481384,-0.0022141488880382523,-0.0015183732547166993,0.00984421153972389,0.002070213170187074,-0.001227592472880512,0.002608784307780163,-0.8278762782846643,0.4500000000007276
674.3089596984638,-0.0026985526381093873,-0.0018131843227309772,0.00990168645318216,5.136821577633732e-05,-0.00015407298951086723,0.0025088506354803562,-0.7480339360482862,11.510000000000218
643.9266048826946,-0.003077445640391631,-0.0019367879996858807,0.009919772292909428,4.0158542188972746e-05,0.002161931475195278,0.0020780390245875844,-0.687137954024109,24.75
674.9859445709116,-0.0025676629817181244,-0.0019430617082825791,0.009983139217408234,0.002007846477256603,0.002099559073915014,0.002206681345812134,-0.17294891458101305,-0.6200000000008004
526.8445291889922,-0.0022466289292156854,-0.002049621205076951,0.010060313976997517,0.0014846931214811399,0.0035358195517933844,0.002272540615388913,0.22081466283247772,15.380000000001019
536.0570803120747,-0.001607095699487463,-0.002100555949499761,0.010154228924465021,0.0008170923053729684,0.004315469102978309,0.0022425131333673456,0.41824363904657813,8.350000000000364
634.2138491347682,-0.000736099388031906,-0.0019646336564022463,0.010212561795088879,-0.00016458685908760096,0.00213803265579271,0.0021573762157460472,0.3397155689754406,-23.270000000000437
552.2719707699472,-0.0001210110752592641,-0.0016045911255821073,0.010293901455637005,0.0015215165316120327,0.0021748800884471287,0.002191975280645332,0.6771336878816491,0.43000000000029104
571.2777698868857,0.00010267865859449142,-0.0014398272348201814,0.010466762900306893,-0.0012499082998184141,0.00010507522642311251,0.0014476548339826532,0.2508069726049155,-22.2400000000016
561.8252334139438,0.00014962475273434315,-0.001484794440531508,0.010582982538327387,-0.0027381772572296903,-0.002469209285715035,0.001617318787104318,-0.5822417914085432,-27.68000000000029
547.4481924700686,6.243740166692621e-05,-0.0015680188293867008,0.010730522526626768,-0.0006554240770919595,-0.004637475519533862,0.0015986525263921058,-0.7513636397162347,-23.389999999999418
552.5352854311874,-0.00028626400350063625,-0.0017155006715295052,0.010871022646406334,-0.0006399940292102224,-0.004029629960215053,0.0014426909367681914,-0.8724043300247857,6.600000000000364
542.6749568457109,-0.00047107486320379716,-0.0018188129144031103,0.011026564170137039,0.0016803600451456013,0.00038318534236814195,0.0014008257289225311,-0.333894175040103,47.45000000000073
528.7938354364406,-0.0005602236723247565,-0.001803560903165207,0.011186080268781111,0.0009040082982370024,0.0019442384210992536,0.0014152808039604463,-0.012724580410370643,16.729999999999563
512.294991481924,-0.00015875557207856438,-0.0019825476521883527,0.011374062259343296,0.006124944016074885,0.00872666983445658,0.002203531763253287,2.0226339346593387,72.63999999999942
542.2483664655064,0.0005194179862335412,-0.0020003093960022466,0.011529966720615185,-0.0005571252337934762,0.006473444989231192,0.0021956300475831007,1.865117685841452,-24.019999999998618
535.7449174810648,0.0016834463363975848,-0.0020397035648504333,0.011725781355118281,0.0017250878516961166,0.007299093363029918,0.002206065556263967,2.2473256832761725,8.929999999998472
572.0329396991076,0.0027382473359075,-0.0019092893858066635,0.011899416884002301,-0.001549258278733423,-0.00038406473758190174,0.002285707894065538,1.6465685743599732,-82.53999999999905
584.6652149485902,0.003897015654898475,-0.001768455233923931,0.01208251720297598,0.0009082223283820579,0.001081536559732088,0.002284014620474376,1.7183139210005214,15.829999999998108
587.3494657312077,0.004590801579515808,-0.001539317916803942,0.012214410495555768,-0.0014929059219526142,-0.00213438983627412,0.002321652277333566,1.2224642004469435,-34.76999999999862
556.0872870696065,0.005499361188487334,-0.0011182213939944547,0.012403282340122479,0.003278372652498973,0.002690411912618096,0.0024291969290836384,1.8624008816526663,52.149999999999636
556.6025487092187,0.00528455272749753,-0.0007191938483032418,0.012567119011166849,-0.0005770803979177064,0.0012024644972357112,0.0022328170101607527,1.5426276574049385,-16.05999999999949
533.7998450802534,0.005451614360150541,-0.00019448946214436317,0.012762499074327489,0.0023151976186539525,0.005020847633948833,0.0022259943791526067,1.86009790925293,41.20000000000073
618.3022509103015,0.005622369711258324,0.000299235572943434,0.012977248419786418,0.002850904076709959,0.004592636638788505,0.0022188567281541003,2.204358582635705,-4.459999999999127
632.9334480089591,0.005860374573137362,0.0006993125241534216,0.013139679090007914,-0.0008134101462116128,0.004355084427108746,0.0022955415941931885,1.810213199286551,-2.600000000000364
603.5444501126058,0.006019735263912547,0.0010677263106818454,0.013310831613403658,-0.00027411700748847245,0.0017605000926337322,0.0023293080774046825,1.5927423258990985,-28.040000000000873
629.0749266258294,0.006380212701626349,0.0014492745379303404,0.013474795903469304,-0.000118693925171387,-0.0012058690529149763,0.0016883726811500403,1.4409526475932821,-32.220000000001164
652.003352992476,0.006282010498270705,0.0016921835957803258,0.013653997900580606,5.889389896007735e-05,-0.0003339076299274657,0.0016633306503710775,1.3290786182696983,9.489999999999782
623.3025792560894,0.006117237199251634,0.001880620654051758,0.01379821300061954,-0.0023592978788402608,-0.0024189637928322405,0.0018073026044651485,0.7870904819094745,-22.659999999999854
601.6354583679769,0.005718326025742612,0.0016230434555615852,0.013949844457619745,0.000536801328168135,-0.0017649765344621704,0.0017236555100512748,0.8231066275741185,7.110000000000582
594.5012371958425,0.0034433197184165283,0.0009022606850652323,0.01405195730452533,-0.01513299446340366,-0.016929158492552165,0.004776369836855259,-1.999377026921209,-164.79999999999927
592.0532785307155,-0.00041182744114534234,8.269953505520776e-05,0.0139260820068305,-0.015532130374796727,-0.029909610772920203,0.006368254656077321,-3.3183904592427473,-140.3000000000011
602.589136156434,-0.004251498917887874,-0.00031398439968402417,0.013729332078311236,-0.00030710077849571693,-0.030727832873333027,0.006171624774496969,-2.671475019393847,-9.049999999999272
621.7099567083513,-0.007028012399374043,-0.0007273270945367924,0.013687851291449308,0.009980512606888148,-0.006011984656943414,0.007138990734647191,-1.4989655683112508,269.10000000000036
630.1138861654429,-0.010357445236871536,-0.001038618391055297,0.013588777918521141,-0.003456871037334497,0.006180046626074853,0.007047559677762561,-1.6881189893212172,129.22999999999956
611.6808320453838,-0.013126936803301783,-0.0013032542863738803,0.013509813931028434,0.0018624701400018484,0.008363696194489734,0.006990653305135917,-1.4101265280243647,22.94000000000051
595.9748884388547,-0.0159149045127215,-0.0016691196682951629,0.01338491547499269,0.0008847028464229467,-0.0007175526370060137,0.007036755099700756,-1.2430569480336255,-95.56000000000131
602.9582035506153,-0.016510705432266005,-0.0021314020517291805,0.01328072242790767,-0.000620063872232901,0.0021270524024070703,0.007029799696667712,-1.2098027535753388,30.13000000000102
605.389885883516,-0.015013037988192647,-0.0027656410853635757,0.013149609115803417,-0.001597325093373625,-0.0013336565296823144,0.007006421360346823,-1.2335715870044215,-36.649999999999636
584.6117694364013,-0.01303313606677203,-0.0034094365102501924,0.013051943435489629,0.0014128815890006585,-0.0008066484416889841,0.007055783861592225,-1.0308183074974684,5.579999999999927
583.7788464545605,-0.012585775249930434,-0.003995732061004198,0.01293661398788965,-0.0006479145544998621,-0.0008344939242241889,0.007065753447470387,-0.9981726567600321,-0.2900000000008731
577.4127095663981,-0.011559758785233647,-0.004350516657150103,0.012800597885080043,4.3411051698916125e-05,0.0008074958279380429,0.007051803090014204,-0.918641971202325,17.399999999999636
615.0199653427222,-0.010438813480968258,-0.005192891698180286,0.012828126224732415,0.00374639987015013,0.003139603423478743,0.005839139254373179,-0.5696553107064033,24.7400000000016
601.3327618101284,-0.010933066468677366,-0.006135214651300265,0.012720200479655762,-0.013032433479308159,-0.009291852500570852,0.005264722002035273,-1.4537052712070806,-131.75
593.2510989806243,-0.011850604584997485,-0.007019591790648648,0.012495440439830668,-0.005136255563006786,-0.014423167661302805,0.005459272459636436,-1.6487004040668531,-54.38000000000102
589.2798444309038,-0.011799375268444517,-0.008028274310295201,0.012369195530092988,0.004753925698965933,-0.013433879814300664,0.004698531032561491,-1.198414353968178,9.949999999998909
543.3081539255938,-0.012410667078245435,-0.009081267305335977,0.01221943512075343,-0.0032877025629786116,-0.003693112540388954,0.004690678492843227,-1.3139966715929747,104.1200000000008
532.9941532740198,-0.012673516168644967,-0.010367215936246095,0.012109355687079364,0.0010373691934812967,0.002489467636920706,0.004651295634658019,-1.1536057490003795,64.77000000000044
596.1358397326236,-0.013057097608304986,-0.011598556316709934,0.011981543887883226,-0.0018958930276982144,-0.004145364101146853,0.004615989690154964,-1.2042238567451684,-69.5
571.233916337775,-0.014038273130529529,-0.012760160788092856,0.011775407262149443,-0.000385640397506104,-0.0012457991328166385,0.004619478755458646,-1.1590250361693681,30.470000000001164
612.4461529881248,-0.012994915731399785,-0.013874637888772252,0.011578246494854252,0.0011669404525316285,-0.0011165234001910829,0.004669189537509865,-1.0132330079080285,1.3399999999983265
587.6451519661224,-0.0110980531263215,-0.014704159487111916,0.011411312739345833,0.0012133891613463899,0.001995186671961635,0.004660091101911549,-0.874077052354481,32.54000000000087
596.6087664060847,-0.009209160451093034,-0.015604650143979137,0.011312499125506444,0.006092063795244185,0.008488319107955888,0.005096750135366872,-0.21806198324853657,67.81999999999971
631.1453490350941,-0.00721027228097683,-0.0164721300134387,0.011176595162992293,-0.0017560862627541418,0.0055439167513682275,0.00510661545179602,-0.3533336030071392,-30.68999999999869
662.8395162961108,-0.005261012600861077,-0.016673543580603918,0.011042699693895309,0.0005496234888919815,0.00487728010696209,0.0049385339136154525,-0.19733735625348958,-6.9100000000016735
627.9862822750066,-0.0035066130461767456,-0.016289183016948556,0.01089023630778115,0.0015386706227957792,0.0003293848287435619,0.0031485732520913773,0.03782680001984096,-47.600000000000364
649.9249415427671,-0.0023808601601062727,-0.015892982926577287,0.010737367402885173,-0.0004308111585784591,0.0016574286178869801,0.0026621421904129763,-0.04429885327921526,13.959999999999127
618.1024392210602,-0.0014558386274508754,-0.015965352033309507,0.010577045367274702,-0.0002363837276859737,0.0008705511368010121,0.0023449585745827606,-0.027075674490694448,-8.269999999998618
644.7292326849312,-0.0004766008282591378,-0.015777912357088076,0.010400854499621148,-0.001672169347739838,-0.002338146904707128,0.0021592505632693658,-0.2661079653007329,-33.79999999999927
637.8625553629503,-0.00024863461195164514,-0.015949743204995745,0.01028896714824152,0.002451106279283355,0.0005382713799113592,0.0022324267609999475,0.20016283614061323,30.30999999999949
630.5222511795893,-0.00024143149570712206,-0.015769070447096512,0.010123276303677264,-0.005287782309981837,-0.004517041219306739,0.002729956161344026,-0.6665671071195125,-53.23999999999978
633.5708176226855,0.0004065276713471417,-0.0157739427785463,0.010029906544760074,0.006660841728938216,0.0037922238011265375,0.0032787343487632676,0.6069116079701906,87.43999999999869
609.2079708703623,0.0006115398339739958,-0.015601619226882265,0.009916482422272124,-0.0019292196230821235,-0.0005939622691636393,0.0033726437199511376,0.29005705028132767,-46.1299999999992
609.6310146070979,0.0009278764478761575,-0.015592701794706518,0.0098156215855557,0.0011269204880222095,0.00585101004801758,0.0033713048561473035,0.5883923367045452,67.60000000000036
595.7613110707567,0.0012027345036563167,-0.015656318370676787,0.00968963838196742,-0.0013048838311996436,-0.0021083072992915675,0.0029203670004131497,0.3926124433056064,-83.59000000000015
601.6559515481847,0.0017211469340601031,-0.015695530600187396,0.00956458071182668,0.0003162020806666277,0.00013671149981053787,0.0028694706202722522,0.5536581244307526,23.69000000000051
634.2057353685519,0.001977834163927597,-0.015920200964482774,0.009421884324747004,0.0008486345432230369,-0.00014129919393079948,0.0028745641570364377,1.0307581549466271,-2.930000000000291
604.4837596037195,0.003144628796773658,-0.015817330703279408,0.00928327635527368,2.94019733466655e-05,0.0011945411936296058,0.002842235662904248,0.9666528717144948,14.069999999999709
618.2036229958437,0.002372788285955062,-0.015366235491894713,0.009117025685737154,-0.004644426782702937,-0.0037704434068025483,0.0031503029055430323,-0.437829398958549,-52.29999999999927
564.0305677965571,0.001797918677623619,-0.015158135586681555,0.008976073472620517,0.0013854414307969964,-0.0032361139696364116,0.0031880066810842595,-0.0378956854150195,5.599999999998545
591.0705057008427,0.0012053008737052204,-0.014780204062648811,0.008823193432527913,-0.00047861959637984786,-0.003742476635602565,0.003155273806302525,-0.2508341907237005,-5.3399999999983265
640.6073342734625,0.0007250432196319989,-0.014319784627258584,0.008635370973745185,0.0005626235201383611,0.0014692920813541566,0.0030639339659203333,-0.12662402390619346,54.8799999999992
618.1583874448328,0.000474795476076803,-0.013821156600506751,0.00845226727991053,0.002278723572277208,0.0023626490214940787,0.0026824212035931505,0.575149505544162,9.409999999999854
638.8752896662202,4.402989020999315e-05,-0.013310429364789317,0.008283167991805139,0.00014049450267816788,0.002983523032340951,0.0018223768158955886,0.5823180109490363,6.510000000000218
605.3583154871884,-0.00047894948516897227,-0.012815854819432228,0.008116647880406098,-0.0007042721413859088,0.0017135620683388364,0.0017456798433750313,0.1900269091310658,-13.329999999999927
588.0532118176782,-0.00019261350889170312,-0.01234571076218531,0.00795594113967115,0.0009564715224139597,0.0003920556054459734,0.0017360152852002276,0.6528747768558388,-13.8799999999992
601.7085517896965,-9.728957535548776e-05,-0.012142544515491993,0.007797343775042196,-0.00040423785507226473,-0.00015281376652720446,0.0016958914733347485,0.4050702722351925,-5.740000000001601
618.6731724526072,0.00029647653362041126,-0.011887896916175318,0.007638625418831505,-0.00011771306301733286,0.0004340690027240246,0.001693716303157239,0.29397021060575107,6.180000000000291
609.3549811491388,0.0005218660553195472,-0.011487218745968033,0.007450442207578202,-0.00017564097086741892,-0.0006974526372724998,0.0016720561228849783,0.1629298730902722,-11.920000000000073
622.5529251296551,0.0007952949917631628,-0.011195553144744397,0.007291680547744904,0.0034393694805809893,0.0031450272401316592,0.0019604924471200414,2.0330088696344566,40.47999999999956
587.1812889663602,0.0011407617701519835,-0.010939470050733112,0.007115248648172895,0.0002848431280886299,0.003548897022173314,0.0012404423988160366,1.9288780507616556,4.25
594.4292008565295,0.0015225810673754378,-0.010716333438452694,0.006943690588818199,-0.0004635660718830259,0.0032598993447916502,0.001248453676734304,1.5299360938811435,-3.0499999999992724
581.3659248514125,0.0018029517502366227,-0.010479781535627428,0.006775760146095273,0.0004420117497512255,0.00026307770634104166,0.001214481206771646,1.5707369671732017,-31.549999999999272
588.7022711572556,0.001883202745691852,-0.010332473615762602,0.006598634094731867,-0.001898770104068137,-0.001920488012086663,0.0014002598764513454,0.6511869958950349,-23.079999999999927
603.1819758021761,0.0019029461233790056,-0.009882386529688822,0.006410742692849905,-0.0016995373429018468,-0.003154657734306454,0.0013634768224613865,-0.2622534573401927,-13.030000000000655
602.1026387709788,0.0019078437545489108,-0.009749623073273194,0.006245470937715278,0.001732814280288597,-0.0018684957426678972,0.0014546039283109883,0.6682771916531451,13.579999999999927
583.9964365379072,0.0015312989627972945,-0.009528154081401544,0.006033202311133415,-0.001569631051396847,-0.0015393467065658584,0.001518990917862142,-0.1723626050126039,3.5100000000002183
593.4495804147206,0.0010368094448815785,-0.009348715344584034,0.005833375731021004,3.1328053132329003e-05,0.0001917964299278374,0.0014916938205700968,-0.13286815129235113,18.26000000000022
580.8062081115457,0.0006105049937692907,-0.008998012927033111,0.005604677495435403,-0.00042433942597419616,-0.0019620388142461698,0.001492159544866012,-0.3562407966132131,-22.720000000001164
618.086232427246,0.00026251210280794473,-0.008693294004423684,0.00539146754405867,0.001894667863299171,0.001500898545523821,0.001591764393952111,0.6204064983364458,36.51000000000022
619.1759583783752,0.0002122421899594341,-0.00838059374743068,0.005201102142541643,0.00011848902791600224,0.001588187605491509,0.0015888450584031308,0.6630096388251935,0.9200000000000728
578.2928408622867,0.0005864903599145344,-0.008096157553301809,0.0050157059531571145,0.0014453948771413483,0.003461686396854624,0.0012906876852228901,1.3259407725456303,19.720000000001164
575.3768328064684,0.0007277457388978575,-0.007521550574402503,0.004889261417936754,0.00012019685784592227,0.0016844400208542165,0.0012881543352785427,1.3306320059565542,-18.68000000000029
572.3788820794623,0.0012530449028863484,-0.007011823305657045,0.004790889254060895,0.0034001213179941647,0.004971210577447094,0.0016104531932898277,2.6341740065228554,34.68000000000029
618.1006030537687,0.0018578863715957084,-0.006579090415707672,0.0047103212619906635,0.00026407122378135917,0.0037857278061708133,0.0016098397494830545,2.4043404820311163,-12.450000000000728
626.0654589507344,0.0023977374238587854,-0.00619541465426341,0.004615388857116274,-0.001060720346973465,0.002600482433021911,0.0015223108582879652,1.7612241978508665,-12.520000000000437
635.1420641152433,0.0025364781220395646,-0.005880732358253573,0.00451110845390196,-0.0015196205667902252,-0.0023153387656557056,0.001500979351652063,0.9940331112598341,-52.030000000000655
665.1107248452316,0.002806819034518812,-0.005589239772147271,0.004424916067143121,0.0006153904326167137,-0.001964925513860072,0.0014422168463063113,1.1611740855558268,3.710000000000946
665.7337881869674,0.0029050327872104493,-0.005193729277689469,0.004323290676006453,0.0002654659920113822,-0.0006399395927229046,0.0013208807292250783,1.1751210077428684,14.05999999999949
666.6280792142535,0.003119245638849516,-0.004854483716623111,0.004225496312465852,0.0016084291889757463,0.002490866036781725,0.001355694445612173,1.6761917295249404,33.13000000000102
655.657252684224,0.0028638154526101456,-0.004520986241167078,0.004134067482977767,-0.00028288543140031486,0.0015909065144033008,0.0013469382156648102,1.4196616144737413,-9.510000000000218
639.4749873101764,0.0024845900038967784,-0.00417343612323866,0.00399361156900667,-0.0006885493303149248,0.0006356270370997397,0.0013226100598871214,1.0506642156119397,-10.109999999998763
642.8676236257435,0.0022076528974225105,-0.0037798399009296283,0.003866838007343538,-0.0004247406722228675,-0.0013955681282413757,0.0013406942563784097,0.8063213390078199,-21.530000000000655
652.3355020371725,0.0022054335620123816,-0.003452915678737786,0.003736997505838685,0.0006515457687295001,-0.00046217694774564055,0.0012986031522052076,1.0097571363031541,9.899999999999636
653.2746815843911,0.002447471116581469,-0.0030531611883974634,0.0036284549969082965,0.0019307168942446218,0.0021576826148921313,0.001384995747079795,1.6281029149842567,27.7599999999984
640.5298165769855,0.0029496736948295336,-0.0025517376767961266,0.0035342095638929397,0.002826449768120076,0.005417272572755927,0.0012776381768645553,2.282810704168354,34.51000000000022
668.7690408607538,0.0034492034833456422,-0.0021616325912362827,0.0034491671959202474,0.0023873991906133707,0.00716139321135012,0.0014054752233554615,2.508382518146508,18.520000000000437
660.1961350978492,0.003785344948559847,-0.0016650657653662117,0.0033404228361635846,-0.002302072802466748,0.0029065058261974475,0.0015690246722033778,1.6437864717428532,-45.029999999998836
663.7928060222289,0.004301928175121799,-0.00116131439047126,0.0032419253759208735,0.0016828787745035712,0.0017628435408267862,0.0014784388991664196,1.882688145658875,-12.090000000000146
674.9893385119509,0.004660566974870675,-0.000542397863501242,0.003069823901883369,-0.001602236568494897,-0.0022243064033602433,0.0016202937731152514,1.3297756645728724,-42.51000000000022
617.6460847329714,0.005587567173066264,8.73488333965712e-05,0.0028991797429905866,0.00616099725332786,0.006239423313505688,0.002294713798516886,2.4685049393319773,90.18000000000029
654.9158040114373,0.006010827119983572,0.000726842738279922,0.0027231825150045566,-0.002041090597544093,0.0024985140169917486,0.002443158998243331,1.7969926281523256,-39.79000000000087
631.7909740977477,0.00602531770709817,0.0014324715598143943,0.002563459236247798,2.4314995151097918e-05,0.004131746367115108,0.0024336113869668323,1.662392582531342,17.350000000000364
660.9470526052736,0.005640176483898697,0.00196081801803411,0.0023997321908886607,-0.00044701096486110536,-0.002462934653369331,0.0024218988449079444,1.4344502228934581,-70.39000000000124
645.0825137839603,0.005318108485490596,0.0024958805300950614,0.002226592550735378,-0.0034579317713385738,-0.003879176918710203,0.0026968710984516,0.5774962603385644,-15.089999999998327
652.0866177632173,0.004736216163001105,0.0029158079200957915,0.0020567155140637345,-4.694170122354624e-05,-0.0039501554719098,0.002700473278478456,0.5048932002134142,-0.7600000000002183
640.9480649359859,0.004287589587293957,0.003351374974046103,0.001896574617471509,-0.0015519654943522143,-0.005051237454939739,0.002711214906652657,0.05544124921840723,-11.75
693.6290129229773,0.00301134642690678,0.0037264744666979837,0.0017249551602099185,0.000564202480986431,-0.0010355339289922494,0.002582743503286861,0.1666621843730565,42.95999999999913
753.5115438694503,0.0025046982929857295,0.004143937849902305,0.0015589044452836943,0.003372968136776011,0.002380994854009222,0.002681178391960634,0.9755311835887517,36.39000000000124
620.1633891036557,0.002046911030789637,0.00455199527500585,0.0013916908234831594,0.0003147137088728158,0.004255027044105519,0.002578749810294882,0.973790814207181,19.889999999999418
583.7070674761912,0.0014244210706313614,0.00508071071214748,0.0012035532821085334,-0.0018464886284578208,0.0018354435138265845,0.002601356310897108,0.4249536749155404,-25.719999999999345
563.4463132350569,0.0014135646448843397,0.005592020050111699,0.0010211377934411005,0.001779548049204438,0.00024446511314235586,0.00260066136097673,0.848138542203363,-16.92000000000189
558.7558012359784,0.0013094599640930487,0.006154548853015835,0.0008578286604360728,-0.0012491829744039062,-0.001319321743152746,0.001831885702349571,0.4248532728171156,-16.69999999999891
566.3323082179035,0.0017612176234982815,0.0066999093851776185,0.0007251273157065518,0.0032215600751572815,0.0037514036103154513,0.0020189943921240495,1.2956823958396009,54.07999999999993
544.4617189421035,0.0023365806582879827,0.007270697993044999,0.0005827246907960427,0.0013514018691587193,0.0033224146875450167,0.0020531293396946725,1.5683758572924624,-4.510000000000218
556.1569086609967,0.002456267840748361,0.007861700896919467,0.00043729928334293173,0.00031546153515904507,0.004894221068777904,0.0020441760812904114,1.5577741522054311,16.720000000001164
624.2934912278706,0.002460261602283989,0.008458284621579824,0.00029142958588696774,-0.0004422532898419318,0.0012242990654205421,0.001707064107500185,1.3699794550808324,-39.100000000000364
600.9019560838268,0.0027848054038830047,0.008968788785138296,0.0001417451999467853,0.0007542167999925464,0.0006271897977128127,0.0017001527108430918,1.5772593856321948,-6.3799999999992
575.9600331165153,0.002540310660332148,0.009285007515953621,-8.379685376988198e-06,-0.0034277943286094015,-0.003117232576713258,0.0019748907306748006,0.25378212723211374,-40.13000000000102
583.9048432653592,0.0028642624244246515,0.009390523547961539,-0.00014888352660253013,0.0032308695924818664,0.0005460604306877226,0.002139182651848129,1.4078315566129138,39.26000000000022
595.9655550841383,0.0029905748002375613,0.009422251687036455,-0.00027396491020847724,0.0014031225073349862,0.0011948311659724098,0.0019777600506551297,1.7373788569817752,6.959999999999127
593.3356306344047,0.0030766320759564136,0.009665983958731663,-0.0004067921062349016,0.0005356815126527081,0.005176691690618851,0.0019774102085009177,1.7328078459892595,42.5
590.8098769876112,0.0031104798906120704,0.00978331973165624,-0.0005345221454530736,0.0008286979014389129,0.0027698608539081793,0.0018385765318699734,1.7871271382653076,-25.6200000000008
588.85647092208,0.0031128665947787165,0.010048433525089188,-0.0005598072365062084,-0.001641137855579844,-0.00027855438657942155,0.0019180519984154877,1.1490129000108777,-32.67999999999847
594.7242154693892,0.0033469826411828174,0.010084145596836062,-0.0005950740702373788,0.004101202124685566,0.003284064604915926,0.002110359447094762,2.17517393858899,38.26000000000022
583.9395541275011,0.0041523055141618114,0.010182476877014884,-0.0006228358272703021,-0.0017457060364676202,0.0007033447952486949,0.0020905137029437414,1.4999005903788627,-27.709999999999127
613.2559619989619,0.0044371350629676225,0.010261568628953516,-0.0006617748882333369,0.0002556664993214053,0.0026046034852298394,0.002070859067940975,1.429693991782383,20.389999999999418
604.683425909164,0.004499517090942998,0.010389526332184481,-0.0007048484120755465,-0.00025188331575121126,-0.001741993742929271,0.002078116587293308,1.2481629664634886,-46.720000000001164
555.4780034948009,0.004565420824247624,0.010617999509537792,-0.0007526724455621772,0.001004998029050963,0.0010087205518676257,0.002073109809383904,1.383226361176713,29.61999999999898
569.5640156877347,0.004172393596900529,0.010808444139212411,-0.0008028515593582306,-0.0021082840703813277,-0.001357009745374782,0.002192489360254411,0.7710132036689222,-25.44999999999891
596.6910017393137,0.003907175151025288,0.011128345355707373,-0.0008571992972213658,-0.0009623662669216992,-0.0020667073252362833,0.0019223316333612486,0.45121208026158516,-7.6299999999992
592.1509566849633,0.0032068323039104838,0.01124256973555906,-0.0009266677343375258,0.002169738988504699,-0.0009055405148113982,0.001800174036864352,1.0339547272413867,12.479999999999563
587.0519721935881,0.0023744694594390347,0.011161207631046138,-0.0009964954377068745,-0.004106048915620053,-0.0029057132353284,0.002159642281918812,-0.325921738966144,-21.470000000001164
598.4398500292438,0.0018156979652223515,0.011129496609709938,-0.0010619933163042558,0.0018752689456769112,-7.359784460803098e-05,0.0022322692008670975,0.23192217247732236,30.43000000000029
590.8935708166987,0.0012796780834118796,0.01105043734226625,-0.0011845949153329836,-0.0002981397940226005,-0.0025359523300455544,0.002215661545847399,0.040400558008812495,-26.489999999997963
596.9476358460039,6.180989471868158e-05,0.01089324489167483,-0.0012795862293629222,-0.004512573135930786,-0.0029431174642703395,0.0025256291558935166,-1.7113700793291202,-4.25
587.4642134995316,-0.0006070647544639083,0.010801008754949517,-0.0013636819442733718,0.0017413121629719086,-0.0030764299995712507,0.0022179925838383863,-1.2081892627589697,-1.4899999999997817
577.3650563633729,-0.0011080764041759494,0.010545084281044,-0.001474732984414208,0.0007654062540884965,-0.002015839672246722,0.002216282215932738,-0.9090532589698765,11.389999999997599
571.1897773164202,-0.00200793777791659,0.010103203206476077,-0.001601887423355985,-0.0020600669194902332,0.0004428175554223035,0.002257392144224799,-1.6598483166670595,26.360000000000582
585.3528986380317,-0.002907695092973565,0.00982535641310871,-0.0016358762710199717,-0.0061152893462956825,-0.007403599932711669,0.0027622986561975323,-3.057706656092492,-83.95000000000073
596.7453055247573,-0.002843708837369471,0.009682793330348504,-0.0016705184628838458,0.011436797734295734,0.0031806835574723635,0.004538444914001874,0.4564897669994664,113.28000000000247
582.9818665643563,-0.003084244584303231,0.009454462207468905,-0.0017150231600947773,-0.0027991752346998577,0.0024376937639021268,0.004569391110204627,-0.40897685223280256,-8.010000000002037
560.9875465708315,-0.0026954998593690456,0.009134245469683108,-0.001861458614974792,-0.000517158651952121,0.008083999781564488,0.004564786858961152,-0.6133057952553126,59.81000000000131
554.7913133959128,-0.0038708629410944004,0.008556137860299245,-0.0019988040703596793,-0.01105835148372436,-0.014336580575194713,0.005451208409115038,-3.0416720000143482,-239.8700000000008
572.6256734633065,-0.005184537448780163,0.00784203935461671,-0.0021636525687442772,-0.0017434107385035924,-0.013293031053790094,0.0053830444548375106,-2.706479088512936,11.610000000000582
588.6836846515888,-0.006427641119368627,0.007176146211420264,-0.0022882453441133315,-0.0026650949197633,-0.015413511362829757,0.005313478763184824,-2.5827956462793433,-22.63000000000102
579.3786812947558,-0.006291840430368596,0.006456223604497925,-0.0024446296116083562,0.004192828366286205,-0.0002294955630858242,0.0055572744016988635,-1.6828519808769686,162.60000000000036
582.347221361444,-0.007960257990571352,0.005845810001176611,-0.002611286123678397,-0.0015501591251094737,-3.595087218699611e-05,0.00545734278753943,-1.7086188502267332,2.0500000000010914
580.5256196345528,-0.00914297269794947,0.0049935253855918635,-0.0027796063153748456,0.001216696942173634,0.0038560740517994407,0.005436633526579333,-1.3968483221462953,41.029999999998836
578.0413119619041,-0.010231222904199479,0.004301977876437942,-0.002929427847737207,-0.0012114385502047798,-0.001546380553201887,0.005411205797706386,-1.4263912116953308,-57.02000000000044
574.1050631673845,-0.009647842365053543,0.003594830421705535,-0.0030727164450737045,0.0011684409308170274,0.0011722297910989887,0.005437852259408027,-1.1604072427708159,28.76000000000022
573.4835959497206,-0.008781138495867268,0.0028717378111426063,-0.003210432091407176,0.0003194106212538461,0.0002749833214585884,0.005177499734948967,-1.027801041103027,-9.479999999997744
570.6862269680665,-0.007706658298079041,0.0021265343893734946,-0.003338176324282197,-0.001438778238266769,4.73053008427371e-05,0.0036361379353132134,-1.1372716378148675,-2.4100000000016735
557.113469914614,-0.0070290939829981145,0.001510687699611986,-0.003430760092183561,0.0013367845648213361,0.00021546041907050117,0.0036810476095066637,-0.8721536677405123,1.7800000000006548
553.9046635060467,-0.0060858256285274215,0.000986863319053547,-0.0035294628611629436,0.0012877600439140657,0.0011837092137543248,0.003738807387007461,-0.6231050150724239,10.249999999998181
559.5391726035197,-0.005207962052645986,0.00032702294297397213,-0.0036417995910019946,0.0014436822389343185,0.0040737397990946445,0.001946488734158245,-0.3454668349536802,30.530000000002474
561.3481656288666,-0.004262226117441015,-0.00022490457880935068,-0.0037354485514913983,-0.001714845663890352,0.0010137685452089595,0.0019439165941357566,-0.5548804757478035,-32.330000000001746
552.1236851799846,-0.0036778256696455183,-0.0008683504610997466,-0.0038452018674630523,-0.0003473336479471456,-0.0006208777210578997,0.001737703540555527,-0.5478212584732004,-17.30999999999949
541.1535770189847,-0.0031629628829568947,-0.0014847401744574468,-0.003949563601091346,-0.0009554994089499003,-0.0030151132551916593,0.0012924823978666543,-0.6464355598883523,-25.420000000000073
526.7301599500971,-0.002385513339961664,-0.0018472598936417229,-0.004039973788709655,0.0006228027066872421,-0.0006805096743746075,0.0012108708496306663,-0.4787990207327022,24.790000000000873
624.5917929976131,-0.0017666122468215852,-0.002253326488791814,-0.004150765433288654,0.0020740872268905086,0.0017401041607656431,0.0013018041277017844,-0.037200520631370575,25.639999999999418
597.8538773240975,-0.001243873686511689,-0.0027130344186775505,-0.004281686483257259,0.00021301161667341972,0.0029117680414318947,0.001222390294441793,0.08253780017678762,12.3799999999992
602.5236713390244,-0.0009723360764782135,-0.0030305806298277973,-0.004389520672268939,-0.0007293622980000247,0.0015565099043330921,0.0012273922723608705,-0.0019986111110985947,-14.329999999999927
595.4073390918695,-0.0003361882352941286,-0.0031040044871527253,-0.004504631702224547,0.001954872895541193,0.0014373571479064928,0.0013311790233346294,0.422552085891323,-1.2299999999995634
587.2558374691755,8.226885385034174e-05,-0.0036425899131975136,-0.004628891395001327,-0.00018729411764706327,0.001036561405426406,0.0012264250438547882,0.6039632172617753,-4.25
585.6472184863435,0.0010812363696519737,-0.004050274448244779,-0.004732119053040749,-0.00012802397813804767,0.0016389624179693474,0.00119909974737789,0.8347301574117393,6.3799999999992
609.0358227194905,0.0019331449079025389,-0.0043151250146630125,-0.004781278556609024,0.0005432301007848306,0.00022776470588237174,0.0011617123720532015,1.635835008596559,-14.959999999999127
604.4510936106171,0.0028371148093043553,-0.0041697396128839645,-0.004858059261564496,0.00367445720598214,0.00409111918373406,0.0015018471214243861,2.7074185703529507,41.039999999999054
602.3493270472753,0.0031180089230379996,-0.003924480613002769,-0.004920537058493647,-0.0015628413148867093,0.002650247372112613,0.001482739014804114,1.8294298282005026,-15.30999999999949
594.1262743747168,0.0034904396061222038,-0.0035988431763701893,-0.005000047169174342,0.0006187909632104915,0.002725967356140835,0.0014627286684873962,1.9241455621114025,0.819999999999709
608.6178271518717,0.0034273202606314463,-0.0034398185661342166,-0.005086554596332189,-0.0005414591620612752,-0.001485964897477654,0.001429483718177409,1.5400142668243009,-44.81999999999789
621.6130266776481,0.003533645986875862,-0.0032409628714005663,-0.005211763676166007,-0.00021501095710863005,-0.00013803076114093926,0.0014457600509747543,1.34098412428315,14.3799999999992
570.0618473649305,0.003585208867316286,-0.0031653827673739756,-0.0053483509449358405,-0.00010705904118291087,-0.0008633317661983497,0.0013612481613402192,1.1925872389096777,-7.729999999999563
568.8943917864307,0.0034319177159545778,-0.00302207660837597,-0.005487980696524979,-0.0017638456719567541,-0.0020853246102106038,0.001485910135431953,0.4850118628941424,-13.010000000002037
560.860253144596,0.0026882374488764156,-0.002894978795524346,-0.0056013514224008245,-0.00010914144260520953,-0.0019796531474888246,0.001463936586852092,0.38662870228903184,1.1300000000010186
582.2930520472602,0.002354718176613333,-0.002830730564872085,-0.0057265227270619475,0.0013926462631441705,-0.0004827564831660913,0.0014100216567882067,0.8604641558732357,15.93999999999869
533.0275247259191,0.0018063675214652292,-0.0027232142483570826,-0.005840302157042616,-0.0014132615426538653,-0.0001317224307304521,0.0014782246161068504,0.22302568706576467,3.7400000000016007
552.9353834780862,0.0012316037040583383,-0.0026650675767244236,-0.005975398518524543,-0.000426272300487196,-0.0004488461267025956,0.001483663895138036,-0.02881473912314775,-3.3700000000008004
534.817968144081,0.0006888100855689792,-0.002711493731902262,-0.006123079157722167,-0.0005017660659281109,-0.0023397747614416486,0.0014800254438398065,-0.30150687052980013,-20.1299999999992
527.6041956701325,3.62190844868707e-05,-0.002803256833730196,-0.0062728274906550556,-0.0017104401840418726,-0.0026366776732119623,0.0009651136598412721,-1.058257318346405,-3.1200000000008004
518.3745875788593,-0.00032781262950310814,-0.0029443133095846535,-0.006479929937419808,-0.00020473648904284492,-0.0024156317545431794,0.0009108744738640668,-1.160565803348711,2.360000000000582
554.6742069135089,-0.0011240681903239866,-0.0029863971777196914,-0.006658035808601148,-0.0036463769319474704,-0.005554221236395818,0.001242527161962544,-2.4784881488698693,-33.30999999999949
533.6243837910048,-0.0020045014699711945,-0.0029211764071417493,-0.006819051098210882,0.001228431415262854,-0.002626665370945691,0.0013706351889633808,-1.9026147554357689,31.1299999999992
524.2735192205896,-0.0024968202065490212,-0.0028709115963428855,-0.007003755345651101,0.0021312723781234943,-0.00029631530968721176,0.0015847621627893512,-1.0749454958357871,24.700000000000728
524.2957813454126,-0.0028203452934621744,-0.0026685607425487763,-0.00710961681772193,0.000824076241683569,0.004189168966621137,0.0016241858698259263,-0.7252482536058522,47.36999999999898
539.6059241654268,-0.0021763463782359573,-0.002406293135903783,-0.00722500993048858,0.007758613371865453,0.010738661356616941,0.0027832463606527976,2.0511371047845683,69.29000000000087
516.6864005422925,-0.001031616825750237,-0.0015922253781211297,-0.00717115055792879,0.002610281833692607,0.011221785064302381,0.0028441942281161774,2.455564978323821,5.359999999998763
485.7413749012781,0.0017993030207244082,-0.0008793582264909501,-0.007151030868833648,0.01674109643259869,0.0273041695237215,0.005453141004386154,3.965562568868154,170.61000000000058
511.35260528018955,0.005192220064422782,-0.00011769457119922734,-0.007028921777283001,-4.039699226032756e-05,0.01935389675113952,0.005390221633719706,2.94840460112861,-82.70000000000073
535.224304858076,0.008546528273468459,0.0005819330072745495,-0.006933180067819072,0.001472713483775534,0.018197330983443782,0.005338099491496129,2.5329037578840756,-11.849999999998545
529.3973075917934,0.011424492630604138,0.0012041733322752097,-0.006903458331722658,-0.002011460004584076,-0.0005820839339325534,0.005425205558223648,1.992624975186314,-201.28000000000065
518.0382157562777,0.014030132455642181,0.0016672260590792334,-0.0068429304370714586,-0.001820760714193792,-0.002361483217126037,0.00543233117543516,1.6215122770227126,-19.3799999999992
553.238653553544,0.015612941288229086,0.002253784186694331,-0.00676967991242485,-0.0007362591043039712,-0.004561998624799446,0.005454835423139801,1.40885688435817,-24.040000000000873
522.6955011011705,0.01689369852216757,0.002896308410080122,-0.006694840551950465,0.001589649411387617,-0.000970092489499752,0.005159840892541284,1.4120780735784684,39.20000000000073
517.2887548863342,0.01602737924452189,0.0035518846452110603,-0.006642257297765219,0.0018400000000000638,0.0026937879978723434,0.005149376354642716,1.426156511317451,39.82999999999993
498.2123422375111,0.015057242303935627,0.0042795208634355,-0.006532959675813279,-0.0013602557501094514,0.002067649437175856,0.005271151081601954,1.2021244244986617,-6.819999999999709
499.7643872037449,0.0141592143196014,0.004951679435964307,-0.006494852932326007,0.003528431029237389,0.004007356321839017,0.005262965368699496,1.3547862887216613,21.1299999999992
590.5611998630964,0.013278440615429111,0.005686690538934869,-0.006411836710708459,-0.0035563232581525828,-0.0014006412109763833,0.0052417564448226026,0.9882482662885594,-58.840000000000146
571.2510409852921,0.01263129893311246,0.0064833744058951,-0.006339865944844085,0.0010303545577792228,0.0009898724195072095,0.005231752206639017,0.9830234219928742,26.029999999998836
569.7959395903958,0.012065404933516122,0.007187629173075213,-0.006295609550657726,-0.00036452250306673317,-0.002893233369174353,0.002002567885681694,0.8790387814692353,-42.35999999999876
568.371830835174,0.011259529580550643,0.007935572172531073,-0.006172603427559879,-0.0006907327002230179,-2.573588547538641e-05,0.0020114855202380518,0.7574622672791891,31.30999999999949
558.9593117721223,0.010096147758447985,0.008628431988720361,-0.006046640854994757,-0.0003354942841884423,-0.0013901437522495508,0.0019505894568754016,0.6671394210536787,-14.859999999998763
565.4263712141708,0.008820102853179688,0.009341299518652426,-0.0059015925975606535,-0.003050804445090094,-0.004073669581766914,0.0020565647797695387,0.36905000368496155,-29.210000000000946
594.1228035801712,0.0072623279069606445,0.0101724895884779,-0.005734427824222661,0.0028729165590668515,-0.0005220842559424677,0.0021887819927083703,0.5401552447838991,38.67000000000189
572.4904938243334,0.006306610161352708,0.010990004775196032,-0.005600395625920158,0.0013822227576585355,0.0011953121695651436,0.0022037591765708205,0.5951580603710815,18.679999999998472
572.0642056171123,0.005106587070447048,0.011946883115556745,-0.005439997329936691,-0.001015720711702417,0.003239063549098864,0.002187029545729005,0.43996100775173447,22.1200000000008
633.2889236667567,0.0038214909458588755,0.013143574596774026,-0.00513293051776385,0.000113994057600042,0.0004791337702860776,0.0021121678784831507,0.3858140524319586,-29.910000000001673
634.6295573146909,0.004173063394812366,0.014432402091401635,-0.004906661622724871,0.015095137420718663,0.014179681544923994,0.004828770182855083,2.1257810666296058,149.1900000000005
633.5323942661582,0.004665918875969001,0.015693623029572428,-0.0046576317489022,-0.00045186096084293137,0.014752118083134702,0.0047946785521234105,2.1617569668320082,6.069999999999709
617.0483210254085,0.005809341255489614,0.016713671005727498,-0.004432006323686435,0.0019722364908141277,0.01663755859913585,0.004586650585532041,2.360556104800677,20.530000000000655
627.0446176973944,0.006934204139452262,0.017612250166515485,-0.004212918557499186,0.0008037974683543503,0.0023245031793264204,0.004588685628354683,2.3712497655904845,-155.32999999999993
598.885976979446,0.007807212728682356,0.01786735990311384,-0.003975168167117569,-0.0017183294801916826,0.0010545168926541226,0.0046511808436852506,1.8332182863372586,-14.029999999998836
602.8407711800436,0.00948447420199597,0.01814686361346643,-0.003752140279053713,0.0002570165983850625,-0.0006591320072333318,0.004623228031129137,1.6682707217036699,-18.93000000000211
606.1620661000272,0.011185601873019703,0.018355957923454017,-0.0035419070213249856,0.0004306636110058548,-0.0010317204344789666,0.004603428415697057,1.5572314131471205,-4.1299999999992
673.8212319554983,0.010642137891251664,0.018595965751269563,-0.0033306031903789167,-0.0020067881712542146,-0.0013203775248035177,0.004520978564545496,1.1787977732723236,-3.1700000000000728
657.0064367818284,0.00999730029992073,0.01891985971073329,-0.003094777425682856,-0.0006887002414075472,-0.0022646029797216416,0.004537951077725431,1.0008556454297677,-10.43999999999869
608.7675506821796,0.009138412985837382,0.01925710125710137,-0.0028838660448318766,0.0015705932707514858,-0.0011277444116962743,0.004539035568297897,1.108021754758763,12.55999999999949
623.7594578336063,0.008051676856505692,0.019556472680451128,-0.002625888143088752,-0.0010502489814395721,-0.00017036269129566683,0.00454057632702073,0.8936864154092939,10.589999999998327
621.3294875835369,0.007384103776475923,0.019838769972616008,-0.0024112296792309197,0.001256185763228057,0.001775532115549261,0.0045278330927979,0.9729286235749055,21.460000000000946
631.186712001734,0.006928907838215671,0.020210503344891852,-0.0021844118395279713,0.001736177115411408,0.0019411498415573547,0.0013563489577794396,1.099428836322678,1.860000000000582
626.580467293395,0.006338876197880056,0.02044840961437961,-0.0019658440440876172,-0.00033795872927511184,0.0026555730781083753,0.0013519478999627246,0.9733854294832591,7.860000000000582
608.1702018844074,0.006208290407056873,0.021036893805782633,-0.0015866792642984968,0.00037694233776575103,0.0017751007942241603,0.0012335159141349554,0.9401555930406016,-9.69000000000051
600.269858582475,0.008369795918367475,0.022162955599960257,-0.0012167977190735456,0.02467996822949936,0.024719783417250563,0.007231129319721192,3.0386425451543206,253.9499999999989
604.6878495404957,0.011041095149257359,0.023406128699472985,-0.0008645149353392619,0.00586948853615521,0.031082827881077746,0.007204110538823892,2.8246342437564946,70.29999999999927
584.4385037674422,0.013852719234332895,0.024661144933968263,-0.0005200015457416461,-0.0004479878245500224,0.030232577052048182,0.0072284507489568045,2.3395671965085456,-9.279999999998836
578.1116798269734,0.01634302617071111,0.02589528070806706,-0.0001517225585857871,-0.0013445658227680957,0.0040670194003527005,0.0072950929003890675,1.963638588641131,-288.4599999999991
628.2228665978716,0.01856573146360471,0.02725137772664617,0.00019989665752476502,5.357400062511175e-05,-0.001738473299574994,0.007203882442358218,1.7724896789164228,-65.95000000000073
611.8232531987087,0.020548507160112323,0.028425227750027662,0.0005616454212453951,-0.0020796137258018987,-0.003367992667599462,0.007273156865875838,1.4889500230919213,-18.570000000001528
603.5564102583901,0.022634187755102016,0.02956571010599142,0.0009078617074844647,0.0010516542653602468,-0.0009766276835305732,0.007280876719434874,1.4292095118192256,27.280000000000655
588.201098263559,0.021373416664468996,0.030774997783072338,0.0012227646873453207,0.00011428571428573342,-0.0009159785118291186,0.007237170822355881,1.330161312983693,0.6900000000005093
609.686384212889,0.01866482268142306,0.0317332549710577,0.001563921970758338,-0.006837899844413298,-0.005679813078354745,0.007731781666947327,0.8016518459372218,-54.10999999999876
601.0418814465875,0.016048103287446706,0.03218920837967364,0.0019121781628130298,0.001958665346138533,-0.004778901098901112,0.007731612442965969,0.8654201247515894,10.179999999998472
618.8613272829568,0.014246973254404471,0.03265848803877656,0.0022586066735756894,6.0950617633004356e-05,-0.004831975246784914,0.007721866627966744,0.7992183541579161,-0.6099999999987631
617.8228773003435,0.012532232372782257,0.03304676310340178,0.002606110224059874,0.001226004365211475,0.0032482159151958623,0.007709977017665027,0.8150374118868895,91.66999999999825
561.4414166654997,0.011223293586352599,0.03341687678138827,0.0029494476339333034,0.00014291751101214167,0.0014301311586624177,0.0029236047635409212,0.7579597840400867,-20.5099999999984
587.5035043359936,0.010008966665929042,0.03394461332905781,0.003302028848576403,0.002283707173874827,0.0036559308844454907,0.0024040890352159338,0.846416391115986,25.19999999999891
587.2979774842908,0.008548339632149035,0.03437202304825261,0.0036250615723758543,-0.0019995212413927987,0.0004225770850299071,0.0024529296081792188,0.6388712657742772,-36.599999999998545
586.7202624203593,0.008136163271060225,0.034748810131301676,0.003950273953460911,0.0008289241622574384,0.0011087755571883573,0.0024608997415205757,0.6360514139284194,7.779999999998836
585.3428754892187,0.007543947447823697,0.035343136688157445,0.004276837247701698,0.0007833013198936811,-0.00038987143923274736,0.0024784775885111528,0.6309985111425818,-16.99999999999818
564.0916265160478,0.006792450265152929,0.0359067954352742,0.004601986193418942,-0.0008205460505059659,0.0007910052910051757,0.0024178384193054123,0.5036224036070528,13.399999999997817
603.0620075938953,0.005868036855578438,0.03642524874906224,0.004945315739257748,0.0003586228529990354,0.0003207218002714285,0.0023959909508642335,0.47006193165162463,-5.329999999998108
617.7311868483318,0.004865427041687884,0.03682558660169776,0.005295593720672924,-0.0012375539943487723,-0.0016991994393523724,0.0024137197506162965,0.28779626645698503,-22.94000000000233
613.370702395135,0.0036184107881436934,0.03723173826540538,0.005635825955740047,0.0013096404529857608,0.00042911383147559157,0.0012766944963794337,0.3476365822190943,24.17000000000189
587.3498197259964,0.0023915179167058377,0.03743415995552556,0.005964999016809849,-0.0031945139265658895,-0.0031242733223877384,0.0015459413285460759,-0.13549086068495814,-40.340000000001965
587.2321249620824,0.0010046102757258052,0.03764534889998936,0.006279157925399877,-0.0009578027792185306,-0.002845050573287433,0.001568805154847062,-0.5056679666396006,3.210000000000946
581.2130417657297,-0.00040009864768360823,0.03783892890544008,0.006598576661765395,0.001065736954893426,-0.0030879420530850465,0.0015570691697325313,-1.0751665783319808,-2.7999999999992724
593.2395359012286,-0.001302998666736621,0.03722981072465398,0.006935675870890853,0.003536600234300691,0.003643891754148587,0.0018831623274256058,0.2837847669321929,76.29999999999927
585.6401145366366,-0.0015105727616745363,0.03629607657372583,0.00726290751820858,-0.00204951046808588,0.002547155543645374,0.0018547924677956302,-0.45923235952734276,-12.43999999999869
576.2193201016631,-0.0012936091880327556,0.035404879513464424,0.007596079731420322,9.527565098421675e-05,0.00157525811085657,0.001766297464641401,-0.3498037616978537,-10.970000000001164
582.1662977278208,-0.0014706063176428787,0.0344928341549299,0.00789875639708314,-0.0018083007177630561,-0.003759196605982451,0.0018140175851077175,-1.133661904206015,-60.529999999998836
586.57880755065,-0.0009635772774951768,0.03365280503741462,0.008205469594750688,0.0026775985740681296,0.0009598139654696247,0.001985762787502871,0.29025918793568617,53.57999999999811
535.4087483921007,-0.00013467520916685303,0.03297661131494448,0.008540520480979669,0.0018173149040092706,0.00268334184557828,0.0020421868147885765,1.2595018122795782,19.540000000000873
666.3961028295041,0.00027839816935940623,0.03221389335620738,0.008869099237740425,-0.0017480379659419176,0.002743875766495707,0.0021105657734674646,0.39379176427721946,0.6299999999991996
677.3113755848684,0.00012348661659121642,0.03142420921705631,0.009197582201527076,-0.001035501394181404,-0.0009694696384142665,0.002100937203927659,-0.12404802909198598,-42.04999999999927
638.6379804338994,0.0003892044957476775,0.030927115574659,0.009507963996199192,0.001199780157929986,-0.0015852865700187735,0.0020948265198894,0.5685204033549326,-7.020000000000437
645.3616283589768,0.0007632987637427783,0.0304714345849919,0.009860348371808587,0.003878752419814724,0.004042421187328005,0.0021194977524806725,2.640021731273823,63.89000000000124
655.8903119726733,0.0013040166796453154,0.029952699935073046,0.01020483092261631,-0.0016703194848078917,0.003404376198126169,0.0021750143084064595,1.4896288091891896,-7.280000000000655
656.0996339306572,0.001266941790048694,0.029333029160964388,0.010512565051383904,-0.001952699138385694,0.00024495528684886914,0.00227543317948949,0.3152649889159978,-35.80999999999949
684.7323045414422,0.0013264623246691627,0.028821743354019085,0.010836613359211865,0.003050620210557131,-0.0005801792850541609,0.0022150482479944282,1.84152377862089,-9.390000000001237
672.8876661358987,0.001972467541562701,0.028310008145540532,0.01123862845146501,0.003247728434398134,0.004343238966062923,0.0022525187609274593,2.817578026195391,56.01000000000022
675.9473312575452,0.0024338241056483544,0.027755474175081934,0.011571254245389817,-0.004247421958436193,0.0020340404464844752,0.002660879854226589,0.8796740638131283,-26.31000000000131
688.1309896173125,0.00296783697102282,0.027278898768790267,0.011924808881757037,0.0033213537197755993,0.0023044995705410187,0.00270583240323355,2.0030631405537975,3.150000000001455
682.7751495171891,0.002947626315115436,0.026757060818981777,0.012262106593070744,-0.0004424910581757313,-0.001382250468336843,0.002649053548219322,1.6477676087020465,-42.029999999998836
662.8440052855021,0.003194275625649432,0.026247634535222254,0.012625700595419604,-1.3149117124577892e-05,0.002864206039975725,0.0026157545887102044,1.4860065997491327,48.36999999999898
665.6193911599163,0.0031756801153630825,0.025573835459807855,0.012975078190690414,-0.005122963394129654,-0.005576263552931504,0.00300790450152227,-0.2948271927748347,-96.21999999999935
650.28649215764,0.002315008100589659,0.024889563441042598,0.013244939149653334,-0.004018849204600938,-0.009134253362448441,0.003218777644957,-1.5613514547565006,-40.56000000000131
652.7435838602571,0.0011441757663582647,0.024206778338460928,0.013532696559659977,0.0021604100001682003,-0.0069805197651360285,0.0032691430490335836,-0.8088873149332316,24.570000000001528
658.3430822606559,0.0008873314195986952,0.023722921834527635,0.013795949138273655,0.0023994004147307457,0.0005277988760263863,0.003128232958047429,-0.07829402347711463,85.61999999999898
666.4910287414516,0.0001253263156229139,0.023296794022130106,0.014092715931597994,0.0009264632968180031,0.005495686699854341,0.0031126411542379074,0.1678032174179519,56.13000000000102
676.7517155800443,-0.0005744949233180002,0.022837040675926942,0.01437626583044297,0.0003484219389680021,0.0036776681853452065,0.00305563900405342,0.23371942085445835,-20.460000000000946
678.8292344800727,-0.0011925633165384894,0.02225569770522976,0.014651570233244014,0.0003597346934647305,0.0016354014659607508,0.0029177791587415352,0.34480182264676307,-23.090000000000146
677.2839114957828,-0.0007756577582706619,0.021760401558838377,0.014983493270671675,0.0015474459229196658,0.0022568239228615283,0.0027789351466861348,0.8372050700979318,7.079999999999927
670.6926170306521,-5.156923856242469e-05,0.021240271668398054,0.01526778065155928,-0.0017610115896684597,0.00014336614922938473,0.00253422727299486,0.14807175532471958,-24.019999999998618
659.7053134068198,0.0005983237578449566,0.020846033854330388,0.015602679427406023,0.0022240553261243523,0.0020072835466053984,0.0024197311295026188,0.9100074155547933,21.19999999999891
708.9217804021604,0.0007512219123868535,0.020291686663083248,0.01594539674938519,-0.000824821149818189,-0.0003660726983508722,0.0024269266354796145,0.5330850955174049,-27.0
728.619772389713,0.0006355236982727342,0.019619176773305377,0.016225568823592943,-0.0023728792720828507,-0.0009787954044985225,0.002509219814847642,-0.3929604265069096,-6.960000000000946
749.1590648216452,0.000620942640084204,0.019023737540832485,0.016516756409727825,0.0007834513938831389,-0.002414795536489156,0.002017875253815108,-0.11828207667725911,-16.389999999999418
616.8252119817367,0.00044799293653667577,0.018442504392998015,0.01681841006281594,-0.0003667904254505139,-0.001957493670419308,0.0015545676074359808,-0.3194167171771956,5.229999999999563
595.8712484179518,-2.199516186913082e-05,0.017685878241060084,0.017222460458342026,-0.00033260828247405616,8.362683417861838e-05,0.0014697696899654558,-0.48169825356877777,23.2400000000016
603.6167852948741,-0.001208115751516245,0.016571580674004504,0.017456371896179254,-0.009764156839134785,-0.010456605702051758,0.0031182215725271195,-3.214703891069834,-119.82999999999993
598.1837406459944,-0.0024370670082824826,0.015595630095616706,0.01764744068965083,0.0011546656402972033,-0.00895050647970208,0.0031301771095588174,-2.3641957803802165,17.159999999999854
594.89986937118,-0.003328220404910541,0.015003754876897002,0.017668064218502613,0.0027079818875965778,-0.005936128524576367,0.0032761814052663725,-1.5071820167004577,34.279999999998836
582.5508150749839,-0.0022654730212948765,0.014549586814060782,0.017969279447033134,0.01614645592597519,0.02007464882253429,0.005841550826090388,2.2079952102928875,293.28000000000065
622.6647535401013,-0.0012259246578029623,0.014151721608479183,0.01817569702147364,0.0001899641420897158,0.019091716239012735,0.005838096770467,2.049093336502544,-10.80999999999949
607.1396612799184,0.0007070922806300987,0.014056376926037758,0.01849457799131781,0.006981163143849445,0.023434719086200095,0.00605161005402344,2.74743687436086,49.6299999999992
615.0241214407166,0.002569676732473357,0.013978852316115222,0.01886448273587981,0.0005909245070150337,0.007767616342144512,0.006049197199963644,2.389008284536848,-175.52000000000044
589.7543903222162,0.005833027908644716,0.013919275702959439,0.019183697529180466,-0.001036749707522433,0.0065316086471283175,0.006056082487202421,1.962739881003022,-14.170000000000073
597.5536322153526,0.009006259734509714,0.013874970689049049,0.01953044901435038,0.0009659828615944388,0.0005191137689735115,0.005951632157873593,1.8556756630427484,-68.96999999999935
611.989549913315,0.01173532899662609,0.014030447505474924,0.019834433842650583,-0.0007955614588522897,-0.0008672726911135298,0.005986309410882139,1.5744304739323391,-16.030000000000655
605.4115226061401,0.012159037110502143,0.014493593740258222,0.020021367962937145,0.0017481670209158473,0.0019181165065351724,0.005961606490299854,1.603726872891339,32.19000000000051
626.3054545741236,0.013251274747040652,0.014823414346854668,0.020583233709953908,0.009291448239160394,0.010251501189883161,0.006322296396529302,2.2515831812920015,96.38999999999942
561.3240610999628,0.01252888356464722,0.014835950984397982,0.020973632013919045,-0.011406600009757906,-0.00047685149926945947,0.0066191650019997005,0.9879102795707307,-124.05999999999767
561.5948920100628,0.011231278195488902,0.014735489941794211,0.021297875139736237,-0.004714510214772205,-0.006925174252450872,0.006914600893785165,0.46704485730516593,-74.65000000000146
531.1177118816643,0.009914321736672317,0.014593797982647984,0.021577647428316943,-0.0015667681600696204,-0.017608928065491636,0.006969108005779754,0.27193477450352,-125.55999999999949
555.5029450419904,0.008509462264519195,0.014430900773135148,0.021929279719613826,0.0005811628310210537,-0.00569637515206356,0.0051893451259742655,0.29251330649596075,139.92999999999847
565.1689728205583,0.006933417397265265,0.014169287930032713,0.02215176004341224,-0.003186266399388349,-0.004169638973466783,0.005273043780549963,-0.054140723354854266,17.860000000000582
562.1061742705444,0.005410288643394285,0.014038666900325394,0.022436157803259568,0.002778003454159128,0.0001638060153403842,0.004876461858320606,0.1926356056227046,49.81000000000131
569.7241354947977,0.0025690982373007655,0.013830140012292628,0.022739066614296324,0.0007091290344780621,0.0002917188422506545,0.004879122367730436,0.23352440962880658,1.4699999999993452
559.839145090339,0.0014998471286990932,0.013615647399644281,0.023079746483760325,0.00022460152816083934,0.003714487637447972,0.004881332992965409,0.22015329051073546,39.17000000000007
574.7598372497846,0.0008547556599364332,0.013460759072223208,0.023394370874117765,-0.002163697747265214,-0.0012318285684915775,0.0048825483010733845,-0.04971913764322155,-56.66000000000167
540.4134427924535,0.00032743326549623336,0.01326901564179767,0.0236720077214471,-8.896851474049505e-05,-0.0020283781419186964,0.004885661395336046,-0.09846837097657533,-9.159999999999854
542.646138707039,-9.944142280997288e-05,0.013088964293216657,0.024048738339273193,0.0014820681960727722,-0.0007737438846816547,0.004874380350611851,0.018687515738435703,14.410000000001673
597.5810119967855,-0.00039317527046470933,0.012984098661554708,0.024275508678738872,-0.0029841385978207624,-0.001595327582943451,0.0037523443963150367,-0.3639552192711287,-9.399999999999636
571.0299530403405,-0.0005560739750069335,0.013297213160482055,0.024647698632039163,0.005227826293590088,0.003713457510701401,0.002786681176590153,0.15491789371988945,60.86000000000058
576.6258768628429,-0.0013710356233542793,0.013446220538860543,0.025104434071883116,-0.0015669703848681937,0.0006576254061163578,0.0024636727543951202,-0.2023419628535227,-35.020000000002256
570.8112849910948,-0.002811606064583083,0.013423889139197554,0.025581026818222625,-0.006053141253019478,-0.0024225872847803975,0.002997889007670515,-1.5509498148905796,-35.280000000000655
596.1850514264012,-0.004666477946540072,0.012727072873162576,0.025793814934170992,-0.007816995089637846,-0.015368129404116693,0.0036518483916602685,-2.541288693442328,-149.09999999999854
582.6539908194808,-0.00534028798252085,0.012052321984862781,0.026118676833009735,0.004641884645768313,-0.009245098252562367,0.003937203280482085,-1.6070125325168003,70.6200000000008
565.5446915477393,-0.006557699124311996,0.011116772969192803,0.026321312230276624,-0.0028922759013322308,-0.006094383691327532,0.0038516088297768634,-1.8212466071765,36.6200000000008
555.6862232294806,-0.00675052100875793,0.010168899897680425,0.026596268114804707,0.0026953631647210763,0.004436225942124228,0.003969789311953259,-1.2995915443129096,119.84999999999673
615.026220932682,-0.007709647487208585,0.009291327010666766,0.026903927002774133,-0.0001942053004865274,-0.0003988740155543846,0.0039620402171373255,-1.215736820454172,-54.79999999999927
614.2684032327547,-0.008333314106554366,0.008399447334877727,0.027246693469311363,0.0013482751043727426,0.003852281057914464,0.003982567276311038,-0.9412502699119224,48.26000000000022
613.9191531181827,-0.008020290888040932,0.00759045821710254,0.02754861919887993,0.0003238876346898234,0.0014780693005358447,0.00398837803405904,-0.8215077560165078,-26.899999999997817
624.1474711975463,-0.006294283047327025,0.006744730162136285,0.027900254778661066,0.003014952797035564,0.004692595034058389,0.004080498923288646,-0.3150672600703865,36.56999999999789
597.666271878196,-0.00510706323881142,0.005555294295752223,0.02826294621636086,0.0006657399380101126,0.004007780325186783,0.004001952670352212,-0.09761804978440579,-7.729999999999563
602.2535317494305,-0.0030843679221540824,0.004785186078641184,0.02867433358947101,0.0004948201250163375,0.004179342308579859,0.0036524215263215665,0.09287165998347638,1.9699999999993452
607.873659864894,-0.0020770568938542964,0.004303715509592069,0.028958044909891574,-0.0015746022425412454,-0.00041554069718108266,0.003652635332469744,-0.21419132928716866,-52.3799999999992
614.0951556428831,-0.0008448650807355318,0.0038347221701972188,0.02942487542553941,0.003693285746542596,0.0026087336626305913,0.0033646222552252353,0.6593912275439924,34.590000000000146
615.0092240974141,-0.00020970525414117842,0.003331560283969981,0.02979173273007706,-0.003255048245866421,-0.0011490576853171452,0.00250340916747269,-0.06421196496940636,-42.98999999999978
621.5686595774764,0.00043061723903298096,0.0028403371453335487,0.030287179024429574,0.0002458225476138498,0.0006721429984228866,0.002182717844280784,0.006436475252914101,20.829999999999927
587.5442209761121,5.503532014547109e-05,0.0024832621166752094,0.030623297659432194,-0.004460451537631305,-0.007457051325649555,0.002429471538787277,-0.981455225516306,-93.20000000000073
566.9513974570476,-0.000236859452555385,0.002169564936003682,0.03095903194217718,0.0006729439629196143,-0.0035456184536625246,0.0023116927225200158,-0.751741718565339,44.98999999999978
581.9123937110298,-0.0005300014154064832,0.0018555737754578838,0.03128875659716414,0.0003977005358861696,-0.00339431616030339,0.0023115949524682975,-0.591297140088683,1.7200000000011642
562.8614528082381,-0.0005428967668824076,0.001685450585660418,0.03156849154957734,0.00043878855744750034,0.0015101705904161378,0.0022827718332065947,-0.4271375439585739,56.0
571.8431863280375,-0.0009172808640428435,0.0015263897469556915,0.03192900147607371,0.00245526100415705,0.003293978831445221,0.002386185176282421,0.24661372610020668,20.329999999999927
577.9017067700732,-0.0008211163635669129,0.0012058134651891964,0.03237733371607076,8.487924396205493e-05,0.0029802518821835378,0.002219676399068651,0.33508871982493776,-3.5600000000013097
594.3034325021517,-0.0009948280314178077,0.0010147303007493065,0.03273516922969701,-0.002832276224366548,-0.00029912254462938215,0.002348565849306868,-0.40643766693255223,-37.36999999999898
582.0351054200797,-0.0006364497547519912,0.0005752205490217762,0.033138386771331615,0.00010353965217690941,-0.0026443822191108968,0.0023391760129515297,-0.30439130736602915,-26.80999999999949
568.8791826854756,-0.00030383381789704685,0.00020798835795369066,0.03342141185663701,-0.001353772401292197,-0.004079107741117416,0.0023293928610270257,-0.6908664173027882,-16.399999999999636
573.2590637838756,0.0001837392031877427,0.0003941423630310594,0.03351089804433885,0.0026716802769199965,0.0014179667620166647,0.0021835900371296305,0.27937477310247,62.779999999998836
559.2267698237446,0.0013568017786904371,0.0005631821665120935,0.03424571459663021,0.009779404806549818,0.01110654881915596,0.003487990036807932,3.0973742623959084,110.43000000000029
562.5778293248499,0.0007275830047924711,0.0003951410335598669,0.03476810935615752,-0.011233585870637719,0.0011034628174322325,0.0049052263502648566,-0.4932144366553025,-114.03000000000065
562.4385675206336,-0.00030509636838072944,0.00030065528532497837,0.03514524876158828,-0.005433127598199583,-0.006988668823317057,0.004988049756149527,-2.11911416518316,-92.31999999999971
557.0999025913636,-0.0011940505749101172,0.00015543425125487184,0.03542954120455215,-0.001385334862790133,-0.017968010398833223,0.004984912196032519,-2.216140800589794,-127.31000000000131
573.0831164843886,-0.0018667508890314029,7.88568765099169e-05,0.03564910204432514,0.0011707739478497015,-0.005648135878212335,0.005002891861532515,-1.7413974610873173,142.71000000000095
576.5897587351664,-0.0020699921701133133,-5.146659409733858e-05,0.03598373602830816,0.0027077238086412603,0.002490955616341717,0.005082242270211496,-0.9955205466764946,92.59000000000015
597.8782094881052,-0.0026366362287121334,-0.0001195593983739015,0.03623688366617154,-0.00028430020341108087,0.003596264126602744,0.005009603833628642,-1.0085363926720712,12.470000000001164
598.6686045481213,-0.00435297968133268,-0.000291445956453315,0.03654272664535956,0.0022433527029406264,0.004671441368689022,0.005070903337014729,-0.4140195894226875,12.229999999999563
612.439241465799,-0.0042399808103224254,-0.0004991092770149272,0.03689345458036556,0.0008389350181141619,0.0027989927146974125,0.005016035557614007,-0.1669185939721976,-21.1299999999992
598.2070591915519,-0.003371539562338803,-0.0006957948890181686,0.037185064745269565,-0.00041341065546218747,0.0026694840640957285,0.0050171488207294175,-0.22405856892230142,-1.4800000000013824
598.2740648117806,-0.0021362732178558546,-0.0008286829700511844,0.0375420964912281,0.001411972968796027,0.0018377508459628267,0.00501572032254741,0.16010453879398281,-9.399999999999636
597.1013165714002,-0.001175077694235944,-0.0011513151946974734,0.0378886438240314,-0.0003858160008417544,0.0006117775517135993,0.004954528014206058,0.1328596149075288,-13.950000000000728
598.0443578436368,-0.0004820820610016126,-0.0014533165100392433,0.03832421523646693,-0.00031578947368426924,0.0007094988549671832,0.003865187550916977,0.0821064561457196,1.110000000000582
585.7294043457102,-0.0002114347134579129,-0.0017242174169523749,0.0386170670818901,-0.0032229475974868693,-0.003922170390375568,0.00229572633084283,-0.754162091197117,-52.80999999999949
598.1395408444635,-0.000163247930155357,-0.0017136624660354985,0.03887228864451499,0.0008398131283742227,-0.0027008771929825093,0.0016261707737284885,-0.5001532510105999,13.93999999999869
597.5659882165824,-0.00019404964086832129,-0.0017854964157394714,0.03924605573194958,0.0021408699461087366,-0.0002500789723071106,0.0016190113401356216,0.0993311414090747,27.94000000000051
593.9653612881018,-0.00024068864574410646,-0.0018748187908433948,0.03959597347971477,-0.0009838900079429669,0.001995656563967163,0.001664082030606053,-0.16507501569344765,25.520000000000437
620.3159259897861,-0.00048674330933181546,-0.0019998685713804036,0.03994550472736026,-0.00013266164953784632,0.0010220587006486426,0.0014966898204947642,-0.18283757615031054,-11.049999999999272
566.7609875817658,-0.0006605986143027994,-0.0023232891729021107,0.040452443837077065,-6.150693754314318e-06,-0.0011225649599991838,0.001491587461324606,-0.13884490123281085,-24.409999999999854
563.9085519457993,-0.0011002931510626212,-0.002646044296013702,0.04082298548322752,-0.003938225566658127,-0.004076490422883161,0.0017539841401569734,-1.1702281198195459,-33.61000000000058
568.0791025160121,-0.0011419935591893207,-0.002897934122571613,0.04118630634009944,-0.0006819019860727638,-0.004623564362177479,0.001714992696382029,-1.2502057878403803,-6.220000000001164
561.2134315170289,-0.001504422611927033,-0.0032184230229643953,0.04157058248088988,-0.0008324351331762125,-0.00544603348106798,0.0017179100068915488,-1.3469973672875368,-9.359999999998763
562.2411969718702,-0.0023472962925454913,-0.0032576714289139145,0.04158907475574869,-0.0016954124031035578,-0.0032066154196299657,0.0016341965015613117,-1.612478907520096,25.6299999999992
546.6006056744235,-0.0024350968001304514,-0.003367448591567475,0.04183669119401284,0.006319698325337519,0.0037772957951875963,0.0026236228649140305,-0.0008131223417011037,79.14000000000124
556.8917169688942,-0.002356177249839827,-0.0038378341959175123,0.0419545134448373,0.000527658077565718,0.005143663893105055,0.0026317897301930964,0.397454126126446,15.429999999998472
544.1432660364222,-0.0017289801649991862,-0.0038814136271874294,0.04213509464876107,0.001494242770501808,0.00835517040883782,0.0024769852682591177,0.9581232818507641,36.19000000000051
585.1530946173364,-0.0010069491291646929,-0.0036542975261302847,0.042283335290211506,-8.77654906090708e-05,0.0019347462844077068,0.0024715195906379345,0.8505384327494595,-72.40999999999985
599.0525566014853,-0.0003366347973326021,-0.003170738307418736,0.04227777482744941,0.0006644430790836431,0.0020717236529841365,0.0024005997160917187,1.0290630153553109,1.569999999999709
608.9479774005529,0.0009237037607712158,-0.0027421196452443344,0.04243993940453727,0.005176056986624378,0.005755660874144253,0.0027861386364458874,2.5404257992361337,42.01000000000022
587.6715535477628,0.0026301998642140707,-0.002154290946806782,0.04238881669875903,0.0016204782374222848,0.007473887474765073,0.002792056627714603,2.5110656267067912,19.56999999999971
599.0019096268869,0.00428825185320249,-0.001776565964915728,0.042876127133801664,0.0074254126318265,0.01428086490412328,0.00338019013986201,3.260346609496839,77.65999999999985
598.7413205926902,0.005274560414553899,-0.0014539885330386213,0.043068326438323805,-0.006208392355868231,0.0027932960893854997,0.0037457664395744304,1.7044349045934244,-130.79999999999927
593.6085197882865,0.006173779086379933,-0.0012174360907454044,0.04330508109940985,0.0006448193853070272,0.001816494818415837,0.0037063620683795663,1.6453975625815924,-11.159999999999854
594.1401110351255,0.007121041353592541,-0.0010535401714668268,0.04358270133990735,-1.0435690060095482e-05,-0.005577953850863682,0.003671728433259512,1.48807447422011,-85.35000000000036
607.820357452573,0.007807367308755551,-0.0007935023485592335,0.04365187754403401,-0.00158276284298986,-0.0009493899451685772,0.0036634456073413747,1.1222320534399473,53.590000000000146
583.8880301626609,0.008201221582446443,-0.0005370920014846438,0.04394761405590946,0.004194873474393512,0.0025950082615879833,0.0034453083661505775,1.655027853318611,40.75
585.4659470798068,0.008263263503577142,-0.00024558983737059257,0.04417093940245159,-0.001258582823597143,0.0013436091167140507,0.0035127970576870893,1.325797945710021,-14.389999999999418
590.3151890425243,0.007284201884207911,-0.0002755525358641739,0.04503167125801183,0.00040992398168193667,0.0033421365284982407,0.0035130431192885326,1.2686824939416037,22.919999999998254
581.9314604752199,0.005613803245333865,-0.0003333676983837717,0.04522120415442182,-0.014988215173994401,-0.015824662325090832,0.00579326406093243,-0.9942213570549124,-220.8099999999995
604.2737024856199,0.0037676622941654656,-0.00048080384745127704,0.04545535673338073,-5.2880208700534226e-05,-0.01463654420187721,0.0057858108982178375,-0.9585522214465668,13.909999999999854
595.6585027664813,0.0019437961416983892,-0.0006265683752158005,0.045668771131695506,-0.0006416471293341219,-0.015672299364964948,0.0055147926294600875,-1.0101007799135873,-11.999999999998181
602.2469956070357,0.00023930283859455474,-0.0007253282108655868,0.04580763554843129,-0.0006623439390679442,-0.0013563773531692913,0.0054601520340406655,-1.0565043941732817,165.13999999999942
621.6262131770852,-0.0020145758014885004,-0.0009796677423053737,0.04617503245332808,0.0006142435669900248,-0.0006901232174020278,0.004813514221278834,-0.9335470578217329,7.559999999999491
628.5693510675652,-0.004597510577267626,-0.0011289776235588237,0.04634983574015686,-0.004762757354270675,-0.004811033538768772,0.004705344797002751,-1.5130879741236434,-46.720000000001164
608.5334754589801,-0.007507297527205611,-0.0011216526593983772,0.0462146758418717,-0.0010678865682910432,-0.005214892582391162,0.004659863976915042,-1.5692072339848595,-4.539999999999054
632.1192591691956,-0.007822684076949103,-0.0009906893894479382,0.046118746823143666,0.0038742290576938565,-0.001973898325714374,0.004912271491779012,-1.0700861285011083,36.710000000000946
628.9897960093052,-0.007840233391277662,-0.0008199759669493021,0.04619073246436944,0.0031849863772015485,0.00599611661498578,0.005079662564785841,-0.703850182500627,90.03999999999905
621.2980864901655,-0.007934164181271778,-0.0009690134973426291,0.04618220731287062,-0.0006818404052986171,0.006384892724575764,0.004820894749586746,-0.7740641821154354,4.309999999999491
574.525268929834,-0.00756851216440254,-0.001229617161252128,0.04634146790931611,0.0009767372567963672,0.0034801543710931693,0.004867124850001224,-0.6321632204622216,-32.590000000000146
591.2904493664761,-0.007636195097544437,-0.0015105968164858675,0.04633448912810974,-0.0032505590063205414,-0.0029572845485625887,0.004875186648226124,-0.9965747671717646,-72.94999999999891
586.5550952910111,-0.006904938981657301,-0.0015502130196452355,0.046235734972134276,0.00029687066511407956,-0.001980802000019377,0.0023719627371520495,-0.908478449657349,11.100000000000364
584.7583210352223,-0.005766652148408503,-0.001612412986568427,0.04625386991708657,0.0024007589154011466,-0.0005609878317599515,0.0024869842114448237,-0.5810306852548148,16.100000000000364
582.1448509545904,-0.005148147197222461,-0.001826103281750244,0.0463127868068341,0.00018328251942967277,0.0028821193738151063,0.002478316180279107,-0.510374442060518,38.98999999999978
577.8935828552344,-0.004825764946588442,-0.002230325272568445,0.046518178128591436,-0.00045900333724502307,0.0021242918291168866,0.0024733787699964408,-0.5130740557639231,-8.570000000001528
594.3938027079693,-0.004779909042978671,-0.002905441027453656,0.04649519170815514,-0.004104721972734482,-0.0043793948152195394,0.0027458882501242452,-0.971092843531648,-73.75
594.8400475203364,-0.004441226791407438,-0.0032916668027458806,0.04647633354442309,0.001037269114692707,-0.003529303971215758,0.0023707285266539105,-0.7632054236467287,9.640000000001237
579.7226549289182,-0.003807304379957348,-0.0036702547917800824,0.04642868695861555,0.0008240043428211496,-0.0022502373193881153,0.0023415336823531716,-0.5863278796700322,14.530000000000655
548.6463247742892,-0.003053103657924807,-0.004103584041526008,0.04652664212967981,0.0013233285688794005,0.003187920948056977,0.002096108259175958,-0.32864441977948117,61.54999999999927
555.1501660569676,-0.0028608708895979033,-0.004424330736093645,0.046594575930758594,-0.0020238343102554346,0.00012024097706397896,0.0019429123818036917,-0.5806598814730597,-34.66000000000167
558.5560505743215,-0.002923356353610294,-0.004919728026244417,0.04631410646024073,-0.001609797754239195,-0.002311849709450753,0.0019780825601656343,-0.8281351367546038,-27.529999999998836
547.1007676611266,-0.002416734255773247,-0.005411566798022251,0.04612860565030434,0.003115877160593694,-0.000525808739717748,0.0021947248170180187,-0.11857019909513397,20.209999999999127
553.9975433801693,-0.0013400449105099516,-0.005889679774216013,0.04590901715695524,0.0004139832782532604,0.0019156681677301446,0.0019738163129325035,0.31196296235231236,27.63000000000102
553.1371737414033,-0.0002557708042243884,-0.005739247595176863,0.04573287488161096,0.0013543739219050721,0.004890306779755438,0.0020059471054274312,0.9827873155987131,33.55999999999949
531.8112846391736,0.00016257491124106453,-0.00564410090181943,0.04561433006889939,0.0006009340029957677,0.0023709148942181457,0.001890795335214489,1.240327723780606,-28.36999999999898
572.9299985601396,0.00032871841433124177,-0.005494636104275438,0.04547564601368253,-0.0005996924924840386,0.0013552562501930598,0.0018994423499215716,0.9142513796868085,-11.5
558.8161310822732,0.0007489588492091149,-0.005296012969335177,0.04530872325464701,-8.723227841012093e-05,-8.635122037181642e-05,0.0018944893222950065,0.8289803922480832,-16.340000000000146
540.1962144280762,0.0014150266742569322,-0.0052218100642915,0.04527983156310284,0.0004247436997819598,-0.0002624205033189275,0.0013789789198195188,0.9866516252205378,-2.0
554.9609079324669,0.0013745761188996893,-0.004931732217225648,0.04512703507580389,-0.0028433414017990932,-0.002506826586636257,0.0016447931952921944,-0.4405533438097886,-25.470000000001164
562.9914222405532,0.0011739667135963073,-0.004554670557414598,0.04494390189481883,0.0009230992106397107,-0.0014989399031725137,0.0016491415822549888,-0.10090409783218604,11.44000000000051
555.1271544986166,0.0008870467114434514,-0.0043613632576311135,0.0448695261201084,0.00145618087001953,-0.0004694860493057451,0.0016586458404246605,0.7200110696729333,11.680000000000291
571.4652602788774,0.0005571315142730109,-0.004303963611651957,0.044727977026077906,-0.001102444501040356,0.0012755552728840325,0.0015707002637683355,0.0815489553568584,19.770000000000437
566.5931871743117,0.0004894593262715257,-0.004211294845293742,0.04465434420488186,0.0004905161005734904,0.0008428198368899409,0.0014679358891643726,0.39816645550055907,-4.890000000001237
583.0143011890453,0.00027733926647965294,-0.00403663625117651,0.04434845112882458,-0.0012662514020470583,-0.0018779450293500144,0.0012441287876985708,-0.3427859085724128,-30.859999999998763
601.5824031969422,0.0004405311693415585,-0.003922124816116843,0.04436490323230187,0.003882149352827824,0.0031027790030877522,0.0016803594451819475,1.9027287415294323,56.47999999999956
581.7939954276666,0.0005419034794620418,-0.003910719763010544,0.044255808067332925,-0.0033095371485210023,-0.0007071961172991914,0.001927759409386312,-0.12253143953314384,-43.18999999999869
580.1517881545747,0.0004459402810005338,-0.0038925926086234397,0.04405386560850464,-0.0007421107712834996,-0.00018276209143419653,0.0019211223978107947,-0.5226445894393499,5.94999999999709
592.8865500991935,0.0003978485766128622,-0.003932206858348314,0.04394120470456123,0.0015656831915564773,-0.0024898484367427143,0.001984025197296692,0.46182573652122183,-26.239999999997963
591.9971004002028,0.00047004279852211903,-0.0039130663960966015,0.04379492904293043,-0.0004426081789054015,0.00037943832538855915,0.0019872694904218375,0.20822272157613347,32.60999999999876
586.9663244452152,0.00048810966154408576,-0.003706231845703554,0.043638607516016656,0.0003369545658225004,0.001459714786036681,0.001985401850701309,0.35216451770289764,12.230000000001382
578.1352241191317,0.0006042964584528162,-0.0035304250433432728,0.04351412106810315,0.0007953681708119387,0.0006894812667410655,0.0017950058611968397,0.8259912884885212,-8.710000000000946
570.4732141697859,0.0002079168876207465,-0.003383946516833352,0.04340796804234043,-7.92973898822158e-06,0.0011246520194339027,0.0017817165159871823,0.7520013516720346,4.930000000000291
579.632031923552,0.00031866026949576177,-0.003252752613431384,0.043300218664285135,6.167623676223144e-06,0.0007936046050229795,0.001732686077766784,0.7098845983301982,-3.75
583.8144712976524,0.0006094964932671571,-0.002988197184261932,0.043139162461910824,0.00020969791165570406,0.0002079353779138593,0.00169663526557479,0.7936157504544381,-6.639999999999418
571.448136528739,0.0007407357141350547,-0.0026364609527057756,0.04299249778146144,0.001412961899359022,0.0016291337396328043,0.0017350880456193825,1.9584808215607306,16.1299999999992
574.7906276318138,0.0009428470966447443,-0.0024380236186819287,0.042896573384593975,0.0006966875672937967,0.0023207743668092196,0.0016754451869663777,2.203109060217833,7.850000000000364
557.2514739460973,0.0011851305441505629,-0.002199569814650154,0.04276170237288562,-0.0003551336146273565,0.0017547506879818098,0.00126300170231156,1.704762982755764,-6.420000000001892
569.7435996097529,0.0013874595896801467,-0.002064254384007264,0.04267630737641699,0.0005636671251043612,0.0009051660438703646,0.0007105797547495479,1.8823954505908116,-9.62999999999738
575.1106683779583,0.0015990946094213492,-0.0019188978699030599,0.04251929912359493,-0.0004587651834139228,-0.00025052742616038515,0.0006753078896047966,1.449925513875914,-13.140000000001237
571.3146271154195,0.0019300169334515972,-0.0016542117644998307,0.04221519857593253,0.0009592768933848195,0.0010640206261718355,0.0005947912591553119,1.8455576609517486,14.950000000000728
585.402082615767,0.0026615967491767645,-0.00139102366376407,0.042115665153645294,0.004520355655188046,0.0050226877839267825,0.0013143494001952704,3.225556358175209,45.04999999999927
576.2819579516383,0.003188171822021072,-0.0011403688773042786,0.04202642723982175,-9.881492052843388e-05,0.005384612002831135,0.0013318961951359527,2.5560139506600486,4.0900000000001455
571.4197935566361,0.003632916318668573,-0.0008449239353199928,0.04201906941762938,5.247328453972244e-06,0.004426364583461462,0.0013455103919616687,2.196036670949281,-10.849999999998545
566.9312254362835,0.0037814569876455937,-0.0005253020221009677,0.04185121743919193,-0.0023595363135088254,-0.0024528836467428983,0.001593798853806126,1.2618891476405032,-78.44000000000233
571.3382715558894,0.003986115049839338,-0.00026224633135370776,0.04173438827374403,0.001095773208257489,-0.0012611079384208246,0.001598789116738576,1.4745081840155443,13.630000000001019
576.5053322611304,0.004322232704662201,4.122794896626861e-05,0.04160476255467364,4.290729310141295e-05,-0.0012234956644177064,0.001602414494317786,1.3555400902413566,0.42999999999847205
542.8120293423625,0.00456137693342559,0.00037240909081206786,0.04142946199326946,0.0008458503422805741,0.0019855410533624607,0.001581331250661989,1.4685119686706398,36.640000000003056
548.1075993016577,0.004335102566348719,0.00068903137076077,0.041365594529726615,0.00156953732769205,0.0024597262514700624,0.0016132222667125727,1.7523017947243125,5.43999999999869
562.9988896069234,0.003906515325766248,0.0008995708931443611,0.04122404849531397,-0.001752261955300649,0.0006602185901445345,0.0017289786904770002,1.137437561797885,-20.549999999999272
588.3692626190293,0.0036973117548221774,0.001358307424797369,0.04107415958259921,0.0007446622331117592,0.0005590492488267707,0.0017312186045245197,1.2441098834772895,-1.1500000000014552
563.5749895911285,0.0037571606338909656,0.0017901233442326415,0.04087281937905795,0.0006129492301409911,-0.00039657374262525025,0.001708915765550829,1.3208209044636399,-10.929999999998472
556.1757830555845,0.003836053193150051,0.002048527967004097,0.04081054075725146,0.0020422037974328067,0.0034030451522575333,0.0017622427011874597,1.7283724894359216,43.42999999999847
568.8763160259446,0.0037655914679265413,0.0022650618217181463,0.040747899760341724,-0.002147051205688588,0.0005036501520132575,0.0014368400523538044,1.0373064767312559,-33.1299999999992
579.5098629536395,0.003398607064707712,0.002523395947445891,0.04058099525479277,-0.0015093158962339315,-0.001618383154833536,0.0015061532835283162,0.5328919949521324,-24.280000000000655
570.0084238941197,0.0029848331708713653,0.002825058752931073,0.04041255280966086,0.0017006564551422798,-0.0019586827814690455,0.00159073318697875,0.9801033122396775,-3.9399999999986903
582.0444205041418,0.003020754975635917,0.003157834150534343,0.04025318700138556,0.0016226234071945456,0.0018117034469558035,0.001445698973684131,1.392929982874834,43.18999999999869
575.7982086456061,0.0030654419306236484,0.00354590379555716,0.04008703228957351,0.0011052952979151431,0.004435010940919026,0.0014461147171535627,1.6313078788857518,29.94000000000051
594.6723927368758,0.003139926817722367,0.0038736560709915226,0.040064285155429015,0.0011380599128416602,0.0038708786719827692,0.001455608241823239,1.8586489880065113,-6.3700000000008
576.9939476968755,0.0026891941230534843,0.004148976561237454,0.039917889896085336,-0.002459801910219883,-0.0002207101107912779,0.0016793448955382108,0.9665181613859674,-46.82999999999993
556.6473932196996,0.0026575951301114936,0.004379750480123085,0.039835047358930335,0.0006387172602870805,-0.0006866701464924851,0.0016322972682855169,1.1090238509198909,-5.349999999998545
530.5945138127153,0.0027388202692388355,0.004572544637197403,0.03976904967235043,-0.0013149874561708685,-0.003135246454568974,0.0015904431139860393,0.5745698056253782,-28.140000000001237
473.01991290900935,0.002390504195359751,0.004733736726369167,0.039617758483642865,-0.0016878101340206397,-0.002363777401799383,0.001665343999616033,-0.17973879984210392,8.930000000000291
503.0991331592454,0.0018336108260386356,0.0048823546414025285,0.03947687361344466,5.5976447909555915e-05,-0.002944769654833257,0.001653774179616302,-0.29318334895703346,-6.680000000000291
515.4966623408939,0.001105807816049789,0.005042077157369467,0.039293882230177594,5.4224148636983216e-05,-0.0015777925050053376,0.0015170991164126324,-0.42074357949761776,15.700000000000728
511.7258956234351,0.0004203600780661339,0.005040738392321887,0.03918838439392504,0.001632758005499113,0.0017431415731830047,0.0014755288268678932,0.5011550218755628,38.0
482.9115046418512,0.00022447651533045136,0.0050824951602323086,0.0389904904114614,-0.00043306258190856095,0.0012532774999518548,0.0014008724222564044,0.21739205156405902,-5.600000000000364
497.24972464439094,0.00014512378358903406,0.005144748218062941,0.03886355493111124,0.002064052898452573,0.003265516010998226,0.0014403167371671568,1.308939350928352,23.01000000000022
523.4950789981727,0.0003025030849499184,0.0052875555602407255,0.038848053480751994,0.00047071211769900145,0.002101575876318762,0.001373832347864098,1.4867987281179924,-13.270000000000437
524.3625998560152,0.0005408190576988413,0.005369614729351317,0.038762809449946305,-0.0006421326121466286,0.0018919756995550152,0.0013506204051076495,1.0263612730789522,-2.4099999999998545
519.3778366529045,0.0009210299906948526,0.00569233145209469,0.03835777566677009,0.0010444629080532675,0.0008725607959567672,0.001343448191977488,1.5355003208493623,-11.649999999999636
522.7699436727934,0.0023078598306148185,0.006099752098479745,0.03814553466534052,0.01006532839690677,0.010471030845018658,0.003063637548605079,3.995356959144302,110.17000000000007
515.4298256068561,0.003809880757942498,0.006483282388921474,0.03799331302764774,0.0030558151887121188,0.01421010095021713,0.003117027494275641,3.3617759087711065,42.80999999999949
504.5376625599068,0.0055957031920518254,0.0072529157135840395,0.03753589448691848,0.001585145706180846,0.014757894755177414,0.00301531690493007,2.8579120149950143,6.460000000000946
519.5083538453355,0.008057393012155568,0.00802107859313281,0.037554768440418815,0.01084844448411526,0.015544649046868475,0.003880991111350794,3.337971657835513,10.829999999999927
527.4734304459004,0.010342551891617027,0.00874912841506713,0.03752395922588921,-0.002161686692976006,0.010262185162898563,0.004055949204751094,2.4745785810820693,-60.900000000001455
528.3038861288513,0.012659078733724688,0.009279990453082832,0.037635250101153435,-0.0007164506253201086,0.007940649396126043,0.004100575198306067,2.052860854336355,-26.860000000000582
510.036068476679,0.014426094214840571,0.009838304909367449,0.03757815767806851,-0.00538234122050818,-0.008243447015751637,0.00465651429034291,1.3491590814589556,-189.60999999999876
510.7533116768787,0.014556177616101838,0.010553461173531758,0.037387845634571704,-0.0008004622990818167,-0.006890519196962597,0.0046726344630442125,1.1621610920881333,16.110000000000582
510.67132869114863,0.014428652109237891,0.01126928759298811,0.037205953696496534,0.0027922956971742074,-0.003403451646633582,0.004683652871544405,1.3138797335646482,41.01000000000022
513.0060138752061,0.014295430012330548,0.012013534996788804,0.03714272917943778,0.001269652486032502,0.0032617768550822213,0.00467056136295438,1.3101362867453734,78.06999999999971
507.8393890188751,0.012728021673347238,0.012645713419167643,0.03713539413293325,0.0002773309667758461,0.004343951882379127,0.00463522096892513,1.2222503455993672,12.600000000000364
500.57786471605976,0.011464607517338587,0.013250631398720965,0.03707787508888572,-0.0005852193719555476,0.0009612106640555229,0.004683729120112491,1.0737588024506932,-39.45000000000073
515.8414948444395,0.010440796621192358,0.013940134266234718,0.03710625915559691,0.0010797900853929399,0.0007714067506623401,0.0038701687210435627,1.0769275707925565,-2.210000000000946
502.18824559860207,0.009955428476754156,0.014584509486608107,0.03705960404124116,-0.0015876683700135619,-0.0010945137816602557,0.0038713655480564625,0.8581124781653088,-21.86999999999898
493.33084192549273,0.009693821142174609,0.015347571463075364,0.0370093455364111,0.0010871728126518043,0.0005770261642099594,0.0038619367420552196,0.8802098538181012,19.590000000000146
495.36330593554044,0.009062642523398388,0.0161810545812591,0.03696493877203236,0.0007276915202183432,0.00022510443054990503,0.0021038861974568873,0.8738850331510678,-4.119999999998981
475.487570333158,0.008235753237900344,0.017045465607943167,0.03688020481878755,0.00046630459152319226,0.0022828066993074714,0.0020318079518703235,0.8485407985016653,24.089999999998327
517.2182054189407,0.007538066004770998,0.017818504695096903,0.03678993968630786,0.001703306066803023,0.002899675823238246,0.0020859698597030627,0.9475528997410212,7.260000000000218
532.7732781275666,0.007189845900291822,0.01851976022746091,0.036944036406806505,0.00261313594176249,0.004789212422626976,0.001314229924930333,1.1407723371321856,22.18999999999869
517.8788267496335,0.006327347112721072,0.019147605225306247,0.03691876270738259,-0.0045992477968830325,-0.00029822767552833973,0.0020007860108797967,0.5857573333066661,-59.67999999999847
521.3574871432446,0.0056258577977975925,0.019741058875935368,0.0367242196301573,-0.0001602386533133826,-0.002158048790446343,0.0018615165016364885,0.5056711283197266,-21.86999999999898
520.5429878266622,0.00538261553619947,0.020505773699355762,0.03642707593694515,0.005475413916741001,0.0006906083207274261,0.0024008554693067245,1.17902291012499,33.51000000000022
510.7723679105679,0.005903963134880444,0.02135072839604742,0.03670194964140004,0.00844690691276262,0.013806094182825523,0.0033065957489785015,2.334942769518406,153.83999999999833
511.87434724241257,0.005651679822705509,0.022030741153582726,0.03656455106712981,-0.007491710440473143,0.006372212210437267,0.004144667141877584,1.2616519687117123,-87.22999999999956
508.6731873911772,0.005656841889834099,0.022473628489827126,0.036630250442568714,0.00517815197660032,0.0060746851380051314,0.004347490256369861,2.1027889042995405,-3.100000000000364
531.4071500561424,0.005779902887930569,0.02287789320916245,0.03654015796438749,0.0007112459444655883,-0.0016427788352243455,0.004273685461441774,2.0243565963211836,-91.18999999999869
515.7748569086842,0.007147996470348943,0.02334267719600406,0.03655852104463425,0.004905287942507552,0.010827276061656566,0.004406232874949857,2.502218079270628,147.35999999999876
504.26420472255,0.008903477935989388,0.023457316240164654,0.036685788192022055,0.002925454132549632,0.008561918004466484,0.0044169653876237475,2.4673128694408923,-26.219999999999345
521.343917259011,0.010281361122964967,0.02359336403818426,0.03690003524728023,-0.0005857237155438844,0.007254773497803013,0.004453559243449782,2.0467496813835306,-15.450000000000728
521.5609985298761,0.010101176505257875,0.02368312995103941,0.037032455559757,-0.0029947103483043414,-0.0006636951225950094,0.004645392755129191,1.48524128006069,-94.06999999999971
515.7734867836239,0.010827017678556641,0.023977880681417645,0.03714548174390147,-0.001111924509885287,-0.004686625278866319,0.00466693391168022,1.2331804490955747,-48.17000000000007
503.7876670493609,0.0105330004278328,0.024288647010252733,0.03721898843667096,-0.0006850229306388789,-0.004785517038998988,0.004375996021907201,1.0596292152776532,-1.1499999999996362
501.8866974312834,0.010083423865325502,0.02449431118295,0.03720400099883065,-0.00016633274108790452,-0.0019622197233269967,0.00437617082893445,0.9558755419504862,33.840000000000146
489.7022318187404,0.00926476015489209,0.024673909487574443,0.037235753958285996,0.0023752569974297977,0.0015219933495689286,0.004189464132485462,1.159002145126544,41.529999999998836
497.8989193661471,0.008203815743830925,0.024861976736494252,0.03742978802395678,0.0010779420861783962,0.0032888519260574345,0.003470480590175757,1.1911946172982268,21.020000000000437
492.91228719482234,0.006925078567617979,0.025031657000686738,0.03724494546477414,-0.003361801892321825,8.234000203333203e-05,0.0027533951060720913,0.6952060565883896,-38.17000000000007
487.15568731229007,0.0066948637602668205,0.02533934384476934,0.037369183532751024,0.0069605178591682915,0.0046571121545935235,0.0030497063706523236,1.463730748627348,54.580000000001746
469.65645541829167,0.006622934884183109,0.02573276306011207,0.03694097469320647,-0.0009336125549613827,0.0026383655697899133,0.0030925612581519765,1.2469278154602936,-24.05000000000109
517.7001983898753,0.008087492220069343,0.026468586404615205,0.0370963710914108,0.01590795782040355,0.022024137076414485,0.005297536456087814,2.713496680998183,230.63999999999942
515.7080125564892,0.009791325855464756,0.027236252908490338,0.03714255235297022,0.0007570900123303748,0.015727909091667547,0.0052858287321819715,2.375632580365627,-73.64000000000124
516.5276700135364,0.011581666707175357,0.028104416098430875,0.0372794790230928,0.004208075924433841,0.020955345980754103,0.0053002206944065865,2.3834502184173085,62.42000000000189
505.198155007124,0.013460181250293649,0.028970806665663658,0.03761864131684382,0.0020081076836497846,0.00698643649815045,0.005077783272829708,2.211341639379906,-165.9400000000005
510.7991930860508,0.015543581414589617,0.02962778922979409,0.03786943766333359,-0.004029391044400921,0.00217016134927861,0.005317717003081377,1.6690710387127572,-58.56999999999971
500.1725856660612,0.016500507018449646,0.030388907291100577,0.03801362138004473,-0.002346600134583099,-0.00437121281524433,0.00541500999541183,1.3645728715756238,-79.86000000000058
502.090170337209,0.017411894385531437,0.03116583961537226,0.038120960123062216,0.0004428195859349504,-0.005926535450233028,0.00539699570628019,1.310291724759002,-19.159999999999854
508.0289389222153,0.01627109246865186,0.031798984718500914,0.03829692670199693,0.0020948659770279043,0.00018605596596255047,0.005395462645365806,1.3746815546814992,74.8700000000008
506.5571723310108,0.015304638119836046,0.032074479585592564,0.03822538865367771,0.0004023633726408793,0.00294199802826145,0.005408316084129469,1.2862998565471058,33.539999999999054
500.9131054369402,0.014761270402220817,0.03287189365984468,0.03816896825851251,0.007827775825475669,0.010345402422029748,0.005394044362220924,1.7704937759891062,90.17000000000189
521.0821162865452,0.01445637543840679,0.033720495702551756,0.03822609437773243,0.007854758492998215,0.016152717796589444,0.005462863156712493,2.108007198402816,71.1299999999992
508.25644498496774,0.015376516799739597,0.03455855619197865,0.03776301843622858,0.003933867795268053,0.019739822294088993,0.005335651877891407,2.0974730947482914,43.8700000000008
499.93132441552666,0.01855578914318012,0.03592202312441165,0.038043073238573547,0.021907350031609374,0.03398581039178694,0.006728316872452586,2.841973687150564,177.15999999999804
508.98923900071486,0.02243759550508971,0.03723704723594751,0.03828969796178978,0.0031120519498077925,0.029120137806340596,0.006666988321793671,2.4728777541435867,-57.04999999999927
506.89611675259914,0.02656330196582555,0.038808232795208314,0.03882525216684126,0.004751157815548801,0.029957931654401637,0.006670731773133961,2.282632255647032,11.849999999998545
514.6038391179914,0.030476525851512243,0.04036833517753362,0.03932183225349633,-0.00334354256406888,0.004508112637572115,0.00698714490149204,1.872617306868604,-315.5899999999983
510.14116200777596,0.032910042943055946,0.04189087779452394,0.0398342678014889,-0.003004962884013196,-0.0016174154265699014,0.00689171948051086,1.5725935067432004,-77.9900000000016
504.49564569005827,0.03387077576050619,0.043141591333359756,0.03975645441309816,-0.0037063025981792785,-0.010021268580760911,0.007009199066444408,1.2996121995834478,-107.84999999999854
496.84890780747827,0.03496226989506094,0.04478293001163446,0.03987526210782112,0.012193892181980415,0.0054120633608945035,0.007352269747648661,1.633662078110427,197.64999999999964
490.62087490265503,0.033961380025880936,0.046741774683265645,0.04045301008356405,0.007810542013477528,0.016318877026418432,0.007367280295447265,1.7535077690865362,138.75000000000182
492.78900579590214,0.032600384889375604,0.04850439636386796,0.04089366692806716,-0.004008226518086966,0.016010884533814718,0.007717994828802767,1.4593307414958385,-4.68000000000211
486.0351512831238,0.03040548632736658,0.05039674676406923,0.041394483471997444,-0.0009041233763967815,0.002863476239918672,0.0077983196986713835,1.322233145822583,-166.4400000000005
494.7300347520829,0.02835928177251144,0.05202894080354805,0.04198646946699881,-0.0023151292102870924,-0.007212490838615304,0.00787963733896481,1.1409106905405058,-130.1800000000003
489.8208458596673,0.026547259792041193,0.053463943207457634,0.04241934688252807,-0.004977059474227108,-0.008178206904680074,0.008200628448864251,0.8718240502526019,-12.079999999998108
497.94012579082676,0.025026262862901192,0.05431009018905149,0.04287025720805216,-0.0007646001094520072,-0.008039699460061889,0.005406590745428834,0.7698126399198851,1.8799999999991996
502.7650204263228,0.022237387361623662,0.05511572732689691,0.04333718671263434,-0.0014106634577918387,-0.007140423400114115,0.005358044873672472,0.644472767464646,11.800000000001091
461.11261967864107,0.018125228227041972,0.055536172644244486,0.043563329049799926,-0.002284695283859328,-0.004453912907513069,0.0051759281403411525,0.4835198084274362,34.81999999999971
465.94431421765535,0.015036552346469572,0.05607048199494578,0.04390726224396622,0.0037717831668371282,6.572142565430816e-05,0.005235227866995317,0.5931841897436604,57.80999999999949
466.2612233242988,0.012297447677414934,0.05681626749715481,0.04430970281281735,0.0008206814863958023,0.0023003653475344166,0.005149161210521908,0.5689225255795142,28.519999999998618
458.43022703489265,0.009695050793581357,0.05764984199217895,0.04473627874981947,-0.0005839336176133303,0.00400894296620935,0.00500222768643868,0.4765984778750675,21.69000000000051
464.05793348870003,0.007634077232082237,0.05828165559139162,0.04487549444939115,-0.0008056265584571731,-0.0005695482574795685,0.0034250670583274613,0.36544699719999224,-58.32999999999811
456.60112443111365,0.006303063357270428,0.0588908908964949,0.044874399126134994,0.006333572867791126,0.004935685223039998,0.0031127107277420475,0.6994488251135772,70.42000000000007
466.0749032510878,0.0063159506031647125,0.06027513517170227,0.04559743028579574,0.01052530047006428,0.01610627387548602,0.004274221323438468,1.454548795192508,142.77999999999884
465.21479605196186,0.006147524080352958,0.06104603084490597,0.0460989563103352,-0.006025710106997151,0.010797837614424655,0.004676691012732425,0.9902953283578086,-67.98000000000138
468.8434886613979,0.005515488738606924,0.06142082552734092,0.04652580463979527,-0.0019515640391798428,0.0024759464486152627,0.004660132643242984,0.8070760143079563,-106.10999999999876
473.8045325613221,0.005018129034010752,0.061550095469749946,0.04683119075832666,-0.00037788496157531437,-0.008340389500423373,0.004374147187296062,0.8259054294072038,-140.1800000000003
475.39893731795513,0.004973703805739795,0.060863253973509314,0.047089465344610844,0.0022549708328645224,-7.899187777626882e-05,0.00437511865046797,1.1170916641201258,107.33000000000175
463.6966640679833,0.006264331479786306,0.06007342709528537,0.047195467792975496,0.0037779688189780725,0.005661290923311801,0.004387170663935923,1.58885453297601,73.97999999999774
480.4189666210335,0.007519481056555817,0.059585730522916214,0.047700736835641584,0.0075043516906780905,0.01359114778403514,0.0045688193127972065,2.347144081265292,102.13000000000102
510.128037944203,0.007365711668731053,0.05907918506533439,0.04803380846464031,-0.0016855903088895952,0.009606016248828508,0.004658414406001071,1.8476209282137612,-51.06000000000131
487.99948021815015,0.00810596797225227,0.0586773343537614,0.04821611766840001,0.0019039977047698997,0.007721164648222922,0.004651397162707135,1.8664975906209136,-23.959999999999127
479.8866118915225,0.00944531369260765,0.05876606145159816,0.04874035797117419,0.00457178296472982,0.004787964839244818,0.004655420887939513,2.1729361738750534,-37.54999999999927
485.38634225929786,0.01053950990543537,0.058120124747468575,0.04897316503442074,-0.0020700809282743204,0.004400980996077664,0.004742362613429434,1.7043106663098422,-5.149999999999636
486.92004028013446,0.012159179600925532,0.057680849653131444,0.04986294373504686,0.004290809663104911,0.006793741458055003,0.004609963314162331,1.9410448985483064,31.360000000000582
476.81325820432164,0.012709727071770581,0.05707867829345787,0.05070259881096117,-0.00986669992577538,-0.007676677139020094,0.004888748646197235,0.848222408272437,-189.45000000000073
484.2658534553696,0.011096317811735147,0.05601712191684275,0.05109155832410488,-0.008894323455360231,-0.014462579526620889,0.005275369806836824,-0.06918163692306231,-88.64000000000124
472.48949145850185,0.009549333333333373,0.055030524373414054,0.05145496823822512,-0.00028983844993779595,-0.018957691980093228,0.005242486116332583,-0.1139067968447795,-59.92000000000007
474.6142988176141,0.007673094293507248,0.05414134066644629,0.05156970686213182,0.0004341085271317713,-0.008751461265144589,0.005241091807356504,-0.10974991960989038,135.34000000000015
481.4295110569455,0.005485655987864085,0.053604884945905706,0.05212677279550029,0.00558594718571781,0.005730896623769688,0.0054462706106368965,0.4172108967612072,187.89000000000124
485.74324083212247,0.0034465878969906147,0.0530635226287398,0.0526474896374562,-0.0016405076712420197,0.0043720930232558075,0.005368294585254481,0.18165470125355387,-17.55000000000109
454.55107069356154,0.0006232701884875771,0.0525528692952288,0.05312944470263903,-0.0009794387329814525,0.00295298165137603,0.004818807181810181,-0.004089766082793494,-18.290000000000873
452.77671977676584,-0.0008841469405415179,0.05192829278293954,0.0537366608342929,-0.0002170938625787322,-0.002834865064583969,0.004810695768636766,-0.09712217953030954,-74.89999999999964
452.3802272297167,-0.001253881391967566,0.051090186493963484,0.05411253048568893,-0.0027756956625891727,-0.003968695007872558,0.004779043014974467,-0.5233294991184981,-14.6299999999992
446.46212852706475,-0.0013739104833636472,0.05031936302568776,0.054498512906524556,0.0016629239254923878,-0.0013342387924326626,0.004539175657702196,-0.3892479152800385,34.150000000001455
446.31131481060964,-0.00136397925215652,0.04965623906961495,0.054887985700890665,0.0020825532783967926,0.0009628387515552284,0.004626754585728774,-0.19171446921169688,29.729999999999563
446.7377634361461,-0.0019458904402012854,0.04881253367202004,0.05527341891620806,0.002269681379966304,0.006027130611593323,0.0044548474798944745,0.11309388047268888,65.31999999999971
459.5329512256979,-0.0018182794366029978,0.04774987521005257,0.05596502686148803,0.0021882866201023976,0.006554782291180006,0.0035547846298009575,0.4703274471539429,6.949999999998909
473.1908374122756,-0.0015505382953121352,0.04668815337007121,0.05628124801970385,-0.003935848966695632,0.0005095203097882361,0.002590337616827481,-0.22265624815256607,-78.13000000000102
459.8681550014972,-0.001164065770922902,0.045903157874445634,0.056951531902189656,0.0030972317815796124,0.0013356173879821576,0.0026948727247594942,0.25132836164956746,10.7400000000016
438.8329862102416,-0.0008376172760686463,0.045000815657836965,0.057529699414711914,-0.00359151083453213,-0.00443926257208227,0.0029612709095789558,-0.4386369228037706,-75.10000000000036
442.4605077430198,-0.0009412247176996092,0.04402165802588156,0.058020258161668316,-0.0017586102809994397,-0.0022631242689020725,0.0024943786272745324,-0.7790591150628909,28.43000000000029
422.4572191331091,-0.0012777212344640043,0.043072834948509636,0.059172020686268076,-0.00025752805547751834,-0.005599956923408311,0.00245849500883987,-0.7973508441835171,-43.470000000001164
435.4570487285719,-0.003116611274340004,0.04121878882097732,0.05931089577443134,-0.012537807585497385,-0.014528220754226107,0.004341380625079325,-2.517011999267473,-115.38999999999942
422.8485944842106,-0.00442073630088744,0.03971070776619441,0.05954860358996769,0.004956436316804647,-0.007899073749693564,0.004685454496568781,-1.568215970973526,86.05000000000109
431.6086388295292,-0.004858476244924635,0.03823219640209241,0.05989445508632841,0.003528864270073928,-0.004141622767321773,0.004785972376766347,-0.9586062405618029,48.600000000000364
432.05736203750166,-0.005442500608986381,0.03664164498654167,0.06030274788929837,0.0021936093262573397,0.0107150523061883,0.004807068665194655,-0.5665788440137792,190.3199999999997
414.2029757753526,-0.005218881887166706,0.0351191059694976,0.060691793548524,0.0010750271275772327,0.006811401809566187,0.004773265918414705,-0.3204867499036163,-49.399999999999636
408.52059001907594,-0.004674160410651652,0.03346369977950392,0.061063985798199376,0.0014795751273433133,0.004755409453026882,0.004740975716062752,0.09046928607271199,-26.160000000001673
400.6595259459335,-0.003748127821498726,0.03230027442285587,0.06170551310536679,0.0016745290676909441,0.0042350023252208935,0.004718761273773939,0.5539032254678341,-6.579999999999927
395.43746416872665,-0.0017626557044535692,0.031405563714006914,0.062203402150474145,-0.0030517171118437103,9.523168009595295e-05,0.004664092448870177,-0.20370047631370622,-53.409999999999854
357.604014116323,-0.0008883751128633741,0.030502311433467388,0.06239027941017614,-0.0006201082286272364,-0.0020015492872814677,0.004542265321311633,-0.3638293207431309,-27.11999999999898
476.4129558595463,-7.664360931019464e-05,0.029713406701964314,0.06265975411975361,0.004361267912765365,0.0006753294063892579,0.004641345915396224,0.6552312177219539,34.63999999999942
475.66893797769063,0.0007649161829797953,0.02880874448292292,0.06320032302976239,0.0032085421263841063,0.006958992343482517,0.004683094268646737,1.3806120719380914,81.13999999999942
463.6625598314974,0.0015417711487476066,0.02791009476878152,0.06382619435310394,-0.001320828262342033,0.006252958186828028,0.004708737866470894,1.018873397133171,-9.170000000000073
485.7678369682605,0.001748601526213212,0.026980102490394578,0.06420338875868647,-0.002900735268645205,-0.0010227228027849256,0.0026871099443556722,0.33217384488666457,-93.97999999999956
473.62373995497353,0.001788810334108732,0.026095826802776348,0.06468350560042553,0.0011473016407339554,-0.0030752695281537346,0.0024163477914116278,0.5760672346875885,-26.73999999999978
515.9348567376479,0.002216132928915412,0.025306679495408536,0.06524977209822672,-0.0004156708688755062,-0.0021717022804798036,0.0022909571718309775,0.4384224010344006,11.790000000000873
536.3355521102138,0.0024284541556891088,0.02440760340532714,0.06581509079512564,-0.0019087149734600128,-0.00117895666581469,0.002332235285906437,-0.012680650476687328,12.94000000000051
509.8424016295668,0.0019106155632985277,0.023416532959257157,0.06616513928478487,-0.0016897454250877075,-0.004009411590507828,0.002377018002518128,-0.3755272299267603,-36.720000000001164
467.82332754971696,0.0011717216785519812,0.022345813512477334,0.06649212911992902,0.0015718157181572323,-0.0020290704851253505,0.0023823913046950264,0.023820481395214015,25.68999999999869
482.5010150116404,0.0009228612715710913,0.021243633194706627,0.06688025611299932,0.0020246921215589797,0.001903862297342629,0.0024067239121900734,0.559990869873545,50.93000000000029
485.6014157668002,0.0013009424248839414,0.020380752032807915,0.06731230239969052,0.0011973932009361477,0.004801393728222969,0.0022165518125770744,0.832487340195948,37.38000000000102
508.9108730568824,0.001409115905929581,0.019485655216748048,0.067766670487137,0.0004970328295963444,0.003723145191839361,0.0021937074072634105,0.9814685707914541,-13.850000000000364
484.3496075911036,0.0017337749533184953,0.018814121827308065,0.06740907367479247,0.00032502892141250683,0.002020601026579527,0.0018227440809589065,1.0140879496962252,-21.969999999999345
496.87925675937896,0.003464479400221937,0.0184269942001901,0.06836568624492034,0.01285063999113012,0.013683429387817414,0.004054773811094494,3.0253383017463333,151.3799999999992
495.6962526026272,0.0047091824705961585,0.01797197657380084,0.06860230560892355,-0.006888855440462582,0.006200196249690038,0.004617558308752085,1.558291082317029,-97.06999999999971
495.6574881443229,0.006070108576714072,0.01811953931183721,0.0691368049357676,0.0038479909613930996,0.009743849555886808,0.004578630179212562,2.1361224382005637,46.04999999999927
505.33404035748424,0.006609906560555544,0.018103852478718468,0.06956078593610932,-0.0006184122132979475,-0.0036838880450762446,0.004603404120844752,1.8646430003253083,-175.0099999999984
480.2098746069362,0.007283858588113057,0.017939584288376442,0.07021352605757807,0.0011925726301911244,0.004423620403001927,0.004585010361915175,1.8679515492489012,106.25
493.16653906784404,0.007820745458699763,0.017631676656676688,0.07065087977498695,-0.0022382685236345123,-0.0016661290826834874,0.00460517771069,1.3417971831079376,-79.64000000000124
484.85156347404245,0.008465301761730389,0.01725852598660134,0.07130140595792071,0.0008875391640024155,-0.0001617564923868109,0.004527469545084597,1.3661284377497998,19.729999999999563
484.2263300249031,0.007123080157324453,0.016789407460953025,0.07174924168860233,-0.0022619047619046873,-0.003611560957951454,0.00463444363799243,0.8966669008158112,-45.26999999999862
478.1240223606919,0.006874529723546305,0.016267684960978853,0.07223118979446654,0.0006692488198274393,-0.0007080454432272232,0.004621072757306707,0.9329733668464646,38.1200000000008
475.2047873799573,0.006173626855623779,0.01594542095964942,0.07246636110803581,0.0002644631131283326,-0.0013301282051282337,0.004621412896234581,0.901221008593586,-8.160000000001673
468.00577996481206,0.0058062708687649225,0.01571412895158351,0.07298611508484674,0.003751173913408845,0.004688566017762907,0.004702505349642695,1.4307695747014315,78.72999999999956
437.9848072007859,0.005239370943208866,0.015274177593382642,0.07349209860999707,-0.0002892888518734038,0.003726178255781587,0.004713635469178697,1.2606894378643558,-12.549999999999272
443.45746274899057,0.005150628010199418,0.014965770169645409,0.07307953450063978,-0.00011422601215671513,0.003346178563214064,0.002850810049671961,1.1423525758397144,-4.959999999999127
437.4673149204396,0.00633066271997069,0.014890779676451117,0.07366077002238486,0.013147392759985221,0.012738606206311731,0.0041269152078375546,2.641636159132194,123.53999999999905
463.3973455640086,0.0077937948404872785,0.014733473811836735,0.07575788885338215,-0.0005299560474749665,0.012494802716446873,0.0040957854434832165,2.19343366107047,-3.25
455.618741234034,0.0069436080714665996,0.014227738694596023,0.07607391074867195,-0.021921729490355757,-0.00958770361208694,0.007839888705620114,-0.6297516245213671,-289.97000000000116
434.40878786368336,0.006073869068276414,0.01377063185703194,0.07663915677655678,0.0015233223653099426,-0.02095092907684659,0.007847419167383577,-0.4719641110173611,-152.8199999999979
433.9927657121249,0.004476290109890145,0.013372145329907664,0.07710325734557312,-0.0018642105360143768,-0.022257922343211556,0.007841028668757057,-0.7610717092930289,-17.230000000001382
438.05798218461655,0.002772412441773779,0.012964668708077479,0.07766428362879699,-0.0006053846153847298,-0.0009489044920708567,0.007827779604982982,-0.9145378828630688,283.60000000000036
424.06149111855217,0.0008368419475762373,0.012410257594299487,0.07824813760726092,-0.0017464418844329588,-0.004210597438015773,0.007819755349290858,-1.1982879788035359,-42.5
418.7355801904176,-0.0031767060368249884,0.011771787398204864,0.07857222099340448,-0.0022090390949801586,-0.004554615384615324,0.007819989469775832,-1.4818202783156569,-4.369999999998981
440.0250964321004,-0.006903809601728588,0.011134414356824794,0.07892918484276938,0.0011799897842401652,-0.002776296111569043,0.007836648621762927,-1.2926135434612587,23.139999999999418
434.464415460998,-0.007287812399152949,0.010509391939271138,0.07926584794484878,0.0007726114266219941,-0.0002598415968616541,0.007725550067223612,-1.1679952047246058,32.69999999999891
424.5623674862121,-0.007765194324898787,0.00998216190426442,0.07959567115689885,0.0009972181239188416,0.002952679086825283,0.007746037527278728,-1.0235532441222892,41.57999999999993
408.43713132419003,-0.007828787459229311,0.00899791829402105,0.08013734785917297,0.0012720548578473156,0.0030449071708529285,0.007769895905292832,-0.7812993903905976,1.2400000000016007
361.2296131817036,-0.007469686333814445,0.008393007242891118,0.0802839439214239,-0.001519755669458167,0.0007473351601525735,0.006404587611375903,-0.9319107105292772,-29.76000000000022
519.5824722386059,-0.006734804519442254,0.007821122923154377,0.08090010651388839,0.00358977046431197,0.0033392403112719737,0.006601126190745798,-0.4118061192739666,33.649999999999636
524.2001594346365,-0.0058350415368972125,0.007273427782495892,0.08135304032537267,-0.002549464996306372,-0.0004901692969341287,0.001913538953044535,-0.7004292960199703,-49.710000000000946
491.36963156382274,-0.005159297125071721,0.006815691713804201,0.08146103169702383,-0.0004472967417396001,0.0005833955005332125,0.0018452181454347522,-0.7000536546517298,13.94000000000051
520.1467825450787,-0.004105302550047811,0.006414841154007546,0.08198887505545964,0.004091400280205493,0.0010835226234302553,0.0021504423067818636,-0.13093824862150316,6.540000000000873
490.9862697317612,-0.0034383480434973966,0.005894271469431615,0.08255627523243372,-0.0012626136716668013,0.0023750610125075067,0.002181943421325854,-0.2660557597487552,16.73999999999978
485.7414878139209,-0.0031130143706354653,0.005440975627384495,0.08288282952211028,-0.0019001550692434588,0.0009181003640823526,0.00219469943837237,-0.4867392140522248,-18.93000000000029
486.2996890171004,-0.0025477036625585767,0.005066676141405186,0.08336060463046964,0.0010203728285336222,-0.0021432215058547754,0.0020712662744746435,-0.318153610321691,-39.86000000000058
482.5163739163379,-0.0025563333624955046,0.004921620934032742,0.08325679336922842,-0.0008171573838972046,-0.0016981579862964669,0.002086321718498782,-0.3907150541714599,5.829999999999927
488.9616178945365,-0.0014923363228872798,0.004591131309189612,0.08379410046361863,0.006660316913219777,0.006864046478521013,0.002789070281627544,0.5391637396062129,111.31000000000131
470.38268275421024,-0.0003492742399589538,0.0043328635762570535,0.08400668566633235,-0.0011387563099710674,0.004692312955134614,0.002840327720156469,0.4179350793130032,-28.160000000001673
487.7493909748085,0.0005043463097781627,0.004027237887633282,0.0846067740931767,0.002941952859891961,0.008472150843060522,0.0029170159631433878,0.8515129260018928,49.080000000001746
486.7695461390264,0.001365362390081603,0.0032042201631598214,0.08486503156178765,-0.0016394568202624527,0.0001574387918483744,0.0029255723801088233,0.9079685148127669,-108.06000000000131
467.25087246738696,0.0032723454799428605,0.0023440948143357023,0.08551876577841533,0.002501048789937066,0.0038019671679592193,0.002843972239910182,2.2042516302907753,47.63000000000102
487.96799188784905,0.004799346247306373,0.0023158702809320396,0.08608641325143226,-0.0022181162933219145,-0.0013625267012511433,0.0028118109740338806,1.4498947307557368,-67.55000000000109
461.26632593618984,0.005411174475726621,0.002142534743915854,0.0867168942800757,-0.0013674414482961472,-0.0010904358763337285,0.0028566230432940714,1.0298134036711835,3.5900000000001455
460.47377265539376,0.004923690744227691,0.0021236053884503654,0.08701593889145941,-0.0021166992038089694,-0.0056916406743073855,0.0027203294466603537,0.45712078546304635,-60.399999999999636
428.464047524392,0.004681963407818553,0.00215634346277445,0.08741265227868049,0.001716423002061429,-0.0017707984788550846,0.0027250545423217025,0.8227680959606148,51.48999999999978
443.4313256505739,0.004060471499374882,0.002401933593852532,0.08741443609457296,0.0005693749732149644,0.0001652356443884173,0.00263527447603584,0.8880214223442143,25.340000000000146
538.1800826271588,0.004138367252853014,0.0026766415968686066,0.08806846845217847,0.005382273756348255,0.007681357070413286,0.002989228535636162,2.016663258884451,98.04000000000087
534.904147242826,0.00357009421941275,0.0030017317219220687,0.08834626616508792,-0.002266300589512049,0.003674917501852004,0.0030912397360821384,1.3512721886871237,-52.18000000000029
517.2417817335096,0.00350407230842224,0.0035332929637314488,0.0883249328264311,0.0014906618233501145,0.004599063819372251,0.002495891705115055,1.5749556637668216,12.110000000000582
510.68680134054495,0.004151150677147385,0.003855781068685542,0.08913176236563206,0.004889402209291127,0.004106576227655534,0.002767217779889803,2.3544256216383417,-6.150000000001455
492.7051332784853,0.004684313426305589,0.0038470902793685917,0.09024277944719836,-0.0047837863434037065,0.0015730104048958804,0.0031073780211409246,1.1803152891486233,-33.349999999998545
520.2600681754597,0.004077075586776787,0.0036422403076233063,0.09121657683615093,-0.009386697686670109,-0.00930524350700035,0.004149699203403353,-0.9544369631790717,-142.85000000000218
514.1612211172712,0.002454983913752946,0.0032328216820550993,0.0916101667532141,-0.008247574796481194,-0.02225665309214886,0.004587984927762869,-2.390824432954735,-171.53999999999905
527.1081962804337,-3.2155317994124745e-05,0.0031013861423702287,0.09140514500882105,-0.0019101138396852013,-0.019433433239872455,0.004583616749347104,-2.3892903011891344,38.48999999999978
511.8169915828378,-0.0017362225954465351,0.003201931414526627,0.09129383513657999,0.005358554199656362,-0.0048377267372202715,0.004974018046536948,-1.406424768684484,192.32000000000153
502.5853353935332,-0.0031936780979295158,0.0031978726609481513,0.09138059683094844,0.004529953603884751,0.007983733424047568,0.0051770055658953975,-0.614561649304431,165.97999999999956
504.29002118814446,-0.0049511844636152035,0.0031712502218570835,0.09199990380523598,0.002316263351378467,0.012252005770033936,0.0052002617864556734,-0.23160291741832567,54.779999999998836
508.0060337781949,-0.006482571004493363,0.0033565825986162073,0.091940197267486,-0.0037298236329540435,0.0031013115706104433,0.005291867423096281,-0.8637882669019052,-117.64999999999964
492.58937543987764,-0.006298927292308621,0.0035666939540000427,0.09198336744172786,0.0038169231811491233,0.002389295219410892,0.005150284805359416,-0.23382968937026477,-9.079999999999927
493.21324904354424,-0.004619626944626484,0.003858578673461508,0.09229403969264685,0.002826882223466276,0.0028999512967713414,0.005215347639330767,0.21162412663628016,6.729999999999563
432.291817640132,-0.0027359112665612927,0.0038544773824184786,0.09236419392592314,-0.00013842195907598498,0.006515252295696827,0.005187450590140278,0.19349669102747039,46.81999999999971
445.393345499498,-0.0010631357979188805,0.003778361085597701,0.09280521400332314,0.0026724490693468272,0.005367701758556942,0.005019823230628722,0.6328972529010859,-14.639999999999418
454.3318116883836,-0.00023446044205795638,0.0035867004144796957,0.09307539899210455,-0.0014753121688843018,0.0010546070804744456,0.004854665416710393,0.3887968471999239,-56.19999999999891
459.1315275739254,0.00042545824231788443,0.0035083930846359353,0.09322146182656077,0.00040031322217770615,0.0015939850774238096,0.003917392175254112,0.45299647021215605,7.049999999999272
461.46704905442397,0.001710664773344363,0.003295324296122389,0.09382264873853709,0.001586866427542244,0.0005095700769466305,0.002775191086074476,0.7322634579441215,-14.159999999999854
451.12534438677255,0.0021925392597326628,0.00320448711626892,0.09386884054043262,-0.003613970052844806,-0.001633339063007222,0.002992486906415559,0.11363803205582121,-28.05999999999949
438.55431395847563,0.002410786606455155,0.0032328133750883746,0.09392995621869302,0.0023354098483590047,0.0002978238242259401,0.0027272137358052197,0.5038228746691004,25.279999999998836
431.8419227745951,0.002849033743767982,0.0033186186021954343,0.09433773928312819,0.0024979215796148146,0.0012077064480393584,0.00254225618291484,0.8757095452043264,11.94000000000051
442.09124760960566,0.00270595194798557,0.0033439217772934897,0.09446453115161653,-0.0012275722474244244,0.003605652426430961,0.002554807247199835,0.632812834438623,31.279999999998836
444.4258760790578,0.002986568451130207,0.0035974063558741423,0.09390380352395591,0.0014845042007580744,0.0027536684406082035,0.0021878075111124544,0.8387397304316846,-11.049999999999272
447.9145290751072,0.00409828876948857,0.003947040364124916,0.09331246389919177,0.008722523707723528,0.008979858524583051,0.003060456133430132,2.0596428783430443,81.85000000000036
449.4655222885538,0.006189552408338505,0.004526886462945676,0.0933312481558736,0.009986014598253545,0.020308047964658682,0.003946367616042713,2.8042176528041542,148.4300000000003
464.24579235668466,0.009046689425213611,0.005042377520354322,0.09380550599678844,0.0032872908359389275,0.022144719131234503,0.003906376136068106,2.5988013567659585,24.520000000000437
447.7691090008242,0.011509076181950037,0.005339828976143833,0.09402809051263943,-0.001625970237966623,0.011658526755288667,0.004055483076788275,2.13297996049057,-136.40000000000146
503.1497997482253,0.013870552899616414,0.006166000678090942,0.09316385447182561,0.0007967770814683028,0.0024540720857519904,0.003936748913231243,1.9385518573283183,-121.6299999999992
459.6454972321547,0.0173281079021539,0.007414121380336752,0.0934006769100721,0.01290228317037756,0.012061079277780218,0.004976680355789825,2.492047927245747,129.09000000000015
442.20574777221344,0.02048869132201316,0.00912685810049639,0.09307946918293919,0.0011414684981188028,0.014866457773798913,0.004990586774040802,2.218425657886938,37.340000000000146
423.79922874000073,0.02276309112577234,0.01083188699933201,0.09410167654057515,0.007651101536615856,0.021817143606854605,0.004670889156041477,2.3495980188730665,93.39999999999964
406.2683372230718,0.023184444372376035,0.012161984873327486,0.09440546093042608,-0.007000623752950075,0.0017390651586426387,0.005647956908292073,1.7069896266179572,-269.0400000000009
435.44975566467633,0.023242665212329733,0.01338286890033275,0.0947331731239603,0.0007060263499907293,0.0013033630884338177,0.005692238977382392,1.5770696615911375,-5.899999999999636
436.50530541244245,0.023759109396620473,0.014596126510573468,0.09484752779286719,0.0005139123412378765,-0.00578886509792198,0.005594102833525692,1.4569827660920431,-97.07999999999993
433.9725828165705,0.024474022609544444,0.0161065212775932,0.09457552515728972,0.0026797769298503304,0.0039033485926125433,0.0055711070387315645,1.4689847863759553,132.48000000000138
434.4395651981559,0.023862683576891464,0.01749131716946583,0.09568684914868195,0.007115507899289497,0.010333308861317114,0.005447198681571734,1.680500974076657,87.61999999999898
468.0788635272056,0.022795692760815986,0.018712624037863945,0.09559184952423286,-0.007640016712990638,0.002099354270619358,0.00580934970308855,1.1582624143423077,-112.13999999999942
433.74603026725975,0.02096202763566571,0.020030149647339398,0.09605147600826204,0.004857720913169494,0.00427603750442751,0.005865513939043436,1.3024234082981196,29.81999999999971
407.960171445308,0.020152142983226956,0.021243242865655484,0.09586234351221178,-0.0009684506611188359,-0.003785129071520732,0.005833159448003509,1.1493870066440801,-110.52000000000044
437.7548017637677,0.019753697047804192,0.02261898600621769,0.09604763875347581,0.005173724220731923,0.009078387681862532,0.005894677199951701,1.3122255729699581,176.0699999999997
421.2711652263405,0.019436693416590774,0.024010185421010757,0.09692503822117327,0.0012757073536038277,0.005481328723051515,0.004849455160117428,1.2744414827522608,-48.76000000000022
412.8664477935169,0.018241188672326738,0.025239588057556404,0.09689651561178422,-0.0063907025351912505,2.4070618819038714e-05,0.005333983296763469,0.8552699724498779,-74.88999999999942
401.0605607743759,0.016222196617958397,0.02665106685612743,0.09755897675683767,0.0029321684406773407,-0.0022060013395652778,0.004930783934386523,0.9532194300320016,-30.729999999999563
417.43804046272214,0.014848210158368092,0.02783032649796798,0.09832321018564477,-0.00412212485791108,-0.007585063816433646,0.004604051249120014,0.6500769361139231,-74.26000000000022
387.32615624680966,0.01233146314572624,0.028788503421373995,0.09824664789903277,-0.005221451621972739,-0.006417218393303004,0.004890310006795926,0.2475727777086697,16.68000000000029
379.709212751914,0.010294457883655085,0.029886328280455086,0.09913979076133689,0.003481130905057306,-0.0058733733861132675,0.004991676322841095,0.4246803815020271,7.219999999999345
359.30357074846233,0.00686735206424176,0.0307181817202022,0.09987699614762442,-0.006713520607662504,-0.008460212173504122,0.005305142867200512,-0.2606905614903571,-35.090000000000146
396.20734484728007,0.002708668940145699,0.031046702678352748,0.10110913173646839,-0.00533597099942118,-0.008574358703304474,0.0048766928848631924,-0.9890797673752006,-0.9500000000007276
415.6856552544118,-0.0013663296928410782,0.03065400789344799,0.1015555857628068,-0.011049069211067408,-0.02292999781263738,0.0053405670765794225,-2.1672698369485213,-196.63999999999942
407.9502076942652,-0.0059213413909386505,0.03003280783168829,0.10386665232337061,-0.0038245012163081737,-0.02008814479078136,0.004922435108225234,-2.3416042019496897,40.69000000000051
403.94874262817245,-0.012362724380926062,0.028784969552438845,0.10271748379359533,-0.022847204528253062,-0.03733966372977526,0.007600984810456431,-3.345316231607619,-231.52999999999884
444.5485661934834,-0.016779502287073016,0.027806910956549084,0.10222313817382361,0.009760071010304516,-0.017083720487960807,0.008215851030228344,-2.3005906149783595,276.10999999999876
414.8412396327893,-0.021379452755732123,0.026371670396288804,0.10294031794136341,0.003379083503582514,-0.009976016372902907,0.00835991973262205,-1.8352390877224294,95.44000000000051
443.6268422338699,-0.02567249306483655,0.024808821062888738,0.10191503626137123,-0.009005343079125927,0.0040481719384688475,0.008466144161495824,-2.0468129399532096,185.35999999999876
408.6884981554751,-0.02781527209592536,0.023089964682134766,0.10168457980728574,0.00853713469735462,0.0028321533963751033,0.009022536442227811,-1.4364843979799284,-15.449999999998909
405.9461688601842,-0.028114454311951323,0.021729865008342092,0.10151166623330649,0.0009578427649070687,0.00041223244747645715,0.00911351099516899,-1.2691506569474906,-31.75
370.1051515813057,-0.028094407488461867,0.02032586009095055,0.10156712967990898,0.0006366860151423293,0.010145891235800786,0.009149689701912789,-1.1376641656697541,127.01000000000022
373.1527500935397,-0.025080258042094766,0.01890958442809933,0.10088952140941751,-0.0024268163203398085,-0.0008355488036460024,0.008945365484440762,-1.1537965306841151,-143.4400000000005
368.1236464138495,-0.022784318007609182,0.017490929730331957,0.10039600893405232,0.004538543408849183,0.002738736386947327,0.009127014276381218,-0.8635843721649944,47.090000000000146
342.2177889634049,-0.020584811759046914,0.015878276536873535,0.10000416136303017,0.0031263007333297566,0.005233581070832827,0.009191340837245291,-0.650668283249206,32.92000000000007
332.94146845027035,-0.016614962819792325,0.014557264617111864,0.10011250890694977,0.0022557508443976637,0.00995210582332362,0.008727904188539519,-0.4886264096355465,61.899999999999636
310.8422680407178,-0.01452586847815831,0.012995928234741716,0.0999951676738445,-0.002721885206599106,0.002652550004919041,0.008694422040774155,-0.5625177459812675,-95.86000000000058
288.9654547880269,-0.01235006244960116,0.011395592970873421,0.10027391715690497,-0.00019926408151704766,-0.0006714442312755198,0.005056088997554049,-0.5128635759919323,-43.94999999999891
224.1822944012131,-0.010786370915289977,0.00967566755341085,0.09959774129130215,-0.0042623834469138755,-0.007170541614508474,0.004590044855001111,-0.669847942686518,-86.36000000000058
671.495136786079,-0.007985729482927544,0.007950387662680004,0.09955320525939354,0.005615008737911875,0.0011291631285970105,0.004763999099764116,-0.29682715685765293,110.21999999999935
527.3510605685552,-0.005900075945135547,0.006498407960069421,0.09937052023513603,-0.0005956101271815673,0.0007322904611239966,0.0037311201243315265,-0.26512016274478817,-5.260000000000218
537.4529118133682,-0.004456181357931282,0.005032041596022024,0.0993601527001928,0.0006035089519236259,0.005622590440231612,0.0029513359459237515,-0.1455113739477495,64.46000000000095
430.4375166101849,-0.0033422747637292917,0.003481620350780222,0.10011408136887132,-0.0011829180303396525,-0.0011753875800962765,0.0029939329248509757,-0.14630058038437024,-89.74999999999818
427.3440386188063,-0.0029742563956344603,0.0020021426245771614,0.09952917817866616,-0.009165073987856376,-0.009739880097858866,0.004078627224302335,-0.8236380668530975,-113.52000000000044
460.57440367641925,-0.002297441898261211,0.00035568893975234197,0.09952145046867053,0.004441329503988012,-0.005941731674383166,0.004242060436691704,-0.3778386477052104,50.29999999999927
493.15044136061346,-0.001067036821232561,-0.00114366731687883,0.0996085104714265,-0.0018172165339400692,-0.00657300809473349,0.004043875379090853,-0.5331961962961599,-8.270000000000437
434.0311023026237,-0.0012827187148019648,-0.002583701110043962,0.09983300595053404,-0.003528596524286831,-0.0009217853687523148,0.0039833791543784705,-1.0364674770219147,74.97999999999956
402.47831279729456,-0.00212834901549312,-0.003443859264587442,0.09921222839494938,-0.004751193326521519,-0.01006522563519141,0.003995511854130993,-1.6957934056743553,-120.60999999999876
418.8788628502055,-0.0030848006111510945,-0.0037568623689798876,0.09781734991208245,0.004039137959698902,-0.00425726234400936,0.00426927772032412,-0.950673602782957,76.67999999999847
377.37678099288723,-0.0027056690709441962,-0.002804914987737923,0.09657018333687878,0.012589841594931928,0.011849389230323526,0.005786785260842369,1.1973580893116644,211.4300000000003
349.90331762896506,-0.0007704207700184495,-0.0023005341426729714,0.09652094112638873,0.011614920874152057,0.028488487460820888,0.0064584817002393095,2.719780629215526,216.4399999999987
357.8669147478998,0.00078407526488476,-0.0016960515804129675,0.09569201632888417,-0.0010518372512779983,0.023273541950750154,0.006357203833021948,2.1608213062952024,-66.83999999999833
351.19010536748,0.003418494715935985,-0.0005930189238824138,0.09509312236531661,0.0069545063724785194,0.0175787490580257,0.006562466364493224,2.635705270390468,-71.72999999999956
328.3084968302891,0.006673644939939553,0.0001130678085093251,0.09509611675469062,0.004942506518791356,0.010866998457255805,0.006624088829300992,2.611735750824448,-87.38999999999942
371.74871471814305,0.010789686440774401,0.0006529522355326792,0.09544386600618812,-0.0015246856855669622,0.010388508285974485,0.006639377660197288,2.0915632635860355,-6.570000000001528
383.5092998503834,0.013876096871407416,0.0011233244077847003,0.0953226532451851,-0.0056283267352162936,-0.002237235869533949,0.006165338406318347,1.3942157195756728,-169.52000000000044
364.5667505791916,0.015118774317920629,0.0017279314845674374,0.0949740056020746,-0.0006628041439732391,-0.007802499777082028,0.006171965174376852,1.218393627557019,-75.67000000000007
519.53277172619,0.01475930224994734,0.0020566588493804907,0.09528771023567964,0.0015604424496793445,-0.004736769077710146,0.006069938280423911,1.2459755393749554,41.70000000000073
486.0412664153637,0.014303710416258717,0.0020984062984584816,0.0956487056271185,-0.005040362947659416,-0.00414827811944718,0.0062102269030376266,0.7407062307752098,8.290000000000873
549.9372360977092,0.012439490199776006,0.002512760638444623,0.09390849674302082,-0.005132229821937173,-0.00860211539846989,0.006248296220985954,0.2696505184088702,-59.93000000000029
550.0917764645899,0.01151622931469547,0.0029776103230890133,0.09419568469970724,0.017948339527625645,0.007619498203207398,0.007784754168310658,1.6462611835815941,218.5699999999997
379.3204106331407,0.010570951536643067,0.003308071061370897,0.09451346239000923,-0.003818841630304548,0.008856562151333014,0.00738721569158565,1.2144466339348814,16.079999999999927
384.93527079622856,0.009943097037873435,0.0037977432401904328,0.09459771373165639,-0.00468676122931444,0.009308294458249877,0.0068753348798444485,0.7660852675919051,5.420000000000073
426.71219374142635,0.008979232923794352,0.0041033964620782026,0.09428008193892731,-0.0022720255096283504,-0.010740446088391864,0.006906447384268576,0.5365433064035955,-270.1899999999987
462.95950095500257,0.008192013499815687,0.003981450102976722,0.09588798009263848,0.0021358508252149466,-0.004827127659574493,0.006613147579760228,0.6540189474384315,80.59999999999854
393.21029313889466,0.006303352568617705,0.0036771957319597106,0.09592353590039646,-0.01882832763947717,-0.018966699721507885,0.008287056698556188,-0.8488604815653611,-190.1899999999987
392.28425066889343,0.004790625758081133,0.0036444538811885876,0.09500311279983989,-0.00239993402451244,-0.019092467982696038,0.008284784325404991,-1.008273162062888,-1.110000000002401
401.71075353481723,0.0014246006604761645,0.003757840415540554,0.0956166961236106,0.007938379909156579,-0.013412854307064404,0.008695194380899933,-0.4510047751143836,75.96000000000095
365.28410405938837,-0.002623947953374817,0.003877996584484313,0.09458962603331772,-0.008651630777472885,-0.0031799882424418113,0.00896006498223917,-1.1464758965578299,138.64999999999964
231.33567608844427,-0.004870730897259922,0.004086369254739638,0.09437239226346841,0.008812144212523743,0.008023322925285958,0.009436999985204666,-0.4878005543728268,147.82000000000153
540.565783505295,-0.006865209636977536,0.004451127493197735,0.09419579765744093,0.0001670290645618966,0.00025131715773829555,0.009362090578240749,-0.5496459540883707,-102.45000000000073
693.8216912013598,-0.009313246396838263,0.004957559346739237,0.09418674605376312,-3.9869648815971104e-05,0.00894041745730556,0.009259371428697642,-0.6888822098436137,114.45000000000073
646.8496575764192,-0.0094538375120399,0.005387381467098481,0.09386754648419586,-0.002057506362471706,-0.0019306152237211771,0.0072582914728863855,-1.0216613014036287,-143.45000000000073
596.8058119279004,-0.008901615516076714,0.00555832724047974,0.09278528678170661,0.001548384373228462,-0.0005521570232267514,0.007299601322263088,-0.8670326565759681,18.31999999999971
533.162439734386,-0.007842824674332985,0.005491432273878986,0.0921243453501165,0.010387641709531437,0.00987001223971773,0.007972623018871628,0.2435260197338181,138.53999999999905
886.1127310417394,-0.004526882659792441,0.005629088106567386,0.09181736872434937,0.00620009401079713,0.018226308362180088,0.008152470643878522,0.8658882943476642,110.57999999999993
887.4722198850989,-0.002180768257716282,0.005423262292763663,0.09192320665553942,0.003315263984743133,0.020022610300482135,0.008181904562853204,1.1840488095951458,24.2400000000016
883.8528530687308,0.0002374786298796536,0.004875306303674661,0.09201900323157715,-0.001605667060212479,0.00791493438240054,0.005570916114001266,1.0443025765203153,-159.77000000000044
962.6436526996916,0.0026871180438769265,0.004300975614158919,0.09193611789471487,-0.001747197388959787,-4.5901377189294656e-05,0.005527408484965842,0.8850104302299818,-106.86999999999898
972.5197846425868,0.005372356126347719,0.003874057054134619,0.09205903953152306,8.21820443337451e-05,-0.00326815230224331,0.005219671939990765,0.8744440775535477,-43.67000000000189
725.4865197074882,0.007393266881214971,0.003614125732821708,0.09163266113276099,-0.002320156414373553,-0.003981451918073864,0.0043648285221814034,0.6195098379511621,-9.579999999998108
826.6321785581143,0.008267562230037263,0.0034667524674413057,0.09115664776703696,0.003756946418063567,0.0015103727066767547,0.0038501635971707514,0.995424531416426,74.26999999999862
848.9708541245466,0.008766957934900297,0.0034612364912867313,0.09142309541943265,0.004403045760331237,0.005837406932781342,0.003913122178821875,1.348417016316525,58.45000000000073
756.635286777844,0.008286467144631136,0.0037988865073617564,0.09073188769392161,-0.0036499305195722975,0.004496759884152768,0.004198081739132941,0.903560669139628,-18.25000000000182
849.3495208507095,0.008482268258150995,0.0036333433212140656,0.09022082885119137,0.007229091886884698,0.00797146447845054,0.0043312614867934566,1.5797497219405994,47.23000000000138
675.915958546329,0.010175315024966823,0.0032748403696348143,0.09144729888401139,0.005257124584611583,0.008828577653210212,0.004404457485680018,1.904361424675278,12.1200000000008
680.0235550308572,0.010390293542074344,0.0030154470684975523,0.09144419130343258,-0.014701773099060289,-0.0023616806419751724,0.006030924669844387,0.5344821494638367,-151.92000000000007
484.9661711311881,0.010482901755032829,0.002875813893043825,0.09131962081632038,-0.001235838578304338,-0.010746008567763643,0.005770444473947939,0.40801290580528615,-114.55000000000109
627.1685702673584,0.009959270317563626,0.0025795584341844215,0.09139473244880582,0.00025429427407885896,-0.01566919660803523,0.005672504652870096,0.42415704973952745,-68.25
826.8740815796622,0.008693581657512871,0.0032455294226151617,0.09059875099881128,-0.0021153683661261358,-0.0030951499444649144,0.005684604085741027,0.1730091439818696,172.97000000000116
775.7958550384851,0.007930340601276707,0.004195866667267555,0.09000805539036212,0.007910452195614814,0.006034113984628275,0.006141647143764574,0.8556019996603194,123.19000000000051
764.8193916720071,0.006692066775588129,0.004988434179259001,0.0894107432337768,0.00603624251088819,0.01184947234381939,0.006350093609816397,1.3417907162995786,78.47999999999956
888.9753647238479,0.005699631748415752,0.006503145950176245,0.08818452363872385,0.006604349230603601,0.02069121754114911,0.006460070675267221,1.8913034213780686,118.69999999999891
824.1455926957364,0.007881340438614453,0.007616075992420575,0.08883231653967709,0.01442536150728757,0.027288738881478425,0.007437222239456743,2.7430686526199555,91.72999999999956
720.1116248653148,0.009967601284055837,0.00878814321374661,0.08832578834838546,-0.007327833572453368,0.013642346946623807,0.00792434312170058,1.8642615334923724,-184.0599999999995
715.864324412074,0.012503087027914717,0.009943394714489306,0.08866908299162742,0.005936615876021234,0.012969944919759113,0.007834389824054195,2.105629488562911,-8.010000000000218
676.5676878790408,0.015048134182275385,0.011196783812980445,0.08879949058018098,-0.00387931034482758,-0.005308464849354322,0.007862480835374051,1.6563459250950787,-252.22999999999956
739.5648795669376,0.016229410011648463,0.012353611830094561,0.08927835819295844,-0.0016039232655415958,0.00042708946837843875,0.007808180824745571,1.4329360764325916,79.90999999999985
799.3554864241693,0.016017676231699682,0.013158659074426954,0.08874169380855107,-0.006712771674747375,-0.012153017241379294,0.006609402765534833,0.7751298228586646,-175.07999999999993
806.598360106579,0.01564572647696192,0.013724754573778036,0.08893753769663781,0.005557482711952666,-0.00279460550988031,0.0066423429991747775,1.163005615739949,130.42000000000007
730.1207331686,0.013275299468361628,0.014060484722554735,0.08921762757591264,-0.003122819071037286,-0.004311689887718351,0.006796953407996896,0.8208325137449417,-20.94000000000051
790.3524049812589,0.011658558508112683,0.014493983672980399,0.08929003378160455,-0.004231696443793398,-0.0018246171322021665,0.0069341094325750885,0.40574350351337396,34.600000000000364
636.0110149763252,0.008855283344152504,0.015062901911044558,0.08867859850521705,-0.002251973299800203,-0.009576741579128134,0.006714803583823959,0.16239516152732608,-107.32999999999993
659.6871917970473,0.007079442307869696,0.015845401685769138,0.0882409292731801,0.005841620523949542,-0.0006703390217838168,0.006701190403231459,0.6215900850636658,123.18000000000029
689.4666063596397,0.005977059841045721,0.016694552664800258,0.08826436376072493,0.004006583021351373,0.007597404584379408,0.006535475453205865,0.9116070482434996,113.52000000000044
704.7658414359854,0.005669044079159289,0.017366419584349608,0.08832832209036129,-0.0010614590579044458,0.008799671116764607,0.004861888382071824,0.7436216874999401,16.229999999999563
644.7890860787177,0.0045472387117302905,0.017910112084278312,0.0877763685205207,-0.0016662637329230012,0.001269707139761378,0.004418721017751065,0.5303558449684397,-103.02000000000044
749.4659606713051,0.004587565654233053,0.01861426773420426,0.08848642420354312,0.00561326883366986,0.002872013200270196,0.004378261542248598,0.9880436911319118,22.229999999999563
749.7596571150704,0.004183416869897658,0.01895532514988056,0.08821096211279383,-0.009401041403804267,-0.005500407518019834,0.005030988331124549,0.03417857846841284,-115.70999999999913
735.8380874684314,0.004524387774598572,0.018992042858132257,0.08851228365419639,0.0018545273248007366,-0.001993138210250378,0.005076648271794356,0.1991261625540836,48.5
859.2945089638038,0.003766503129818199,0.019524930908193475,0.08869413570283155,-0.004890725130640927,-0.012417680504465123,0.0048968451311385405,-0.3624228087086217,-144.73999999999978
700.6554542907153,0.0013522049646847033,0.020064376531530967,0.08799391741841989,-0.004631498717650229,-0.007662662353022598,0.004664289391563111,-0.9613292253803323,66.94999999999891
719.1104094157819,-0.00038887235768090986,0.02074576223384522,0.08801824178627113,0.0056747544937059136,-0.003878725708926223,0.005006854185488127,-0.4479164576979565,51.89000000000124
761.3128719169168,-0.0019925278120890275,0.021530469072411997,0.08763613125950909,-0.001145029260238184,-0.00012922056636577306,0.004871163832733446,-0.8233252825102583,51.61999999999898
802.683693246028,-0.004103183449207138,0.022035606341868696,0.08735428614273671,0.003585056375194018,0.008124499874212265,0.004935529526543946,-0.4065523682671501,112.54000000000087
756.0855554660136,-0.004268918660475551,0.022354581265771088,0.08770082871505985,0.0026780959254526504,0.005120541679064949,0.004691971450949752,-0.013421529080201862,-40.56000000000131
770.6280135722155,-0.004977930914247958,0.022247850356506026,0.08783180535930586,-0.004691745908508738,0.0015515773517897902,0.004697278418778719,-0.8524858322171252,-48.95999999999913
827.5593537714802,-0.004944851081898706,0.02150781866284828,0.0872926290518416,-0.0022453905703802013,-0.004267055855142754,0.004718553110321421,-1.207688286913634,-79.89999999999964
841.7536227561429,-0.0030389425296562843,0.021163912783230678,0.0878828315070055,0.005855537589350979,-0.0011116230640016989,0.005075112453467795,-0.0252804272362339,43.32999999999993
847.0233895383113,-0.0030495330239327712,0.0204145910076354,0.08725345175794845,-0.007440617797190741,-0.0038703826422560317,0.005127318659783228,-1.462992067515339,-37.77000000000044
830.6880364412699,-0.0019240666387176516,0.019977842828883086,0.0866551155842371,0.0067630764276671584,0.00512341272479766,0.004904877638602878,0.0584361779637585,123.20999999999913
865.3965837896462,-0.0007904113465169067,0.01962703586586005,0.08667834354529107,0.006711102032449068,0.005978354434333477,0.00524980043245211,1.5956740522408235,12.180000000000291
877.6492597378576,-0.00016918495108529717,0.019453610556212527,0.08700436077457895,-0.0005401256297553614,0.012972138262135946,0.004985867902553275,1.348699920784787,94.95000000000073
944.5747079806932,0.0004285704958152528,0.018735995228224406,0.08708690954841596,-0.0041268247219341525,0.0020150752636427516,0.004937030812190632,0.475747811333799,-149.52999999999884
933.1944992312604,0.0014013617602790672,0.018246194556914123,0.08675002700767,-0.0016424804647118263,-0.006299540098912315,0.004744949480153261,0.12086758417119618,-114.96000000000095
744.7958313696189,0.0017731403318525386,0.018025463438321912,0.08671508470894886,0.0035330733305285467,-0.002249813057440986,0.004806015881868748,0.8533758330869957,56.100000000000364
831.8690309957182,0.003054867403086414,0.017803998404911228,0.0867095100119006,0.00014409837501916378,0.0020291598320665294,0.0047203302611912665,0.8135793037366029,59.10999999999876
810.7462200299024,0.0032410534485433472,0.017457119481968545,0.08644343450365546,-0.0005068056762235207,0.003169011269937183,0.004670886289265019,0.6716805288085723,15.640000000001237
739.2334362829288,0.002974983119015767,0.01696925459813362,0.08667336696785508,0.0027316189786308342,0.0023678476699147133,0.0044579149945138605,1.2630884033925494,-10.910000000001673
775.5851978420336,0.0026505223170908126,0.016360087243157902,0.08735151116283635,-0.003032643174638472,-0.0008159571387199582,0.004511787029611006,0.6016432097426972,-43.969999999999345
786.013116589408,0.0019949324983977064,0.015757976600321258,0.08663200237122594,-0.008633601266019975,-0.008940239043824683,0.004927462410885954,-1.218223485207668,-112.14999999999964
731.587194091702,0.0022760163777036323,0.015096778375842263,0.0865866314255678,0.007860934190349278,-0.0038706293782070356,0.004948853605562841,0.5632601193373055,69.84000000000015
741.7983329571299,0.0022538439064057002,0.014705718332682305,0.08723570195896077,-0.000394513649519479,-0.0012347172939402018,0.0045785874812636004,0.43948538711074664,36.54000000000087
697.8544696060713,0.0009442899737593216,0.014160443511612882,0.08694694397998075,-0.008708118072881854,-0.0013097902435245112,0.004738473155805693,-1.4323108977462762,-0.8800000000010186
755.0277228776052,-3.531964234579875e-05,0.013834910976250926,0.08672922395942603,0.0019628708559784602,-0.007154185942115254,0.004820205372391058,-0.9944022998676008,-80.72999999999956
729.8716213445907,-0.0014673977213198095,0.013656627759984134,0.08688616348354174,0.0013023648549941313,-0.005468782307205156,0.00474409740574862,-0.8176645034311029,23.269999999998618
681.331653804822,-0.0030012939532390944,0.013216528059455529,0.08650338147715171,-0.003345416028671555,-8.855606770064028e-05,0.004808095336420137,-1.505044398954449,74.17000000000189
709.6038017992211,-0.0027232012567814023,0.01294868920658757,0.08626190162290479,0.0031700024519760728,0.0011161040372580366,0.004780853068975397,-0.805282088292137,16.48999999999978
643.1642558178015,-0.0034414110141859165,0.01251129092028557,0.08638158848426984,0.0016934485938757682,0.00150711502730827,0.004824112278935771,-0.4091894778265952,5.3799999999992
702.6104246429612,-0.004229609305509191,0.011636848693415847,0.08765746839473013,-0.0024750582163118873,0.002381710454566921,0.004858015650725676,-0.8973186231613587,11.8799999999992
681.6550911137888,-0.005448448640211871,0.01080858309466512,0.08713775064973488,-0.016608263313810268,-0.017381013530077816,0.006546654262713587,-3.2319044139141875,-270.7599999999984
702.6548609079942,-0.006629653263464768,0.009958284140102377,0.08723117766587161,0.004043797159689166,-0.01507542080724189,0.006785795070756215,-2.225495846869607,31.25
700.9124685568867,-0.008499337397296415,0.008713862154107202,0.08767348641514869,-0.0034758171868066734,-0.016063538564102586,0.006460707826789795,-2.2749116283633755,-13.020000000000437
728.7861644350734,-0.010489811882503029,0.007599952730990249,0.08774715126956355,-0.007657884972170681,-0.007108202388855123,0.006009072218336268,-2.6083673233765157,124.2599999999984
730.3489686478624,-0.01360656955837402,0.006210119800315118,0.08723643392536315,-0.0036300246563478744,-0.014696790415618999,0.00597650182556021,-2.4383484316147204,-102.99999999999818
776.3029191993304,-0.016312086734380886,0.004694539184182106,0.08645590170317036,0.0028904315532147784,-0.008402226345083474,0.00587302433798553,-1.9178689599486898,85.51000000000022
824.1113157768594,-0.017577020017958217,0.0033758914293604107,0.08605028336622315,0.0069758669877815205,0.00622054905057734,0.006329020232798002,-1.2271938880009903,196.39999999999964
748.2464151145907,-0.01614903593692961,0.0023583732927852648,0.08601618505735825,0.0034723177051785292,0.01339310844860142,0.006444026585684086,-0.8647555066307565,95.2599999999984
824.8511998815862,-0.015560735902833621,0.0015458619775118225,0.08589824019858221,-0.00028218647860156487,0.01018726546912152,0.006413883726046678,-0.818123714862357,-42.31999999999971
797.9759257855294,-0.014440209086573461,0.0005550457996400531,0.08589033445084474,0.0008297587032057852,0.0040215563147947275,0.006310634175393257,-0.6843709080803376,-82.0099999999984
743.8066514858256,-0.012198323997216355,-0.00019328769014293889,0.08529573784770805,-0.0008771864891073955,-0.00033032852875669594,0.006247342669099896,-0.6922040365833861,-58.56999999999971
686.0943594185105,-0.008756686781898162,-0.0007738045017924316,0.08495274030632413,0.005979736613013653,0.005931293015950523,0.006582772905541803,-0.12184222238516021,84.51999999999862
703.4837418381846,-0.0054804727948295625,-0.0015141994938969838,0.08497998222610109,0.003072626521215316,0.008185593414809178,0.0043206169828501235,0.22991571457781673,30.520000000000437
645.6921681041957,-0.0032100791047347263,-0.002286518404782607,0.08514395226217862,-0.0010565593317903854,0.008004593528311288,0.004238161644321386,0.19607705005591813,-2.539999999999054
686.4322367214602,-0.0018717945720180507,-0.0028996384681339664,0.08550389769109133,-0.0030929145942498737,-0.0010863192998064042,0.00420666641404278,-0.0813068733722203,-122.79000000000087
667.4036990584747,-0.001439760962236457,-0.0036735714784768493,0.08505242597733154,-0.005800249351001541,-0.009922406400150297,0.0039000904916158354,-0.611311231904154,-120.38999999999942
714.4092319082009,-0.00039924069338066184,-0.004340230629791896,0.08455585006691457,0.003846627322845242,-0.005062736626709197,0.003738130913308023,-0.1254287167832376,66.2599999999984
712.4564950244584,0.0011991001737053145,-0.005374693140634612,0.08595861208858611,0.004469427270598292,0.002484662554070871,0.003824842165155247,0.4259329061172288,102.58000000000175
703.737641214117,-0.00031662914246987376,-0.006144909416538884,0.08557867711303155,-0.018524061716963525,-0.010345180480757943,0.006576457364152937,-1.6090647412406587,-173.20000000000073
708.200905336802,-0.001984500277112476,-0.006865485840386793,0.08504382924747594,0.0022577676799768742,-0.011911577737376389,0.006516088207683675,-1.25370262160184,-21.73999999999978
726.2715184355467,-0.0030018986581760577,-0.007797611618002553,0.08547516958843786,0.0041958345202341985,-0.012180708705139542,0.006672583632521494,-0.7013044780546277,-4.3799999999992
751.6695038278176,-0.004499030361990905,-0.008649558919909919,0.08488998626025689,-0.007288205377145585,-0.00087223417839144,0.006943517418685346,-1.4644711450500423,153.97999999999774
751.8070771827737,-0.004491989581198459,-0.009379278664889079,0.08427481157338096,0.004744476277618537,0.0016067085502464717,0.007144309491540698,-0.8437451559902872,33.13000000000102
682.2246003593139,-0.0044254404258739525,-0.010169739296375976,0.08396294317068344,0.005262505729039857,0.0026706295523362122,0.007087033287644618,-0.0483824163519037,14.3799999999992
701.0521177475115,-0.004926461074335603,-0.01022389156923974,0.08359410943811246,0.0018430017910233687,0.011893440532797284,0.007036879855249567,0.21912019039904818,122.71000000000095
878.1493463484184,-0.0031709306956541634,-0.010419929546920398,0.08347479895732104,0.0025667100010524635,0.009700178999840325,0.00710053135583395,0.6052965764095509,-28.6299999999992
828.3036064610909,-0.001670642862692099,-0.010562157480681155,0.08324326836330101,-0.0008176475850195652,0.003593185200146065,0.007054056997645824,0.46000368926235546,-81.56000000000131
755.1174352168055,-0.0009198485391652579,-0.010387969330110802,0.08313139654309987,-0.000190891232691226,0.0015557390390439352,0.00683680555376944,0.37568030715881595,-27.399999999999636
723.8944122754287,0.00036272315222136975,-0.009494214023047284,0.08178031071806602,-0.0019314776840323455,-0.002937912751236227,0.006759444094061852,-0.0023567592260898243,-60.72999999999956
804.5376459787117,0.0022466905639852777,-0.008708902149638485,0.08127795641739145,0.014050702646351665,0.011898886837753642,0.007849937872841613,2.081270141646329,200.5600000000013
814.4722439547792,0.0038926000745451105,-0.00833407011317112,0.08118002108470679,0.0038467809806255193,0.0159853829321015,0.005088214452982856,2.2641675915996813,55.18999999999869
840.8675301437142,0.005350269506264709,-0.008049675069296849,0.08087610540376683,-0.0021552948580302322,0.01575754789658368,0.005254480218105141,1.7377874352778935,-3.4900000000016007
758.3438674222508,0.006605317363541643,-0.007494867233285573,0.08022465216231733,0.00031680242696929817,0.002000530842613868,0.005227066995653113,1.5972112397825953,-185.15999999999985
832.799555364501,0.008371036365229248,-0.006986978410653223,0.08004323769065076,0.004284235022143701,0.002437180329492916,0.004426870915862099,1.8689228055061151,6.100000000002183
717.6337042250259,0.01012090030416817,-0.006476824519075798,0.07992303369111486,-0.0011146279293497985,0.0034826368181357648,0.004497608630764653,1.5635124843831025,14.25
718.8813783595865,0.011914459379576083,-0.006121503750075242,0.07946446345415488,-0.002020062413163548,0.00113837619392676,0.004532614818864508,1.2518416924649156,-32.11000000000058
723.0746103078341,0.012157008110755934,-0.006050613738353524,0.07944783607637913,0.0022865548098924826,-0.0008530464074684163,0.004536969881661903,1.392002791535095,-27.340000000000146
698.2358022989158,0.0116694239280516,-0.005413488785404296,0.07805417504968634,-0.003641996407455661,-0.003381076736184374,0.004764220608871948,0.9765550473256066,-34.73999999999978
732.4740244455537,0.012683348708842702,-0.004517592360710128,0.07729669624237277,0.014188408991709922,0.012805290054251905,0.006024626027416139,2.04637508162692,222.15999999999985
901.6331243061862,0.014325166028380477,-0.003959298496955535,0.07828895501439266,0.007120541834802596,0.017690008508657762,0.006115901392112556,2.254651478977071,67.56999999999971
895.7854259326216,0.013756817981523527,-0.003298239899740986,0.07772250154676441,-0.01656144262341941,0.0044939572077760115,0.008257585284977394,0.8629881033392961,-181.6800000000003
960.9811144403943,0.013616724224259639,-0.0026726474762738582,0.07701931964958081,0.004028428614922364,-0.005568905671892388,0.007354103184870738,1.092981808647462,-138.95000000000073
907.8001059184364,0.01451431038204209,-0.0013261021219678065,0.07689256557735463,0.005888853587771692,-0.006785074978830186,0.007451932342560878,1.4207689100286343,-17.56999999999971
1024.4098175199658,0.014286290895536895,7.8213161025436e-05,0.07645196209952257,-0.0017843010288509653,0.008138966254644053,0.007438174678754108,1.1908076757418322,206.96000000000095
892.9235228695748,0.014893459704760257,0.0009779776626203287,0.0767030605920607,0.002939989332718218,0.0070460708529611615,0.007452155309217917,1.305991283231305,-14.649999999999636
999.1671157554691,0.013109023127558659,0.002086753284294547,0.07662201410937053,-0.006675534800959171,-0.0055327721418806375,0.007720110842385332,0.7285140379539178,-174.26000000000022
929.4423840143548,0.009712484606212468,0.0026887107057495365,0.07727135828262582,-0.00221312246330152,-0.005959983278315151,0.007746015972762117,0.4786310634860491,-5.790000000000873
853.8295946131814,0.007739500577353621,0.0031219481702239467,0.07674905065479277,-0.011895724253544349,-0.020664046470748376,0.008502203500383524,-0.6891348344675983,-204.84999999999854
908.3391061422328,0.0055822846253887224,0.0034942855495698295,0.07670714603607771,0.0031553959104602125,-0.010971560037910222,0.008531985145327235,-0.46726426744463045,135.88999999999942
884.7565705202704,0.00238471260681742,0.00386755444324632,0.07633911661750653,-0.002856526303084417,-0.011609316166250161,0.008508285808384957,-0.8231645443908502,-8.460000000000946
921.749688863265,-0.00026609627010862243,0.004471602257933523,0.07583414111708986,0.0019513769678829451,0.002241798722431465,0.007241320933925592,-0.7046006499435171,190.65999999999985
933.1149517199003,-0.0028520406267435712,0.005356538221679921,0.07541149766110439,0.004912139405476745,0.003996942309872686,0.007029829309378299,-0.24578958559763397,24.090000000000146
936.0005349539426,-0.0040071929034275824,0.006262258884693641,0.07545369549139697,0.00442401470591447,0.01132752321845154,0.005385462119368478,0.21807339046378868,99.77000000000044
1039.9382103276414,-0.004932706234337833,0.006770603972664519,0.07516227904942871,8.704602776354875e-06,0.0093666715478109,0.005245922269530989,0.17502649876617468,-26.479999999999563
1123.883626745259,-0.003185507135683707,0.007274359955364231,0.07464495063879213,0.00398739874640297,0.00843783173735102,0.005071815858232657,0.7045089433660865,-12.1200000000008
998.5884915556011,-0.0010060217257635577,0.008248346127037441,0.07358290169424883,0.007159939021306405,0.011184689184023267,0.005480565131515448,1.5716904959638411,38.38000000000102
1025.3236783343161,0.0030940798424075582,0.009116897537154185,0.07415683097006519,0.01631850789096112,0.027676768995635426,0.007149163063730443,2.918970586039517,227.35999999999876
1097.8874239574288,0.006253969833428835,0.00986462878318038,0.07404242519885394,-0.006915838243639616,0.016516267005758367,0.0071745071817467315,1.8676733747461438,-152.9499999999989
1058.8061075699652,0.009105773407062213,0.010613315042344746,0.07422696797551731,0.002429368492128381,0.011741750358680081,0.007080455896560101,1.8572059106031895,-64.92000000000007
1232.4066732168646,0.011153848573470265,0.01129466345668334,0.07462301754378797,-0.0017484798293778692,-0.006243876822130567,0.005768845085498685,1.5215540662182765,-252.13999999999942
1236.816953524151,0.01268365417257511,0.01182618930896499,0.07459988399471788,-0.0046821440696867,-0.004008671239205341,0.006148181720627703,1.004762343789348,32.05999999999949
1543.2071773723924,0.013748960969961798,0.012667841406398284,0.07418956256573976,0.0006600966238734518,-0.00576658006988251,0.0059726735480680705,0.9792921914074071,-24.93000000000029
885.7469788712722,0.01419597225278828,0.01313646463897638,0.07391863268742639,0.005930532328746629,0.0018815230037316777,0.006056856603750926,1.3938805514386563,107.81999999999971
874.9577005052192,0.013339762983150476,0.013318490977890852,0.07417325701617881,0.004114704112081036,0.010736382385053922,0.006034798046674443,1.6212679692322234,123.95999999999913
842.9663349372763,0.013547527700913706,0.014159791521959685,0.07395993277962293,-0.0029321744901524838,0.0071079383983425615,0.006208293314095645,1.2586334380397355,-50.779999999998836
879.357986314148,0.013044368089517885,0.015067408373664496,0.0734854180958641,0.0036800684321365296,0.004854840413426986,0.006190196009921951,1.4097388610891126,-31.19000000000051
879.3175586847157,0.013709739879332883,0.015776316944206364,0.07352458307906506,0.0080076252346728,0.008750631021177568,0.006393300978927164,1.7946407487331262,55.460000000000946
878.1996149356008,0.015420128537943572,0.016572880112740117,0.07365785131938891,0.0006229225707243824,0.012347383731222461,0.006252765273634857,1.6432075251308724,50.42999999999847
909.5425084496268,0.01691844321361043,0.017234931469933497,0.07353271444701892,-0.0006840887804543394,0.007945539682192582,0.0043939054989683615,1.4498347498623703,-61.74999999999818
798.8984799046284,0.017944252378646074,0.018198481875836635,0.07341742592062751,0.003007711416494141,0.002945933820426072,0.0037093493174450032,1.4831863592841588,-70.53000000000065
707.861567040201,0.018451415083886258,0.019431497829410307,0.0730882300560224,0.003181530791551479,0.005510482016788831,0.00373214240394921,1.5154751353887728,36.69000000000051
701.213866475867,0.019939735730353753,0.02118183744687161,0.07369606743893607,0.007195740989497823,0.013439157364833143,0.003893039494581734,1.7707313768860706,113.21999999999935
750.0902629886639,0.02007165059294433,0.02276810323983845,0.07342140201163642,-0.006307925968031425,0.004026635812075519,0.004177594755839891,1.2964324329971826,-134.29999999999927
733.7674825306287,0.019587494803250775,0.024663224755721965,0.07304421041809539,0.006220077735332952,0.0070677425032190655,0.00429712132991555,1.5627064856112618,43.899999999999636
764.2957315891482,0.019735569621838592,0.02663652420235173,0.07320932496254332,0.008468049157374313,0.008339888981055532,0.004528383964379454,1.9226528192165626,19.149999999999636
836.1325341358196,0.020333367207348116,0.02847105617445032,0.07197223881774914,0.001413760603204528,0.016175399380564004,0.004528623355627542,1.8470150210588758,111.96999999999935
857.0933366639166,0.022481731639747923,0.03077302471980914,0.07266093185198415,0.02188508891928853,0.03199539676322827,0.006827702993744883,2.6631266672006624,230.46999999999935
796.2045989223315,0.024309978825773165,0.03281756244394665,0.07257701168349359,-0.0061392399979651735,0.017047322622361527,0.007517750448618116,2.069562137972251,-214.3099999999995
765.358233374422,0.025311497806260467,0.0347952920442734,0.07136484620475034,0.003959391820175462,0.019632694938440443,0.007406972292521582,2.0343075860608675,38.150000000001455
798.0438422332119,0.028989837018959075,0.037262236044656984,0.07171491071428579,0.021094745230941347,0.018844093290745212,0.008878269512346864,2.5723362871039597,-5.5
768.1727525600213,0.03251230827067682,0.03920269359191447,0.07286849052569708,-0.0014118197364384466,0.023690349832707458,0.008925033362073686,2.135648162902413,70.22999999999956
654.0266280002236,0.034512393254740086,0.040861725248749634,0.07309666297970255,-0.013576315789473714,0.005810010444736502,0.01045120725216966,1.4254981192238132,-265.15000000000146
758.6016578556232,0.03555471136792734,0.0422942272888993,0.07279704693389957,-0.0007763291635652925,-0.015733676532323715,0.010535708365742942,1.2744183040361756,-326.09999999999854
724.2746200605679,0.03410726781965408,0.04410841384533012,0.07297516320725392,0.007224669603524303,-0.007221052631579017,0.010536633623558552,1.4192088191842007,129.72999999999956
765.5844898632802,0.03376311553592023,0.0459533742445298,0.07246116390219008,0.0006560531840447137,0.007103011676951043,0.010131030106180775,1.330013676774246,216.26000000000022
736.2050869207064,0.03345794842145767,0.04779824210534238,0.07110710032760302,0.010770098820275908,0.018740488586303616,0.010301913604303731,1.596927687024486,174.27000000000044
737.3429604763841,0.03233189794043145,0.05071865380610224,0.07203903611315671,0.024649522989601547,0.03636456411561384,0.01182072975784872,2.2046185331728725,267.97999999999956
775.6119681673915,0.031879698085419794,0.05248654147689514,0.07054736875598576,-0.0076085476108112005,0.027805040218170207,0.012398745234623233,1.7298668330547713,-128.88999999999942
767.550745745691,0.03505714491863171,0.055916128523584734,0.0717480242243367,0.02696842783505149,0.044276366609730555,0.013093210415975927,2.2956743543434226,255.91999999999825
756.6522041861848,0.03832502090386865,0.05897614232608975,0.07287495826482868,-0.011573198314777655,0.007359810320231697,0.013615311578546499,1.7265537752479219,-560.6799999999985
781.1465544623454,0.03966354509428554,0.06133973732152884,0.0736780607092217,-0.010591535277505781,0.00433182989690728,0.014347715496946642,1.2773835037979846,-47.8700000000008
688.7477232428846,0.04040110256538201,0.06318456425034506,0.07391777056154254,-0.006264102088696877,-0.028168183429483795,0.013501711036539023,0.9989099749520268,-516.1899999999987
761.2982823908254,0.03949880342056687,0.06476959215489382,0.07358645633236487,0.0013744714998911167,-0.015437895809913504,0.013470275324380665,0.9660372465697687,205.74999999999818
739.1156128131895,0.03590414515701203,0.06686457395333972,0.07391507084737846,0.011088990437679858,0.00613643347791748,0.012779647262968017,1.2335974882622127,338.8600000000006
746.9561481357168,0.034094108729891034,0.06903793773179173,0.07450898043650762,0.0022967720214654985,0.014804136197278162,0.012709624105664548,1.2205118861578304,133.65999999999985
764.8613884117432,0.028535213011813904,0.07144100973090979,0.07603037633834953,-0.001927615800087712,0.011457763840607482,0.012778356599639018,1.0722274516336803,-51.58999999999833
809.6371763157197,0.023720984586607357,0.0729415377929268,0.0761719000375469,-0.01431549022857359,-0.013955982574629044,0.013755606115310622,0.5012627365172718,-396.59000000000015
898.9473896053884,0.020088448227040263,0.07425122768985132,0.07626142810483953,0.0035146123159517373,-0.012757890183155207,0.013495540174655228,0.5745318431245822,18.329999999999927
838.5862318907288,0.018028569356880096,0.07572247157577379,0.07717608588774753,0.004244649563484693,-0.0066526012518645095,0.011437749687950517,0.6916996016323832,96.16999999999825
879.1452368767027,0.015572455810667433,0.07661796049745741,0.07750800467688358,-0.0068813152783294695,0.0008393683139107377,0.0113969701003308,0.31156443637867587,117.35000000000036
865.2811660311662,0.011542116528692874,0.07629542226007936,0.07724468144073852,0.0009304134718701729,-0.0017379413804037291,0.007609257075976473,0.2972338738930099,-39.95000000000073
908.2239673411115,0.0088943457425183,0.07739968472952835,0.07850695118184743,0.00930258679175977,0.0032898641767993286,0.007692802431083619,0.7226011196421763,78.2400000000016
932.493352950502,0.005259663658365851,0.07730265146820785,0.07864938728491547,-0.011634421668638706,-0.0015119218917890587,0.007820739100930821,-0.019456389114417542,-74.67000000000007
778.9528093535065,0.003997412200721157,0.07638608832986578,0.0786094534215696,0.0025165673477813844,7.036166541540823e-05,0.007660857005208535,0.09168512778699847,24.48999999999978
724.7681309928857,0.003544113628401024,0.07611446803283067,0.07920773770049468,0.0048836596852150915,-0.0043081449266093585,0.0077823365299951475,0.3439716828738561,-68.45000000000073
756.8165076955987,0.0021158428859693965,0.0761292748349326,0.07951954626509947,-0.0033228118452172106,0.0040650748466861675,0.007049396493971445,0.04366741881359416,130.1800000000003
854.0827914081133,0.0011779735355253544,0.07663072471903716,0.08055856894061714,0.00046080246655000323,0.002006134589168429,0.006994219425004705,-0.03174336528409161,-31.73999999999978
862.1692892718073,-0.0008626468173921778,0.07581074340004167,0.08030391931237163,-0.009074593714328394,-0.011912148785917842,0.0073726776069385205,-0.9643876449713299,-216.52999999999884
802.331156940889,-0.0031623426602396614,0.07545477625062069,0.08051270309645743,0.007626754488324172,-0.001056945517680985,0.006618766846703401,-0.42893687414151505,169.04999999999927
801.3102016799735,-0.0035731397483209004,0.07457439758628931,0.08032710669298343,0.0018161278605626219,0.00029632378140065363,0.006559662393054262,-0.3411993182537447,21.0
862.7826028146727,-0.0032270416323480424,0.07321384069563228,0.08061292096154668,0.006612502704763434,0.01613176889087664,0.006729980938141906,0.5122700043128805,243.54999999999927
766.3926236433134,-0.002535711569241695,0.07227472707620243,0.08103817031180416,0.0009244544758950646,0.009372897178776096,0.00634202021357125,0.5863742460458232,-102.86999999999898
804.0811281993166,-0.0018216139317443756,0.07010034028774545,0.08125657927170354,-0.0013601537587351054,0.006172656644444663,0.006376062989692175,0.6688517204362089,-49.43000000000029
816.0832604528455,-3.7380729028360965e-06,0.06856220087196116,0.08192139756612489,0.000915257990746321,0.00047790137958036993,0.0057829440208001116,0.949982671303739,-88.38000000000102
788.6472069913896,0.002239347738648743,0.0671277924208277,0.08209973405686896,-0.003857833742904493,-0.004302253265998979,0.004689237113064584,0.25566576382290324,-74.78000000000065
825.8545060917961,0.00321063682253048,0.06631683839088462,0.08284493125773525,0.0023334219199151462,-0.00061955925527446,0.004683004405504701,0.6201933722054003,57.63000000000102
824.3505199455979,0.003201747144324359,0.06497991521895044,0.08324165255488017,-0.004793673503762252,-0.006319736595578385,0.0047232065483558345,-0.2682382821579598,-89.14999999999964
729.778635123922,0.002242657486984766,0.06326812812257977,0.08374437254412466,-0.00045303961265108494,-0.0029233572003558583,0.004619089775908797,-0.29024924608438596,53.29000000000087
690.0531341111879,0.0013532408061275511,0.0614510276112866,0.08428380731746113,-0.002353783436472412,-0.007585980314237073,0.004670051283596359,-0.68363529792148,-72.91000000000167
688.955024873281,0.00040873066489131155,0.05934158879378013,0.08424952175422493,-0.003308621388394717,-0.006105094893780194,0.0039002446285546326,-1.299201347948598,23.580000000001746
766.7919435611836,-0.00041161419738369,0.05810912124607139,0.08456708678890999,0.0032865834747526357,-0.002386617942834457,0.0033215862314375745,-0.6104822400312454,57.79999999999927
740.2067630701144,-0.0014563367411995717,0.05651897464388771,0.08432206682849074,-0.0019379982536719131,-0.001970846444345198,0.0033097096862779,-0.9887729499251271,6.530000000000655
693.9055839342308,-0.0021121531934533136,0.05513115821456875,0.08462088547393397,0.00555694216874647,0.006906616612526895,0.003116744643220268,0.24030836160869334,137.20999999999913
777.4185879518213,-0.0020625062609194314,0.05401092267325133,0.08497222497179922,-0.0013677330740621274,0.0022355064770960276,0.003096987387061746,-0.09410242661567998,-72.03000000000065
744.259439480758,-0.0024233720553644734,0.05280390364862216,0.08538485528815282,-0.001918221559419564,0.002255365869744841,0.0031133945282876318,-0.5300429714081965,0.23999999999978172
781.0412323881251,-0.002698988378431309,0.051291968335822696,0.08644728654880103,-0.0027741541732956287,-0.006048376725260041,0.0031260267406431753,-1.066832338525712,-128.9400000000005
719.2795432111509,-0.003211617350573741,0.04962349002589222,0.08631322239726172,-0.010281279557384893,-0.014920144932295654,0.004072858959117483,-2.7622609204944992,-137.64999999999964
766.5127461838667,-0.0042850935241916235,0.04820153742296547,0.08671922260901493,0.0033670407823092052,-0.009703733237334644,0.00417106814016405,-1.8884051647892164,81.30000000000109
721.0374197549784,-0.0052901398986458705,0.04661540508836452,0.08759200551441196,-0.0027889596027572683,-0.009718435785995072,0.004062160628393584,-2.040765848690319,0.19000000000050932
736.4390454564862,-0.007798413430321634,0.04500928812402849,0.08924012369976868,-0.008231528059057913,-0.007667518613179158,0.0045187675896035335,-2.6381470784484935,32.92000000000007
658.4685267159809,-0.012205183016470177,0.04288252903093447,0.09147004902832663,-0.017436269020486228,-0.02824204338685632,0.006374282153349544,-3.31272234467466,-316.21000000000095
665.8070152494417,-0.01920393847807481,0.039805080993421366,0.08941870295027096,-0.02486340446357338,-0.04975305415822828,0.008941998606451404,-3.5332228825459806,-328.0599999999995
666.7981076047962,-0.02292057025538326,0.03747242528106698,0.09051152649996959,0.023342726890851484,-0.019500691654041336,0.011979650339161,-1.9028529193137758,465.52999999999884
698.357073621237,-0.026815309948407924,0.034487264569536255,0.08929400865443264,-0.01218881340628386,-0.014264261244410381,0.012238122393821502,-2.1724174379454744,83.27000000000226
684.9848440244834,-0.028964010278344093,0.03179828372826377,0.09029261680868551,0.014315609924963502,0.025340605262271332,0.013099387171910334,-1.3541155891220986,581.3599999999988
714.4484887463443,-0.03233292236160903,0.02865232555390099,0.08960482049596201,-0.011296752988127934,-0.009366501488750956,0.01327165532703163,-1.6859627553345888,-508.0099999999984
684.7176638952159,-0.032959195681831366,0.026011138350135313,0.08861878340495058,0.008480530384102458,0.011361897449115865,0.013766550005365898,-1.199446907425607,306.47999999999774
686.9282210028209,-0.029731671653458545,0.023734446539911188,0.08894642254787484,0.012369381443507077,0.009421336433771632,0.014499986004610204,-0.5905825441772182,-26.549999999999272
709.5024241320274,-0.023636326976264554,0.02139518576805791,0.08917474934040559,-0.002267091699309165,0.01864021256596904,0.014271725078666286,-0.6324924454007701,134.34999999999854
740.7049338366782,-0.02098377074068462,0.018948164550207876,0.08948171633444171,-0.000972677159063573,0.009091771072970323,0.014193802981091337,-0.6145444571868526,-139.65999999999804
734.985361008516,-0.016757960233018985,0.016767065602836854,0.08920184951241131,-0.0022897828105018503,-0.005519933202829952,0.014191355673273226,-0.6592674857052881,-218.3000000000011
672.7779111116761,-0.014156534954407256,0.014659050479382695,0.0893969141810747,0.004580056814880162,0.001304892013528347,0.01414150236407686,-0.38343260651677624,102.70000000000073
811.1691280187473,-0.010163929594259253,0.012598328272728908,0.08978960440046808,-0.0010086436170212432,0.001268843559719235,0.01313161197533962,-0.37847085667831193,-0.5600000000013097
819.9761624860473,-0.0078306300165392,0.010596191575912385,0.08973596030016402,-0.0034988748624775745,5.543892600767819e-05,0.010547061776109572,-0.4995879780399517,-18.209999999999127
869.4721738520041,-0.007149928576142949,0.00849031584773856,0.08974145365437504,0.0018520918017721488,-0.0026602393617021214,0.00825504361423107,-0.34525161428046525,-40.840000000000146
912.9152063625594,-0.005876360139096068,0.006524933239260335,0.08926724484617701,0.0013513342342228452,-0.0003041631752239704,0.007194450531053685,-0.21451336673355806,35.44000000000051
889.7489131488318,-0.0038388481683110202,0.0045836184504909625,0.08887338581958786,0.006697620414027439,0.009925021339463713,0.00626600224275186,0.24600500646495496,153.17000000000007
875.8963816950705,-0.0006092007286215927,0.002712826404527636,0.08903523493502787,0.006565102778545606,0.014676009784006405,0.0050372982476245545,0.7525845621223469,71.53999999999905
880.2879395159766,0.0018884101639866937,0.0009011768276918523,0.08927348406655121,-7.424378109777141e-05,0.013231462038606479,0.004734112564564106,0.8646295860243893,-21.399999999999636
871.2742827144891,0.004326250373358743,-0.0003402133199593822,0.08823367034570206,-0.001257638478218026,0.00522457056014014,0.0034714867669359056,0.8937647400181657,-119.73999999999978
901.6428050174565,0.008441301801710276,-0.001309297757515064,0.08894204089628543,0.013754731951478583,0.012404624664835495,0.004948678358300051,1.860866464276868,109.80000000000109
900.4079522905546,0.011381872796134236,-0.0021118458249620095,0.08832585051133747,-0.0061607133006640336,0.006242197253433224,0.005447019148630719,1.419383533883612,-93.80000000000109
836.2843994651097,0.015035579372180499,-0.002501012223584032,0.08779658232469614,0.009337207783727264,0.01691660317923982,0.00569926641693627,1.9880467036460971,162.1299999999992
1002.9854825527135,0.018480048507315935,-0.002699838991762829,0.08848604929526228,0.008604521320127567,0.01175032919222807,0.005934895218327215,2.2480520202918632,-76.06999999999971
926.0265057606289,0.02036655221623021,-0.0022305248422880316,0.08915973698638723,-0.0054951927486803775,0.01242784380305606,0.0063388839779009885,1.6820106931568435,9.260000000000218
860.3354300669641,0.021028198308451852,-0.001047062531318572,0.08988168422852165,-0.005502337413056502,-0.0024571407499131004,0.006538501239802067,1.2916764636445202,-228.29999999999927
881.4655675284613,0.02026201417381579,-0.0006054288206997358,0.08974298224503124,-0.006421294233546759,-0.017318163770470685,0.007027776075305257,0.8042369328897201,-232.01000000000022
848.9152181172797,0.018594437583802755,0.0005077879528196363,0.08933125279309437,0.0035313315926892574,-0.00839894945408759,0.007043753984045381,0.9695027102975471,139.77000000000044
843.9364527955545,0.018041433596231626,0.0009971909788664697,0.0896416748484671,0.007465802876265748,0.004531419332369557,0.0070939875231315185,1.355189783973878,200.08999999999833
854.4082374897249,0.01675342529883177,0.0021262965329287096,0.08924470601422957,-0.0011330709515471327,0.009877937336814524,0.006993856377029672,1.2120554237606056,81.46000000000095
845.8022772429827,0.014413878733442511,0.002842124334857344,0.090015413147309,0.007152584813328922,0.013522092350121362,0.007165590944603599,1.5912343441769794,56.55999999999949
849.3227401003841,0.012789590185375356,0.0030329749272662685,0.09050683649252564,-0.005664231590445157,0.0003131278698007556,0.00745423355190255,1.0825616488795768,-203.03999999999905
871.8752035162239,0.012088466019417321,0.0031570772507476673,0.09112704705879143,-0.0028224320418646087,-0.0013786791439391877,0.006472922093103279,0.8081795652068537,-26.18000000000029
902.6538610600929,0.011769818689520812,0.0033455138063527437,0.0913407254332639,-0.004484142394822088,-0.012916835397789428,0.006338889149040259,0.42397303062953057,-179.9400000000005
858.5711846639974,0.010876573654243105,0.0037989457806699234,0.09122202997800984,0.00022105597137200839,-0.007074474642323025,0.005679935193812867,0.3773655189582764,91.66000000000167
870.1394188844697,0.009191180578861452,0.003978598504927573,0.09183217735289267,0.0038481239095897735,-0.00043236245954692,0.00513595541768382,0.617593995808004,102.92999999999847
857.5188551089528,0.007464866925585611,0.00408501818430765,0.09235448987814569,-0.00442974697150611,-0.0003777456451973249,0.005055523097660038,0.18645472609818634,0.8700000000008004
971.4201133009236,0.004288727756075995,0.0044859130692018676,0.09214779684025631,-0.003462134087288904,-0.004058730691128276,0.00491108725569472,-0.2209984675230338,-56.63000000000102
961.9090479131884,0.0023368789562123182,0.004955942739112785,0.09212363210360275,0.0056162248526270275,-0.002304556274169034,0.0048239499962998466,0.246254816308261,26.850000000000364
974.7629172472665,0.0012466336432876608,0.005570163178166166,0.09203373916338106,0.0035449738540329623,0.005687187762399848,0.004824734316827152,0.5989787588347385,123.03000000000065
925.5608940951229,0.0013295923031153593,0.00591315365877437,0.09231904271933865,0.004653238349927369,0.013877068311046736,0.004513188136249192,1.183451969536718,125.17999999999847
964.2874512326467,0.0017482847955901028,0.0057876887136065905,0.0937507681603295,0.0010106667181657425,0.009233676862198337,0.00449571361071986,1.2529133525029326,-70.34999999999854
992.7298071055062,0.0007068874903985822,0.0055327867115870805,0.09463073077036366,-0.011482315112540165,-0.0058787959139458,0.005136082394602426,-0.6260815183468748,-233.17000000000007
982.0841775547129,-0.0003328697780496203,0.004899045675973327,0.09642202749238894,-0.005920066096562149,-0.01634125773288775,0.0051571437521696645,-1.7932108244763239,-162.9499999999989
1025.4554130453223,-0.0026517007707879637,0.003598010011778994,0.09745359195016523,-0.01632478101103052,-0.03337620578778133,0.006775972958433642,-3.268918762301072,-265.15000000000146
917.6295338940275,-0.006197229776640595,0.002894880754769946,0.09609430055557186,-0.00890160335307022,-0.030852652157083438,0.0070228482540872425,-3.1831345307764454,44.75
887.8438759566664,-0.008642850492859105,0.002021149392042277,0.09597328853872276,0.01663466960234139,-0.008863613309817442,0.008960795072651295,-1.4591591955444658,338.8099999999995
902.8028424812953,-0.011045662446688984,0.0012684678698299653,0.09543475731156424,0.00390887823778252,0.01152351806267049,0.00896396490804455,-1.0160686850801826,308.64999999999964
963.000016338362,-0.012271356460024814,0.0008158426092350254,0.09547784797581879,0.008758758264980626,0.029547834492387626,0.009340932219969357,-0.16221230336278675,266.96999999999935
987.1158156326538,-0.01186444180169461,0.00047219405015859646,0.09567638164997809,0.0025180311109198605,0.015251888245699341,0.009308422731582434,0.08863243177908726,-209.1899999999987
1022.6276596027844,-0.010789785433188842,0.00033818848084268057,0.096070498426556,0.0006601196670135145,0.011966422457990289,0.009161573788257297,0.13475200796752815,-49.04999999999927
987.4796431561282,-0.007816471081335047,-7.661299743490663e-05,0.09700010480671765,-0.0013752628175339732,0.0018001770837001718,0.00909453143230406,0.005410328698895169,-154.32999999999993
966.4871433863647,-0.004195072704744495,-0.0007386138282322514,0.0971289359676421,-0.007021156538338125,-0.007732180020811663,0.00911891423815259,-0.6092694390133463,-146.5
953.9229522401948,-0.0023675947460528343,-0.001173314217736023,0.09717826853606705,0.0016176064798640866,-0.00678272342333841,0.009135538784580014,-0.40884097053691415,14.530000000000655
956.4576249117223,-0.0008991706026993873,-0.001496399463247618,0.09697784622169316,0.0023812655454629184,-0.003046536314048942,0.008607400637715307,-0.11569906311737294,57.54999999999927
919.4051081514731,0.0001154332160786774,-0.0018790329062656202,0.09795492737473326,0.004913116310162113,0.00893550613451688,0.008526982992859897,0.42175137992377953,183.13999999999942
1002.8189876548472,-0.00012670805828927147,-0.001750307950080575,0.09794357576334102,-0.0064533983307175635,0.0008055339066954659,0.007097044859405813,-0.21230138094721726,-124.02000000000044
1007.1815266759747,-0.00021780891307572565,-0.0014752317924042577,0.09797229226818766,0.0035020040407738318,0.001924510614185193,0.006308612298484053,0.1668387027478858,17.170000000000073
995.8209949096677,1.4347410004873594e-05,-0.0014060998179542365,0.09857806741663624,0.0029880776613504523,5.197018989822055e-06,0.004500668681001933,0.4805005784393643,-29.399999999999636
981.6852770667518,0.000987704590075536,-0.0016218476527796984,0.09911140917908444,-0.002632276438397474,0.0038511582897979846,0.004560474603850914,0.2300659407047069,58.81999999999971
1001.2049556378458,0.0016599292072503884,-0.0015518785697173027,0.09912666454958258,-0.0022301830261186595,-0.0018830232100528477,0.003873274440960837,0.006669885566759666,-87.79999999999927
951.9239921630136,0.002099978751667349,-0.0011337620802869999,0.09910011941690576,0.0028585864652230786,-0.0020118855206606723,0.003895340218080667,0.30179944138635884,-2.070000000001528
915.4528688888547,0.0020347224481508915,-0.0009976601329953522,0.0996191174646332,0.0032572717419960817,0.0038813261251873232,0.004009817485621024,0.6506819360151961,90.56000000000131
935.0629063371427,0.0028703543587130383,-0.001280446116445451,0.10070181498779095,-0.0025005531192356933,0.0036092999694492534,0.004061566433019675,0.41435276371124363,-4.300000000001091
899.5855277677849,0.002509452368411896,-0.001630339164100243,0.10015579468664228,-0.00832962036678686,-0.0075872820592934875,0.004280517972292848,-0.4375250284063295,-171.84999999999854
797.2311361697007,0.002715905652536368,-0.002328840690604088,0.10145294556689188,0.008312349673586183,-0.0025868462081973798,0.0049082078517902585,0.6189146935771895,76.68999999999869
771.3676334523883,0.0023219187240558267,-0.002403836859471907,0.10135135866027867,-0.010329987146061259,-0.01041560291530208,0.005763691422161875,-0.6193060852468312,-120.2599999999984
829.89191531388,0.0020428876563840675,-0.0023335189141448285,0.10156437375661838,0.0028888018341097776,0.0007792212903197093,0.005616895827338289,-0.2539030173866804,172.01000000000022
831.2709057071954,0.0010728821527936437,-0.0016979486505440706,0.10204892918082563,-0.0004823740141972621,-0.007949796782872443,0.005319663427567428,-0.4317508861235453,-134.09000000000015
872.1385034460303,-0.001349999144870833,-0.0004585199490423742,0.10173597797947535,-0.003155960030189253,-0.0007585158854522822,0.00524226931448314,-1.4674540550794994,110.66999999999825
880.5631142067201,-0.0032465486248503743,-5.107647434125677e-05,0.10207591250618024,0.004897259508050755,0.0012426374061385026,0.005393793287865594,-0.6047880483144498,30.5
836.1341009510486,-0.003497123416042552,0.0003135667990903821,0.10195198750174579,-0.001822367598513619,-9.966879796152739e-05,0.005371352778653019,-1.104193429703378,-20.479999999999563
894.1863901628166,-0.004462163631000102,0.0004059134690930823,0.1020424736043931,0.002903143093411442,0.005978011337698597,0.0054297368411212335,-0.3698159765967719,92.40000000000146
871.7278511714272,-0.0035111847289931906,0.000411101299699844,0.10205459398472055,0.000887972871709497,0.0019644127741160755,0.005360648253949968,-0.1102636147982724,-60.8700000000008
874.5253972638116,-0.0027029473843497545,0.0004240105294152214,0.10215594631785943,0.0016149642904739192,0.005414784848045695,0.00528225725937498,0.33782869711761565,52.55999999999949
815.5881276224236,-0.001703011712629448,0.0003563447363340591,0.10242748657638755,0.0009783740206477098,0.0034851954390364703,0.005253458701441262,0.6076495207080601,-29.270000000000437
809.7954574632507,-0.00046466017333955336,0.0005810179193927393,0.10272927711222729,-0.0014693846699194157,0.001121720747064625,0.004615329527434433,0.18288952130644823,-36.1299999999992
852.14439996361,-0.000431862289329518,0.0010698072850430305,0.10183634977853918,-0.0022500637887863384,-0.002741404005854542,0.003933292968711698,-0.4169540619524279,-59.19999999999891
823.3494248892309,0.001024817049446888,0.0014677941030395729,0.10226283636103052,0.01078385012488936,0.00702763355435998,0.003830523246589367,2.086870456108737,149.8799999999992
809.0839887141557,0.0019135836789763347,0.0016305251100166246,0.10257009095095249,-0.002459492144960551,0.006029100737992232,0.0039402709535343175,1.4554336252087536,-15.460000000000946
774.5617074766988,0.0027033986475653946,0.0020441559092018034,0.1026867449428669,-0.0016560286448197292,0.006628065087677548,0.003991097475895878,0.988520226901239,8.950000000000728
907.1124532703966,0.0030350992104860104,0.0022808498431362493,0.10299241884853354,0.0003274668683446169,-0.003785327294927421,0.0038016959449033642,1.0120104205258962,-159.84000000000015
919.045192547801,0.0031955312829157387,0.0023836291064187076,0.10305291850596757,-0.0017270820627036665,-0.0030538906618925443,0.0036728188383590788,0.6477586398716617,11.420000000000073
984.9817572979481,0.0037827437805468727,0.0026141428377123447,0.10324614387662633,0.001040384350120771,-0.00036125313253909663,0.003599850118587637,0.8524347715800346,41.51999999999862
945.2333747095761,0.0045742249538872366,0.0029400388575997957,0.10328380133759653,-0.00014104363188005564,-0.0008294410658415963,0.0035409380959239858,0.7714491506551333,-7.209999999999127
914.0178219426117,0.003949811408182961,0.0031617502719364175,0.1034826444671586,0.0020710986183576363,0.0029721549164178906,0.0035692584793667803,1.1659027739843453,58.45000000000073
979.508935308749,0.0038327910718489416,0.0032841644398961035,0.10353159262810692,0.00032371067142400456,0.002254098227465029,0.0035550756517767302,1.2248448374468626,-11.0
896.909186755639,0.0042815490417489254,0.0036602225785392064,0.1030979025409721,0.0020103774386364126,0.004410672983539143,0.0035804835856132694,1.5347492348971001,33.17000000000007
857.1669482140774,0.005264998640994792,0.004398622725701743,0.1034336548640346,0.0068998814962666355,0.009250729808627955,0.003943585224201149,2.4466165267277717,74.75
891.2379127389182,0.006107809515231661,0.004975039707950459,0.10291673413247525,-0.0008773846865840484,0.008038915719141171,0.003851065679819775,1.998104717306458,-18.639999999999418
881.5921063717797,0.007837565381780156,0.005957874430811406,0.10353006749008554,0.007497450776668746,0.013559001720925279,0.003180167555017977,2.645195203644025,85.53999999999905
881.920812656567,0.008884084873715432,0.006820827011350725,0.10364358346587006,-0.0036486725511142293,0.0029406849385509304,0.0033170613217046846,1.8700495167804223,-163.75
907.0201007028573,0.009822746699079081,0.007842648355097846,0.1031410645688148,0.0010734874241749015,0.004899012155854754,0.003209463971797404,1.7977730416665103,30.399999999999636
916.215305481918,0.01134085010662255,0.009111418614669567,0.10276668206576063,0.00693209390464844,0.004335113396835011,0.0035837100485261973,2.3348331765086505,-8.260000000000218
924.2585703627291,0.012977481716738532,0.010262684907510606,0.10228695405652044,0.0050609153644558535,0.013114491439338405,0.003513494851311162,2.4453577000338345,136.73999999999978
955.6183415108147,0.014494383555495722,0.011473887114098257,0.10304238678606539,0.006769998443823866,0.018879520617665735,0.0037030245672408798,2.5953712881845483,90.27000000000044
940.0990159717215,0.01565892815053492,0.012393364142242864,0.10376244121842436,-0.0056443606660383505,0.006153844197558822,0.004382932196753964,1.829850636841001,-198.10999999999876
910.337373147353,0.015329831360179656,0.013092246165008044,0.10420695654199534,-0.0053838284201687125,-0.00430225746743107,0.004924408193020169,1.2409455608758762,-164.8000000000011
937.8727945606072,0.015244325306766263,0.013667419356132762,0.10351629161623659,-0.002565443263233602,-0.013535029846057145,0.005069045876447767,0.936309720316259,-147.39999999999964
931.0038589074449,0.015788747936829505,0.013982354489102533,0.10431628784440454,0.008714877267495424,0.0007102609324260989,0.005481841600589297,1.532829659094916,226.64999999999964
924.9905569292639,0.014979906686273348,0.01433445941281691,0.10543903214500387,-0.006214160911469202,-0.0001251590695534599,0.005732685464323636,0.9249237652684509,-13.209999999999127
891.8593571444173,0.012405665626813328,0.014569467264616274,0.10521436289165763,-0.009804295336129032,-0.007381721433489585,0.006520205332558112,0.016302118104740186,-113.92000000000007
873.8588564723235,0.00892264104499756,0.014547017304189546,0.10543936896223645,0.0032906177608653664,-0.012719423152090625,0.006199268886746838,0.27177192740465217,-85.54000000000087
932.3254842519889,0.006606063378220168,0.014511746496970016,0.10538436097600351,-0.0012139446292863676,-0.007751937984496138,0.0061124527197257365,0.11513619729109063,79.43000000000029
934.8965869882159,0.005065592608923155,0.014650886727876102,0.10535544492369572,0.001072617827868827,0.0031475195236048137,0.006112439936101192,0.16047719474835853,171.04999999999927
864.5990835568849,0.003918284074773736,0.01496430841877678,0.10503732983012552,0.0008328668980186471,0.0006901192070600803,0.005733099354121871,0.1837008721865228,-38.2599999999984
919.2630580564304,0.0019195744919680011,0.01543485388231417,0.1047091926278189,0.0037722656027796564,0.005685835040983633,0.005632208536244924,0.5004098475785337,78.0
895.3109958967649,0.0011588330228231478,0.015937587285027612,0.10460328395351408,0.003891806257835917,0.008518015064528095,0.005347092911640622,0.8504817504516667,44.36999999999898
884.6117269204799,0.0020183350970597097,0.016567666369951068,0.1037640205994526,0.0017265099191863253,0.009418520149535592,0.005156325430913491,0.9856692278543093,14.199999999998909
864.0731914541219,0.0032860191528280196,0.017225668877019387,0.1044593572444639,0.008793063819521496,0.014467560534078938,0.0054646853031934065,1.885579208016334,79.85000000000036
797.6704447656817,0.0042419264103567295,0.017988475124034193,0.10264650833191688,-0.0058768516193823395,0.00459599223895113,0.005739174403306448,1.1158906624844322,-154.74999999999818
841.6779268831501,0.006853697487323269,0.018718503206309238,0.1049085816125284,0.018892726966221796,0.021811382544182356,0.007504126439384777,2.9227606012450713,272.0100000000002
809.013009837949,0.007436591792383367,0.018808854047725376,0.10478447453747869,-0.0216841413840968,-0.009059126286718566,0.009910889312771039,0.3455886687260673,-488.8000000000011
764.0587476097876,0.007701455246580287,0.019018318466869764,0.10416771822964145,0.0010280174338581638,-0.002176360319906756,0.009385528676526492,0.4047520539137357,109.85999999999876
845.8300479689975,0.007844373417651401,0.019176073072266164,0.10327940274849388,0.004814634362404258,-0.015963340273646653,0.009426457395745063,0.9208490909200793,-223.13999999999942
813.6717419747413,0.008842044887019543,0.019698899434277023,0.10316064409070211,0.008181365353504555,0.014076808040705213,0.009584136496561384,1.7305750084632538,479.85000000000036
845.3882394426747,0.00857087919977246,0.020235363362876145,0.10251109359186399,0.0005240504162733473,0.013566271616499703,0.009590894408036064,1.6189775038396925,-7.8400000000001455
815.4867764097294,0.009626275225696555,0.020579624547003947,0.10240961775290762,0.004773914834907744,0.013525197434003378,0.009611958258430928,1.8965521379254244,0.38000000000101863
798.1135410583655,0.008288058548491253,0.02079704312473214,0.10287733700492092,-0.0005020264346741188,0.004795779614001683,0.009635775919810009,1.6524149788729718,-138.0
795.6234794582965,0.00973864942004012,0.020614438953335645,0.10234532681798975,-0.005496469441507279,-0.0012504448037555793,0.009851091967226265,1.059762387822786,-96.80999999999949
798.1357005003284,0.011671053019934109,0.02084159969614886,0.10217957480728367,0.004441105194499029,-0.0015812590052545206,0.009893740283868297,1.37007679231009,-5.420000000001892
961.1351379393681,0.012789455168980297,0.021402675436185025,0.10173368658417006,0.00047730706713156046,-0.00060298296293404,0.009623306147435715,1.2905784820642072,15.75
1035.0942322309172,0.012849322063573613,0.022158489938183232,0.10059523246963509,0.003358837692876593,0.008295896993862462,0.009407868851535918,1.4460159087522988,142.42000000000007
1082.2926192092268,0.013681763008402814,0.02270194790735872,0.10085761027685208,0.01013948926879249,0.014016150029995122,0.008204863027623152,2.021569099638859,92.51000000000022
1038.3981249863718,0.013833141300193566,0.023335927358363213,0.10021068228858121,-0.005341049614748461,0.008119057112058847,0.004759612933993115,1.4394029916614428,-94.69999999999891
1049.1210052552094,0.014122530223577569,0.024529564153293253,0.09897182798378915,0.004317748798088772,0.009082517564018122,0.004780671078905546,1.6241737942674457,15.979999999999563
1041.742436413858,0.015668944827993296,0.025873622266372444,0.09889236055686411,0.009183842727691793,0.008127870975264795,0.005128839166648511,2.0536129368783103,-14.06999999999789
1040.5360127946687,0.01668703894874569,0.027204683433272845,0.09874535322224393,-0.001901139527083373,0.011614361728382816,0.004998135471786141,1.7430663176487817,55.799999999995634
1060.1702314733436,0.017506192724761532,0.028545821080008606,0.0985862487161165,-0.0006556573162818102,0.006604822607894301,0.005041178231375362,1.5646479570494223,-80.72999999999956
1165.4107400195846,0.01786709911310219,0.02979457252123339,0.09895208051905537,-0.00020445516969469502,-0.0027594830215396104,0.00498770174924227,1.4445712129337323,-152.84000000000015
866.813802251314,0.016324580270521534,0.030703380737303623,0.09865367327837522,-0.00583945705136113,-0.00669441367768242,0.005401784595886751,0.941517223390016,-64.42999999999665
817.2955843470611,0.015606160607185901,0.03142779015279554,0.09846487937183519,0.00023701338573012265,-0.005807137133269857,0.0050104608714381564,0.8886713801863995,14.610000000000582
954.1661138491254,0.01433642226343772,0.032060658821040706,0.0984043484828486,-0.0010343858081039992,-0.006632416983382572,0.004969190611268966,0.7405429982910974,-13.500000000001819
989.0117555773421,0.0115919186941792,0.032312152809184896,0.09810172739170804,-0.002335769473502447,-0.0031315240083507057,0.005064692052475143,0.489924683086022,57.649999999999636
1021.462418931965,0.009526634141950594,0.032772826156583945,0.09750321332297228,0.0010267939636587897,-0.0023444032054296127,0.0050030815075379955,0.5140613281773034,12.80999999999949
1061.9790476306791,0.007722526482555553,0.03262723982497397,0.09830574582837007,0.004049429997040166,0.0027327458165391505,0.00419462772856474,0.8224135006892562,82.65999999999985
967.2094391470351,0.005654645539914872,0.033020200695358604,0.09748516641260194,-0.010956961491602857,-0.005932245149368631,0.005079822961312639,-0.25105258491788207,-140.77999999999884
1000.9063715841975,0.0040992135796434305,0.033609744604977294,0.09727067930262681,0.0062632097152865995,-0.000732232441342906,0.0052695839642156106,0.282551331146403,84.40999999999985
1005.6459205803586,0.0025983330095093525,0.03405549932275936,0.09689664603977641,0.00013300680982553104,-0.004630004142796462,0.004380039976905066,0.21887298805979133,-63.649999999999636
1031.3630951800449,0.0015684845665489696,0.03427543209970542,0.09755724137380893,0.0013317382847974901,0.007737307055281306,0.004414491565564024,0.32250431443336336,200.41999999999825
978.110341221864,0.0002751801374801633,0.0340714715922267,0.09772284239864855,-0.008971590475885916,-0.007519810933283022,0.005023525939010492,-0.9524238781045281,-246.98999999999978
938.3981401442926,-0.001587917462097464,0.03345572145946544,0.09686457590206436,-0.004104196331351062,-0.011724591843457088,0.005068028223295533,-1.4746410658477138,-68.30999999999949
949.5784308522358,-0.0031702985719671184,0.03290457395146442,0.0961678087695437,0.006385073046132783,-0.006737147340434624,0.00537594767352433,-0.6495916295384817,80.86000000000058
1011.1933428529793,-0.0026542265577847945,0.03265521968300092,0.0957804542394709,0.005188191895624472,0.007454560683474387,0.005635194221927513,-0.014672607496257394,229.71999999999935
999.0535875022044,-0.003051593642988979,0.032452511750549765,0.09571824449376368,0.001983027257387082,0.013612434974924481,0.005664360469124833,0.2257955603743913,98.35000000000036
1048.1537192683927,-0.0033963963813529972,0.03223531354213425,0.09543875812601209,-0.0009213275968039669,0.0062535633611262575,0.005625938117681982,-0.001207221667868772,-117.47999999999956
1035.1866327785526,-0.0038050765001021473,0.03199118623576574,0.0948709209114988,0.0009800055490585269,0.0020409168729755844,0.005625266591763873,0.11357031699160458,-67.8799999999992
1031.7772795755463,-0.002369632284719771,0.03150248613217017,0.09464075733316069,0.004120843663611318,0.0041788567916409836,0.005629845212653419,0.8442549455970628,34.849999999998545
1003.9167874171113,4.829904705378984e-05,0.031244334918290248,0.09477552716775436,0.0001872935410047738,0.005293137315818264,0.0044273871265020125,0.8109893050859888,18.049999999999272
1068.4679716374792,0.0009591107534991421,0.03068084929741647,0.0949177560664499,-0.0039024420095402634,0.0003896517349335493,0.0043097653824710125,0.09995639992607157,-79.69999999999891
999.9339235904874,0.00089082126523433,0.029552814112357616,0.09484441213703097,-0.004073162100793337,-0.007773906092487515,0.004483329783796707,-0.5775270966572901,-133.35000000000036
998.5723345005481,0.0007015557299940771,0.028454750330533837,0.0947199513759726,-0.0019789056553027873,-0.009922862973921531,0.0044857410011429,-0.892853527560658,-35.13999999999942
1028.0809736234648,0.0004370362812999162,0.02736486885292547,0.0946067493053791,-0.001255956832664773,-0.0072923731729134245,0.0036185783764982877,-1.0732925424134123,43.44999999999891
911.3451948174535,-0.0001589573379057566,0.0262737790853345,0.09465818080001122,-0.0015836787638517924,-0.00481093678482114,0.00341219238998316,-1.3259267389014122,40.710000000000946
1040.118669339593,-0.0016893372076899724,0.02529780175791923,0.09389394892176353,-0.003172381561012627,-0.006001026027727452,0.00298368845800516,-1.7861656115589089,-19.100000000000364
1025.6371157890762,-0.0028716555531023784,0.0244725650254327,0.09409775223682243,0.005794745740684615,0.0010161784018150044,0.003089647458342708,-0.5433344272439785,113.51000000000022
1023.1672864151302,-0.0039739483674878255,0.023594909109250516,0.0940044663631743,-0.004521174652241111,-0.0019289666701584052,0.003217074639612909,-1.3503227406463763,-47.539999999999054
974.8964579470029,-0.0046558544728999545,0.022671934756539548,0.09480656271813642,-0.0012930175190832838,-4.725836208741008e-05,0.003219501817970608,-1.4577015943969756,30.359999999998763
936.124562456087,-0.006392761819210965,0.021381516171819232,0.09486270743145735,-0.011447013721119004,-0.017188871715610565,0.004359572177430054,-2.804355928752926,-277.27000000000044
872.2431399361478,-0.008249379509379422,0.01990161381540056,0.09428311334755422,-0.0035837017997768505,-0.016263328420860534,0.003934521496097915,-2.686623867352917,16.159999999999854
815.3629333878552,-0.009345736073891431,0.018957943067034008,0.09407396837396827,0.0030328282828282482,-0.012002325718780682,0.00419300592483924,-2.0010766216665994,68.8600000000024
915.4941775855267,-0.010564343764343748,0.017709117891268156,0.09384487378918095,-0.0009466240014501803,-0.0015078345118597625,0.004179159590840779,-1.8523375766270516,169.03999999999905
896.4042810182576,-0.012424757358928297,0.01645356647343933,0.0929765722583849,-0.0005783405783406081,0.001503787878787799,0.004149734138176901,-1.702078804396004,47.789999999999054
841.3314243901103,-0.012830092820926451,0.015355063365183245,0.0927347731601304,0.006785250967295431,0.005250490305915623,0.004829825339485402,-0.9267533207955047,59.599999999998545
649.6363251921971,-0.012985421168285187,0.014529493727818086,0.09258157037543527,0.0008058123678111873,0.007013797013797118,0.004858963755276495,-0.7963531307325993,27.910000000001673
711.3242310300043,-0.01190908334235554,0.013733035238714017,0.09328915546068872,-0.00033157473600697873,0.00726243742049526,0.004856209840009837,-0.8014215143551506,3.8800000000010186
802.4204728623955,-0.011611766479852518,0.012627731490156922,0.09261117465185287,-0.009846029452351024,-0.009376725734528857,0.005494315832651263,-1.6027559069199973,-264.96999999999935
851.1514050809476,-0.0107167275939586,0.011352317976309857,0.09260063674440365,0.005757914762636096,-0.0044750077106766595,0.0054899739650775,-0.9791186066882219,78.22999999999774
809.675273577307,-0.009587977926529405,0.009994787193369626,0.09288330899389226,-0.0004047056457693321,-0.004547835506911291,0.005401510945897192,-0.9363333127534197,-1.139999999999418
772.6308192900467,-0.008533839773721958,0.008798277592256199,0.09214649278230459,-0.002175859216062004,0.0031633768811190066,0.005411806292863853,-1.0513309571730403,122.71999999999935
696.4509943314059,-0.007597941679735102,0.007690138283230747,0.09211546189584931,0.007853576322711664,0.0052536322960132775,0.00489308668253933,-0.2505184285561138,33.55000000000109
801.0673781823712,-0.006693316663034158,0.006543185119150334,0.09168388569515355,0.001007101597859661,0.006673431256428275,0.004718508278208766,-0.07249405502204341,22.549999999999272
739.1394380732926,-0.005067428936545375,0.005450041389351781,0.09171347416381884,0.004763775323169295,0.01367461055019148,0.004814671466344915,0.5737791436189812,110.89000000000124
634.0272016197775,-0.002028203967514433,0.004304691794155985,0.092508159705123,0.000385983035392945,0.006163886874546831,0.004779483080862883,0.7395919956265794,-118.44000000000051
678.7186681172357,-0.0008601799704527581,0.003344182349000138,0.09216117322549984,-0.008698353525939728,-0.003591566843674121,0.005560314443293614,-0.34729045477338344,-156.11000000000058
809.1366967759616,0.0005281451825269017,0.0023229745783930806,0.0925500983965929,0.0030397994359134817,-0.005301206616532439,0.005272610292858912,0.15318908355003708,-27.780000000000655
804.6374008089007,0.0016576121470011367,0.001417856525961244,0.09257418244124975,-0.0047927015965257835,-0.010450450450450455,0.005456658962419417,-0.5028451954387327,-82.90999999999985
799.6603836892859,0.0015321631473743228,0.0005870881948829825,0.09243190201144888,-0.0008218851244443659,-0.0025879034785334376,0.005458860337154499,-0.5696611748806539,126.90999999999985
831.1277500346429,0.0013213377239010729,-2.1696859810575155e-05,0.09206367247510656,0.0012303856234656685,-0.0043871653075888695,0.004566617641657562,-0.31041813893247244,-28.919999999998254
766.9110546621512,0.0006686357192307022,-0.0006834560906861024,0.09152942197312096,0.0036075411920575284,0.00401650048974056,0.004384167174996046,0.444366578101771,134.1800000000003
794.2701117959888,0.0007818835618780473,-0.0012255713450826887,0.091662518052794,0.005717048022077842,0.010587097540422752,0.004629274359319313,1.6030453321863904,104.51000000000022
844.4421042347311,0.0018131920138804542,-0.0016813093019468798,0.09158726756096204,-0.0014593783558085605,0.007872197141958637,0.004590080073154214,1.3458221877182388,-43.05000000000291
889.186188612166,0.0024346495007979887,-0.001752302488189756,0.09177188652981193,0.000742898562276384,0.004995381710824365,0.004050143190458832,1.3606822119352733,-45.54999999999927
918.4014179898852,0.0030567158498395063,-0.0017293548057143008,0.09191287899082622,-0.0022481978015823634,-0.0029641485394713563,0.004113827612468943,0.8462813170751372,-127.54999999999927
825.0399987361258,0.0034213276659582053,-0.0018749827644005644,0.09197086412022541,-0.0022775861079721293,-0.0037811232775712966,0.003887543966385686,0.3297514195911121,-13.049999999999272
852.9248366118329,0.0035504249038375204,-0.0019640515039346914,0.09188851897524865,-0.0017502187773471567,-0.0062629700727724336,0.0038939614265885046,-0.09091253565800879,-39.93000000000029
803.9436647603305,0.0031099322543024876,-0.0018091479425837943,0.09138641734445617,-0.00011772072636184738,-0.0041410656508582555,0.0029547531997320617,-0.18519371985715813,34.25
891.1900312948061,0.0023142968790832038,-0.0019016437641275,0.09117073881404411,0.004835259254063695,0.0029584948118515086,0.0031571938918143194,0.861400453832578,113.72999999999956
814.5511358337181,0.0021344039838158153,-0.0020935092081932976,0.09148341271126359,0.0012259018667737376,0.005948653725735831,0.0027383988667209137,1.0626586422467728,47.67000000000007
849.1108444694393,0.0014446375442678642,-0.0023140400528412096,0.09139123568827151,-0.004325552443199543,0.0017152927207459978,0.003083239872933855,0.10045429224463588,-67.61000000000058
846.4133631227712,0.001010454203853724,-0.0023240096672355716,0.09173298178733949,-0.0004376228079004951,-0.003541217288768772,0.003081558237107561,-0.10393038535783641,-84.20999999999913
862.7491845908172,-0.00011334378364780979,-0.002516236235335225,0.09164424873563361,-0.006037460651430404,-0.010769996887644018,0.003381588621812405,-1.5727199648147392,-116.20000000000073
893.6793177518412,-0.0008769693757795608,-0.0026480548395104468,0.09150524529660634,-0.0011055891084685854,-0.007570874576678155,0.0027546945702913764,-1.7636002045220367,51.92000000000007
922.5934124838083,-0.001668816275092306,-0.002612740793033503,0.09136448159524099,-0.0002778056003340801,-0.007412197884605898,0.002760995817661685,-1.8243873565350208,2.5900000000001455
874.4836613005334,-0.0032065187607754424,-0.0030906542190860245,0.09161867952999193,0.00034089477000631696,-0.0010426642872694014,0.002740538694731325,-1.5728383691411407,101.94000000000051
893.9932311546529,-0.005069330066170341,-0.003351860014752611,0.09065072164212226,-0.004277054891810628,-0.004214329855408816,0.002882466335015373,-2.143946819260727,-50.32999999999993
858.3669406547391,-0.005271772726303815,-0.00392009130942631,0.09066873940079119,0.009043169986923782,0.005069943289224943,0.004091091761433457,-0.3001915918900851,147.35999999999876
826.8581393977028,-0.005465729898516683,-0.0042308467997691866,0.09002217327918352,-0.0018469686767653704,0.002871736855930118,0.004094431873917452,-0.6204685722196073,-34.86999999999898
913.4849083302937,-0.004203322176105667,-0.00437227192159276,0.09012278055453539,0.0052760504993405455,0.012493428756331637,0.004395100054385919,0.49978635228532653,151.89999999999964
841.1907612126051,-0.0034663231975141217,-0.004761085131682893,0.09008056057862404,-0.0028559825054670362,0.0005535890500965035,0.004214980850730551,-0.0989170690292414,-188.65999999999804
708.2774774068762,-0.0026789184728651647,-0.004821143097691531,0.08971457379265507,-0.001162332409524569,0.0012398718673449771,0.004185458782470858,-0.3624738689332566,10.909999999998035
674.9856735546872,-0.0018307950802136505,-0.004693941010680225,0.08915804178844605,0.002843029871888003,-0.001183380193689465,0.004122533568366318,0.2220083823979361,-38.68000000000029
806.5722153090148,0.00011833789276899434,-0.004359660322663515,0.08838554640181577,0.005203283360627919,0.006889404227882201,0.004386414893343832,1.260260062744399,128.88999999999942
829.2396973256075,0.001634375330769617,-0.004063868665888811,0.08801145031002493,0.007888363108647267,0.016013058364919175,0.004362279665823916,2.4404184807356915,145.3100000000013
767.4797831515514,0.003937872436813719,-0.0040168066987475185,0.0881062424976148,0.0038892319091132777,0.01707299985112032,0.004319876663256666,2.629891979236161,17.670000000000073
782.271306099783,0.0056095513696499235,-0.003945944094379262,0.08824683010846293,-0.0012854426997002122,0.010507653131075267,0.004377696887831589,2.118750433572519,-104.07999999999993
788.7885744711829,0.007402574476351237,-0.0038341700224361697,0.08806429074118509,-0.0022829039622270786,0.0003099530748333912,0.004526796662865949,1.6463286353187003,-163.82999999999993
757.3308521451262,0.00949812581045005,-0.0033002600191620194,0.08735484476845283,0.0013104113197810463,-0.0022596729563152396,0.004125370521350626,1.6490067538580788,-41.76000000000022
771.9122841031548,0.011805603406911766,-0.0028684808186175293,0.08756075012569688,0.007582795234939654,0.006599914152465081,0.003920584064845988,2.2085077094485737,143.90999999999985
794.6411805241191,0.013081106835341012,-0.00211064421285455,0.08739012707290375,-0.0031978689846475783,0.0056768030654859025,0.004059482156796729,1.6470131302286426,-15.200000000000728
718.1039454365497,0.013309819238017632,-0.00141408230624429,0.08700689058754078,0.0019124789249855834,0.00628149609332862,0.003921526436345563,1.6499105892571155,9.930000000000291
716.3911134955132,0.013453406593138876,-0.0009392040185773604,0.08723930570494605,0.004985864501367621,0.0036879193111643005,0.0037513965360854596,1.8842989346832493,-41.61999999999898
822.0682138814639,0.013938259914238742,-0.00027673499147456976,0.08691960597438404,-0.0010685414805000626,0.0058319559516084585,0.003743600236602851,1.6069171213984326,34.73999999999796
882.5236111349493,0.015322881364081728,0.0008657876723829051,0.08638596950882566,0.006203315716795332,0.010139578477286637,0.003908717540000012,1.874856493180886,70.5
872.7840777895486,0.01714268184399627,0.0022151910789117626,0.08598235446314986,0.0081869437047557,0.013357073281342613,0.004175503779978402,2.151085582845992,53.60999999999876
984.3044241799486,0.01858286596501381,0.003833957603671088,0.08615581173594009,0.006761637975370549,0.02130032871593346,0.004062903306525773,2.2412284943187664,129.94000000000597
893.5809323079003,0.020311512113857035,0.005551964370900128,0.0860651711857799,-0.0005102443197977369,0.01448603883522237,0.004148339064303284,1.9414726262952673,-110.20000000000073
942.1482940955203,0.021932751314202144,0.007377038966921849,0.08568590316878576,0.0025973575697579854,0.00886152928148376,0.003984360751420034,1.8656714021861351,-91.54999999999927
837.3757207498765,0.02339632473723451,0.00903054289014811,0.08678197290877522,0.006210354287117914,0.008309095732349947,0.0037657958001770025,1.966437697683285,-8.250000000003638
933.6785716585166,0.024269468523418172,0.010819106961171153,0.08670139870218804,-0.011286934520018055,-0.002562686283441473,0.005676706937029941,1.243923133409847,-181.94000000000233
888.7902840868314,0.024056543730490626,0.012330539501891771,0.08680027428545933,0.0027179010492237587,-0.002442763202219922,0.005438913661960922,1.2837412547507618,1.9000000000014552
880.6947263486361,0.023132731294786855,0.014030618421591024,0.08684559138853415,0.0004297406852660224,-0.008173665202075298,0.0052227276813374066,1.211646422185183,-96.97000000000116
818.2794152128491,0.021266033774270422,0.01545882236242644,0.087120599964858,0.0009385710897400479,0.004090336198666389,0.005236196718167657,1.1676329460944386,206.19000000000233
913.6263418651299,0.019518854971113626,0.016981114022834948,0.0874346874293795,-0.0021063727175488767,-0.0007405406245405421,0.005290736606347734,0.9727053161590661,-80.63999999999942
835.5329757811379,0.017060587722150578,0.018562711420235942,0.08784961352715137,-0.0021628566455504927,-0.003330105190459287,0.00534981720055272,0.783046151972529,-43.349999999998545
863.7149348006757,0.013290331675015598,0.019971584316080725,0.08776270421883686,-0.0037206720587539266,-0.007969478187791035,0.005323353742079536,0.4826099835855136,-77.77999999999884
872.7690778377514,0.011375384493429477,0.021175205637995097,0.0881815744202592,0.0018880412023776216,-0.003998533372650881,0.00479969766341061,0.5509689572804808,66.66999999999462
899.8874522513343,0.00893122861878053,0.022052223070709406,0.08763964092110682,-0.003886071038651684,-0.005718577644677425,0.004436001721674497,0.1991786478066229,-28.549999999999272
856.0134730823611,0.007404575467448136,0.022886082897105524,0.08765581307003,0.007523329919027377,0.005502875983730782,0.005039172382069489,0.7193636175589468,186.86000000000058
839.8757657167157,0.006061984052596793,0.02379364635895576,0.08776947910883338,0.0010423735000173462,0.004654157093115563,0.004983995818605253,0.7388681403905285,-13.959999999999127
796.2097222836251,0.004953436685885008,0.02476185232054063,0.08807278769565995,-0.0002558388645536036,0.008315513228074556,0.004559255870677276,0.6595094332135535,60.43000000000029
863.7627878899667,0.003832573656959124,0.02561800310721453,0.08787820792124511,-0.0023324364723467106,-0.0015480024365929212,0.003208925809599116,0.3761250637707794,-163.79999999999927
900.6278869889447,0.0036872339137457672,0.026340827370292592,0.08683977091750593,0.004081867482840229,0.0014836263126685179,0.00333537056405078,0.7356527570711192,50.68999999999869
916.8120828481103,0.004949577828523444,0.02758612532046222,0.0867930207583388,0.013951808810977573,0.015715994020926605,0.005208020009623687,2.1286145205511016,238.02999999999884
917.3503341174217,0.0070056481075613485,0.028737362328315152,0.08724176753140393,0.0033582825372253655,0.0215096616982271,0.0052417344020391195,2.3158340494951033,96.06000000000131
945.5877305833627,0.007848106882669424,0.029684225435190083,0.08667819539378185,-0.002709314809708485,0.014600605224989849,0.005281645140386297,1.8632829813819132,-114.28999999999724
850.8348742459409,0.009596010423517815,0.030934073095728112,0.08634468299443794,0.00942894523822968,0.01007484761167543,0.005620316759794115,2.613058669770326,-73.47000000000116
828.3727747666561,0.012077114518322652,0.032150565910401316,0.08563771759114634,0.007326767294131509,0.014069897740673243,0.005434725334898516,2.7885346089540364,68.66999999999825
834.4657888926467,0.0162109736797504,0.03329407321300745,0.08496472334396687,0.011832994691264753,0.02885687863556785,0.0059373795354486225,2.962210052823097,250.70999999999913
849.6082027126116,0.02124130126787128,0.03456027531492828,0.0857429839533685,0.012286976285432516,0.03176991666181017,0.005790200290964425,2.9335452478783117,54.61000000000058
944.6262712995285,0.02442949910659196,0.03571618737399558,0.08586732926496209,-0.0051857927015939165,0.018953734859459725,0.006497827671367432,2.2038802146067336,-217.52999999999884
997.4571952372052,0.027218689880260296,0.036916510951588294,0.0862803265390958,0.0025629771870048224,0.009618479923381607,0.006440927163740597,2.0203425970676228,-159.38999999999942
958.782221814908,0.030474864560642124,0.037935210461987945,0.08732767375670561,-0.0009327497087635583,-0.0035663974640959273,0.006489423050382485,1.749613876972918,-231.36000000000058
944.6147722750145,0.03203167400263547,0.03895902445868504,0.08672236163717145,-0.008643500935321069,-0.007029734282744005,0.007296588628674781,1.2341159927137633,-60.67000000000189
909.0230446567136,0.03263542407280549,0.04029853406251636,0.08703828363942154,0.011040385349932347,0.001366560441558029,0.007579341558060946,1.5531335307235807,147.9399999999987
941.1869278622997,0.03207349024560811,0.0417012007743131,0.08749657978810649,0.00048638132295741876,0.0027889575420894097,0.007034243571402476,1.42587077787652,25.070000000003347
925.6812149817825,0.029670735699390577,0.04296219529009872,0.08760543509746459,-0.001880137025019657,0.009630317488272144,0.00719800142048917,1.231792267879675,119.21999999999753
980.4230592943013,0.02816848631036019,0.04439947160904597,0.0881208376811971,0.002443798302537159,0.001045719844358084,0.006978898373796099,1.2189843014088084,-149.92999999999665
938.1474893840864,0.026129074552684053,0.04546242614360867,0.08671971809639152,-0.00215592124107844,-0.0015980599427931619,0.006869084921218502,1.042187501228206,-46.76000000000204
974.4902756927663,0.025693824457373778,0.04729738633563441,0.08592210353716619,0.020912776802988198,0.021201295354687844,0.008640446403007703,1.7019143461259187,402.6200000000026
975.419788493511,0.027971270957368746,0.05037344950874987,0.08911264646519412,0.01478374536708138,0.03377214466141143,0.008934159152030089,2.019189214059875,223.41999999999825
965.5432792916945,0.02673558295417356,0.05198946736761115,0.08937210490966477,-0.0321671496011009,0.002680341276406484,0.013265878058002637,0.7230147391480144,-550.4300000000003
866.8700597959133,0.024424365907717224,0.052699765562995916,0.08736689473687641,0.000888235370514856,-0.016986582768065972,0.013161100880060625,0.6921562601504713,-353.630000000001
868.9345906661902,0.02487425302269797,0.05512337342371114,0.08873831726428233,0.02805359661495066,-0.004132177205421916,0.015375510427263948,1.6713584422637915,230.6800000000003
862.5297326733881,0.024820645573346605,0.056931648810646766,0.08914869953919732,-0.011147909835503289,0.017495921627486588,0.015871852280780474,1.1359262468254148,385.4500000000007
950.3857288099207,0.024749958401349036,0.05858017888324568,0.08886225091568968,-0.00038015196089058456,0.016206488011283327,0.01554954494898675,1.0661148153658246,-22.580000000001746
940.8134414723096,0.022254432045614992,0.060350800868437006,0.08911179624572167,0.007452146482451516,-0.004157554637873928,0.015405752516684882,1.354077903250497,-363.0199999999968
926.6781783670574,0.018122763307905188,0.06186780642826722,0.09000423687505496,0.001524812787486729,0.008604753508913543,0.015397712084502434,1.3445474053036894,230.80999999999767
954.0928997393235,0.01863033451707418,0.06313969432688855,0.09097315659073307,-0.006360128886286898,0.0025710266229779233,0.015563302190360008,0.9561207283615748,-108.73999999999796
906.9103107184494,0.018412427485008463,0.0647479344615073,0.09306099003215484,-0.007240329660654243,-0.012050264265982102,0.01578695115221412,0.502292137007438,-264.9800000000032
926.0859037092018,0.012190306650036745,0.06408585653059518,0.09167517257776255,-0.01988585338317761,-0.033170721507899015,0.016916809892793015,-0.8594976006021628,-384.17999999999665
1036.5531841841228,0.00930522451133403,0.06440946087121042,0.09206099492128242,0.018109634398345786,-0.009361206341365835,0.016613950193143805,0.27318584692537484,433.7999999999993
902.2610784524062,0.006821665175419761,0.06402606225013437,0.0918675102181553,-0.0015735469705169258,-0.0037065298513706546,0.015898864158630992,0.09632867527450262,102.59999999999854
928.8586504326881,0.0041568734109066205,0.06368775630188213,0.09273857764020003,0.0045489231789050955,0.021131606010024173,0.012767903325459577,0.4076700419924895,437.7599999999984
868.8080635158385,0.0010724015270311324,0.06335412297170002,0.09389349211982774,-0.006968881913566594,-0.004021348812041858,0.012983080482367865,-0.1790889870261742,-443.24999999999636
919.8957304543404,-0.00238090000503779,0.062181476472851854,0.09372967931075862,-0.010075442344022023,-0.012502400431769645,0.009938411743825976,-0.9738697470062082,-151.36999999999898
923.7957974458293,-0.0042174068998976,0.061238408119234394,0.093699813123255,0.004355354273655854,-0.012692683677188565,0.009741345247836819,-0.653204519839087,-4.430000000000291
969.3252473120679,-0.002960806561051061,0.06071810039364016,0.09377383244740911,0.002510319008652395,-0.0032681205865220386,0.009803702811145116,-0.535625971305368,169.50999999999476
952.8768796452141,-0.004420553227152982,0.06006460628085782,0.09442349497001135,0.0018395943545232996,0.008728851132153936,0.009485579728937958,-0.40742136773813137,212.19000000000233
977.0476866018593,-0.005648932554032934,0.059168037985924155,0.09470859524721902,-0.003901187161435282,0.0004363563286908789,0.00945228180166613,-0.755692940856254,-146.22999999999956
979.1369211883596,-0.007514206012434756,0.057996277204228286,0.09376218530874157,-0.00016927529297317,-0.0022376945102156043,0.009364395024091934,-0.7930114992482462,-47.469999999997526
923.72084176418,-0.006946469054798344,0.05747126894255059,0.09389864926358363,0.013652106338683412,0.009526742888103845,0.01011947100735537,0.35611794800748725,209.23999999999796
934.064646636592,-0.004731523179859088,0.057325373645276234,0.09507660307464892,0.0020866830869548103,0.015595332741622059,0.007898061479503223,0.4862044108915884,106.88999999999942
986.7889922110754,-0.004209741109954369,0.055921162999844544,0.09562935128408583,-0.009192177343185781,0.006430164095033719,0.006685717473294609,-0.3270131601206295,-162.45000000000073
871.6378614963354,-0.0034818413811033926,0.05358829503767405,0.09540314360327232,-0.002915291683372012,-0.010019196593606727,0.006721161494751835,-0.5381608888178867,-293.8999999999978
834.7526099797698,-0.001883501478935155,0.05306054466114557,0.09651209965954118,0.004973691847059536,-0.007167064836935411,0.006750376512354725,-0.06868910689065395,50.95999999999913
865.0305223172153,-0.0020536448682605284,0.05198302807231276,0.09659929028825841,-0.009423614997202123,-0.007398975526465623,0.00700275249214257,-1.0474788250519982,-2.9500000000007276
920.1109063025149,-0.0020720184969679886,0.04995042454584532,0.09723741631048173,0.0007061508564196739,-0.0037938178652493493,0.006324329727220622,-0.9215729695971804,64.48999999999796
859.4274033333718,-0.003436920512063665,0.0483664259635187,0.0982637698449089,-0.0048639219604721395,-0.01354560716284281,0.006356979845481801,-1.339046834954896,-174.59999999999854
930.5918822451572,-0.006679467192443513,0.04598516810681752,0.09677843395198725,-0.010253041478470948,-0.014371582229854796,0.0068740591244719085,-2.1207795042171615,-12.339999999996508
918.5130387459851,-0.006628566021028644,0.04416513174098657,0.09713651697667985,0.017526021367325395,0.002194861720324459,0.008783765012833766,-0.3112998568468839,293.27999999999884
884.6748909828551,-0.0061537928312852645,0.042092885462308195,0.09660928327620665,-0.0016684522823773307,0.005412997775122941,0.008720451114205158,-0.43185916439889677,56.54000000000087
921.2316671425075,-0.005498018524068163,0.04053331974978316,0.09627304655463324,0.007570799216401358,0.02351896006235954,0.008985912892414023,0.6255025504516634,314.91999999999825
887.153570822448,-0.0032273178426175083,0.039385897876609184,0.09559304354648428,0.005400519892437616,0.011322042834498669,0.008183132401249564,1.343371516544835,-209.34000000000015
906.529135399512,-0.0004026876426878534,0.039484687917936835,0.09657117236526629,0.009434676879443993,0.02256964819311902,0.008617235039866354,2.2777637934758865,199.0099999999984
884.5520739240181,0.0014209711050967178,0.03858702925535712,0.09680517692329257,-0.008508903145496571,0.006250580987078758,0.008548576445053534,1.1426138406679105,-288.3899999999994
955.1386851543514,0.00532033224289891,0.0377046821325199,0.09665124940364432,-0.0007485046602067058,9.635746503011688e-05,0.008488754617117542,1.0027320406190623,-109.88999999999942
941.9042982053321,0.007077566094820304,0.03678243883746825,0.09733187607093062,0.0037007726233049265,-0.005584502220061682,0.008440292803000278,1.3921430790071916,-102.93999999999869
880.7637785627898,0.008762261805140533,0.03592250953168708,0.09736124949160999,-0.005391140684579465,-0.002457543925258654,0.008071080547067294,0.7143728441143714,57.04999999999927
871.7521000366652,0.009190773126574701,0.03544524739913103,0.09726753043294724,0.001394142259414366,-0.00031856161633248004,0.008070662585548406,0.8053849431730399,38.44000000000233
898.3874558004758,0.008706079519186286,0.03490188506854838,0.09778487292799273,0.0025721462797472228,-0.0014426683593975476,0.007850856589257266,1.0216689143833435,-20.280000000002474
889.9966961958505,0.0066412583518797134,0.0341291294538248,0.09859656915305476,-0.004467064084782479,-0.0005149232914922752,0.007196947124695427,0.4539118723146132,16.770000000000437
860.4623222885567,0.0051403432989213715,0.03300094269840944,0.09793394065323709,-0.007429209015297866,-0.009321453660977141,0.005857554787794923,-0.41522725355379664,-158.09000000000378
859.6349588114913,0.004525170276068169,0.03225990355010302,0.09841062514187676,0.0076670151332729475,-0.004287025676588896,0.0062031046480878335,0.42826803277259895,90.17000000000189
821.4366857279608,0.002806556223749042,0.03144590070155284,0.09790556258958451,-0.004576145668761855,-0.004396126987564752,0.00600951277298015,-0.1493491037874388,-1.610000000000582
829.0980263064188,0.0024184965758878058,0.0302602204819683,0.09773662353355779,0.005773949781942234,0.008847377812218449,0.00604135124447088,0.5526248216885601,236.09000000000378
872.581392218064,0.0026399845588183516,0.029117090840216547,0.09786995947656124,0.002525083612040069,0.0036994231266125333,0.00534445868021677,0.8660090920579575,-91.04000000000087
840.7779978168037,0.0025235531013460787,0.02831059461583162,0.09725134293384823,-0.0006043824679042853,0.007704206030046512,0.004736870243687811,0.743347486943729,71.13000000000102
814.3242100194334,0.0034541980368389714,0.027841719959968748,0.09707029206632825,0.007826117434600155,0.009760312151616324,0.005229137986032912,1.518320663336987,37.67999999999665
788.0253503573007,0.00567286194634184,0.027315824469513632,0.09666901912729631,0.003432495542392777,0.010674272878406166,0.005215928930844365,1.708218379220476,16.88000000000102
716.5134652771386,0.007600536248530516,0.027361264256065804,0.09721626174314786,0.006026754277867807,0.017380245159373642,0.005036761866599475,2.0519312970277332,120.42000000000189
969.7249821650439,0.00947554362849797,0.027348936858763342,0.09721304787391083,-0.003843203004566864,0.005600300301958017,0.005284456133678227,1.5092534624360059,-210.95000000000073
900.8593094773356,0.010713648556030207,0.027608269183785936,0.09750134775967226,0.0018735710109762937,0.004038007886768558,0.005272304282900448,1.5645817633425303,-28.049999999999272
1114.0137043404332,0.011297872772375343,0.028219234064553025,0.09744788331521263,-0.0013999478375600338,-0.003374012882495281,0.005042807543012967,1.4747125122384313,-135.10000000000218
1162.1664851762803,0.011819742489941271,0.02821621784950393,0.09787404258655533,0.002901488219837045,0.003373855093308009,0.004203051507335322,1.656282664303819,123.15999999999985
1147.506301516342,0.011716948624388965,0.02821831335521492,0.09812201151110136,-0.0024915184968165027,-0.0009977710419556418,0.0040438611527058785,1.2911651572377882,-79.66999999999825
1111.7918824779983,0.010969653693933242,0.027984188581610663,0.09783978544121089,-0.0006833961608055938,-0.0002809307807407624,0.0036534713526075783,1.1135253462734376,13.089999999996508
1105.7648194067149,0.010108072091753103,0.027686766996845268,0.09651664282985632,0.004939075225535161,0.001750190529494322,0.0035776226268982897,1.5380176043902507,37.11000000000422
1103.4081477075322,0.011607622930658689,0.02752946979802239,0.09605288287880527,0.016966684871654758,0.02129113608852773,0.005685374371591539,2.7445913378879867,356.1999999999971
1093.4957009858576,0.014134910428783417,0.027962966017752385,0.09711651876003749,0.008532995071066196,0.03071019170681022,0.00578266766186044,2.763252800654543,171.35000000000218
1170.3933405002858,0.015921311024809905,0.028190839713076087,0.09736192500787041,-0.008109352993016405,0.017327143637356546,0.006524493309230138,1.862283568808752,-242.28000000000247
1119.3402284686565,0.017161351525560434,0.02832777633364906,0.09787895061857999,4.241096113988263e-05,0.00039687100242424833,0.006546504127584738,1.6618688683062146,-309.869999999999
1149.8318106716363,0.01864962163295482,0.02867241520618714,0.09758284799092642,-0.002902075096427037,-0.010945949184085757,0.006562428754331583,1.3339302671226705,-212.9499999999971
1135.5760274726963,0.020451341291618203,0.029184522963630208,0.09821108791120013,0.005786048124285514,0.0029097140427525314,0.006461786440560078,1.5485942800020709,259.7599999999984
1178.4545706706112,0.02141035993776021,0.0294799610510873,0.09873821810283884,-0.003871753064267902,-0.0010156726012652273,0.006690607235677512,1.1896917976438333,-73.11999999999898
1142.6898344776582,0.019736771656721087,0.029878304725886432,0.0984138296749203,-0.0032183127314387994,-0.0013325085240166734,0.006785694515663309,0.9086413087408001,-5.830000000001746
1125.2099104840538,0.017087142425245665,0.0307865473252769,0.09873851933261019,0.005714519840166021,-0.0014035305591745262,0.0068866882578358084,1.1925436769935447,-1.4699999999975262
1088.6032189015898,0.015370815901345272,0.03126597189605646,0.09814580690353784,-0.0006818459585617997,0.0017942805493862402,0.006805282641865498,1.063359642937672,59.609999999996944
1105.7234418034252,0.014747196831438797,0.03221277577478056,0.09789030643639199,0.009282543347143957,0.0143580006512396,0.00706756563154689,1.5859093679345362,232.9399999999987
1149.4933941757015,0.015049045532239042,0.033162187452269044,0.09889917547896832,0.006240576288680133,0.014888578222526316,0.007114765891690647,1.8433344648823855,11.420000000001892
1113.2578979131758,0.014239295469713203,0.03385214408759099,0.1004954969727316,-0.0068805825176054825,0.008593258851271157,0.006054086864171321,1.2724919941188733,-117.54999999999927
1106.1773905237744,0.012794414256953563,0.03409686242691487,0.10056179269660898,-0.013066194678216791,-0.013740216214549905,0.006728320576591698,0.27161947668709147,-418.72999999999956
1183.1000088944127,0.011824585303371198,0.03407890665640788,0.10028269693963254,0.00248207688295099,-0.017424083570529714,0.006393277354722605,0.39865570670276906,-71.36000000000422
1156.3575931770442,0.010911411569034116,0.03411286238973017,0.10108475755470592,0.005835048997210324,-0.004843448181965138,0.0066188384389693,0.8021527045994797,238.82000000000335
1222.310409836228,0.009843524573404837,0.03373818315534976,0.10081657554128737,-0.004873968891038527,0.003417032026659328,0.006731607851399075,0.3370348228081174,154.47999999999956
1180.5010526661608,0.008207067364150677,0.03368441779969804,0.10119206886748071,0.006098134040799286,0.007036461664991389,0.006755589018695367,0.7954321848632693,67.4900000000016
1010.345003574582,0.005610984188243277,0.03364123702877408,0.10179944764603518,0.00026902957190144683,0.00146379394655205,0.006630226323335148,0.7537442958578316,-103.51000000000204
917.1247593359908,0.0038953870360397963,0.03361459444765628,0.10264611294272726,-0.0018965752781359146,0.004460149996375007,0.0065717472422715,0.512062991424351,55.659999999999854
1039.8785383076565,0.003550135952529758,0.03332432178137697,0.1031217406634257,-0.004439276071323439,-0.006060104622611195,0.006522334689266192,-0.019380046362004254,-196.5799999999981
1004.3146574290973,0.002880728731505764,0.03307284739169116,0.10305693912910506,-0.0006702301284553513,-0.006993421221151097,0.006522247163592783,-0.212631387874003,-17.520000000000437
1032.3716825188594,0.0017673822386058294,0.03303129824874792,0.10300633922927305,0.0048441556557154986,-0.00028711203785380945,0.006048271579807477,0.32902077775028904,125.68000000000029
1027.340305429832,0.0017953625813608555,0.03308578331769589,0.10382256609974934,0.004525051435624983,0.008714602800036664,0.005892610729162195,1.1016908096965856,167.63999999999942
1059.4431717077457,0.0007430882658644707,0.03234571550125763,0.10318835993502094,-0.004076082616274346,0.005276765518468007,0.005674516049258528,0.25248297277739634,-64.08000000000175
1088.7342531923905,0.0013824308024745285,0.03160741499186859,0.10465532960117811,0.010575649330862857,0.011010726741123245,0.004938908856256979,2.1174585638956276,107.68999999999869
1100.9798928468877,0.001662639043051697,0.030963511137923175,0.10473999327250702,-0.009602195513015332,-0.003207732205205427,0.005876003897077035,0.30292778024562367,-266.1299999999974
1031.5418500908302,0.00259907992044096,0.030501178996410586,0.105551510427539,0.0036052896810199186,0.0044803375141264645,0.005727018808123064,0.892925859170848,144.0600000000013
1096.1643238696774,0.003286673804050823,0.030156251145131725,0.10649348873283361,-0.0035290066679121157,-0.009539245906027283,0.005627502672071731,0.1913592528568359,-264.1399999999994
1048.8839097608168,0.002682022110121108,0.029550057611561358,0.10696543156360284,-0.00478965673414633,-0.004726401242569844,0.005515120652132322,-0.6872852828146933,91.83999999999651
1069.2717617735593,0.0015674881080253145,0.029025406159300413,0.10751614534838791,-0.0007513148009016257,-0.009046838236742127,0.005511194399281876,-0.8352762863432762,-81.5
1043.6196812098106,0.0007239290080837428,0.028614194887370464,0.10739197919503499,-0.0015569280343716851,-0.007085679738171202,0.005504333174376866,-1.1729196492462888,37.31999999999971
950.5472958844736,-0.0012738289425555942,0.028108505375513657,0.10756779338881457,0.004775426402331195,0.0024573360523774124,0.005545701225017587,-0.2705998674488501,178.46000000000276
863.1714289362237,-0.0014513160315177856,0.027581345847051728,0.10897553861289704,0.0019331052436886154,0.005150375939849683,0.005556095205377318,0.07185115583044065,50.11000000000058
909.6304609450013,-0.0031603232370799473,0.026517596558568446,0.10949306214892908,-0.00930652546765054,-0.0026512814527019923,0.006030768747594632,-1.5778808475041846,-145.1899999999987
981.3756347497329,-0.00411080472684666,0.025189294824286324,0.10944473770559586,-0.001302468163687176,-0.00868425180368737,0.005803609200597585,-1.7704278636403206,-112.93000000000393
977.3041451902684,-0.0036510726585655723,0.024214967644344634,0.11029007993724889,0.004324541503015977,-0.006318157288722426,0.005926389843338591,-0.8276022480144087,43.970000000001164
921.9087419545841,-0.003800687163849481,0.023712154655573126,0.11040078741267693,-0.003928453326092374,-0.0009238625111370746,0.004850541858567792,-1.5923509427301208,101.11999999999898
920.1577971171913,-0.003952178427225517,0.02313743199654719,0.11107534351025938,0.002721247811692473,0.0031013788526248476,0.0042926382248316495,-1.0171586157492996,74.56000000000131
971.5794376136593,-0.004979677274611927,0.02242622172767585,0.11202147347794142,-0.0026158815612382647,-0.0038305914994637424,0.004103448740862028,-1.398776916299909,-128.6700000000019
1040.0270143728264,-0.006646256941551187,0.02195501754803437,0.11201928358130794,-0.0055283241599424215,-0.005430619517085011,0.004246098446717072,-2.125804533598715,-29.359999999996944
1038.9975180941433,-0.0067947174714212,0.020929038118592785,0.11304293373527825,0.0030813086633241227,-0.005073485868102412,0.0042718549209971365,-1.447128866646365,6.359999999996944
896.1832519996119,-0.0072207110221288685,0.01973833151787497,0.11362207771249881,-0.006264352764712933,-0.008712967056218601,0.004566563944869706,-2.1244275556290924,-67.17999999999665
958.3330438998597,-0.008478805706953238,0.018733202246198073,0.11509602102643972,-0.002362103110320257,-0.005556885343511397,0.004579161833881932,-2.1140017753674667,59.039999999997235
927.5528910667281,-0.010410571233790751,0.01749999496324136,0.11617663414394226,-0.010442859552190153,-0.018964588036422758,0.004870105154045143,-2.7332140259612445,-248.09999999999854
950.808404032703,-0.013677129343685993,0.01625740392425166,0.11557031890150624,-0.007241476689824777,-0.01992922402898123,0.004835331925285797,-2.73371182416008,-15.520000000000437
928.0910975396621,-0.015612109746646594,0.01509187839484843,0.11526350524765773,0.007577647412438049,-0.010164499735558108,0.005339441905040064,-1.82507805313587,179.77000000000044
879.0195795334641,-0.016086010451173867,0.013869820142818715,0.11523938390524747,0.004694139301189004,0.0049767571157202095,0.005664215389415493,-1.3193596371042633,276.4599999999991
920.4471734331186,-0.016609615670568113,0.012882523811566484,0.114893872217296,0.002365466169717667,0.014701936053078457,0.005512559822377833,-1.037450018214119,174.38999999999942
906.8875602195047,-0.01576827056206337,0.011664711420755237,0.11400933146411096,0.0056062300936123854,0.012716579415485096,0.0058091400220377214,-0.5258568256072403,-34.0
899.3806241817671,-0.013012543523222682,0.010782697331767743,0.11436732214950761,0.01069040618534256,0.018760726236532355,0.006632997473133647,0.4410578362839568,111.21000000000276
944.0511958639056,-0.009328309448333315,0.00989806324081307,0.1149220106415,0.00012444551710610874,0.016483050174636915,0.006583111614933847,0.5235044232106512,-40.79000000000087
988.7123088602747,-0.004660757485464821,0.00928951968660291,0.11441263234306104,-0.0015885028804745183,0.009210497658717287,0.006366587428803178,0.4294197568948922,-131.88000000000102
948.2937239210012,-0.00034400727957076076,0.008881008992084254,0.11542075485236596,0.008029604276413194,0.00655359184240778,0.006699124015227155,1.1896121106068516,-47.5099999999984
930.5544746168989,0.002545151221612208,0.008419049678196634,0.11564463128663995,-0.005458684146159465,0.0009345718879698595,0.006624057556419127,0.670318280842303,-104.30000000000291
895.610622895951,0.005235470288176484,0.007846843353355405,0.11647270881787292,0.0016467549241201418,0.004178005477157853,0.006539659658988208,0.8231305964291056,60.090000000000146
887.4683192599197,0.006690520799127023,0.0070870694115034265,0.11685754805708277,-0.004068749126935445,-0.007874121105823861,0.005701301821774594,0.4708355758808724,-224.5600000000013
904.132578983432,0.006788070950763979,0.005841692712565054,0.11925284743368562,-0.00015158977756213332,-0.0025799160477880667,0.004995510001046993,0.5181552486543409,99.18000000000393
933.8553927261361,0.0051962330204282205,0.004988145568166965,0.11897940955068857,-0.01790379441957146,-0.022047967505883004,0.007438640520391056,-1.2287966960085952,-362.4300000000003
857.108363261867,0.0038069962782962406,0.004177103346201398,0.11927926176156628,0.00482248603605151,-0.013317242878652102,0.007445571573399114,-0.6945017668192198,163.5099999999984
900.714635927468,0.0012273654612199021,0.003399984711046522,0.11866154485470327,-5.467465571395991e-07,-0.01316818872929093,0.007418418663829998,-0.6330991788714493,2.7999999999992724
946.9580000898599,0.0004339343909649548,0.0029893771053342835,0.11877648546874438,0.007951886276653886,0.012812166421366955,0.007603964694584746,0.18792988786852388,477.27000000000044
898.9566934639911,-0.0005821224222321041,0.0024216784173319884,0.11934719098796277,0.001579023880091901,0.009542914410653802,0.006898814544558633,0.3816490575611894,-58.669999999998254
958.1070260287876,-0.001181627421076986,0.0020197656924142555,0.11892249834182186,-0.002684062162359613,0.006833788955713516,0.006926318478850451,0.12964782843231584,-49.54999999999927
924.2067811849956,-0.0012693122847311181,0.0019318409198976294,0.11873107228945175,0.005704591748352694,0.004588987298377534,0.007152953566578314,0.6994536482919119,-40.38999999999942
935.9495665513003,0.0013644610818106186,0.001816929041462481,0.11885102389662953,0.0038401644920853517,0.006856923131080883,0.006817422040775364,1.053483908073761,42.0099999999984
966.1723654979587,0.003580222652426105,0.002001376207546367,0.1185577791392299,0.0014022793628800656,0.010982357307823598,0.00663938844160535,1.108415654882204,75.62999999999738
962.6207753968922,0.006032648689491075,0.002308141626073659,0.11875443736738163,0.004992686881990505,0.010266716486573513,0.006775530404182443,1.4546320642041712,-12.099999999998545
969.6538218541534,0.007347427188000095,0.0027710036440192157,0.11990473322033345,0.0005002624239851539,0.00690543247435893,0.006624784450048571,1.3906236545692996,-61.7599999999984
962.8481545072093,0.0073042489636116715,0.0035219083053347447,0.11960484895704396,-0.007639610802402275,-0.002186146918741416,0.007064509621183135,0.5983160276876701,-169.08000000000175
999.2699168380037,0.007740662586365202,0.004194460443475914,0.11968237129505045,0.0046020435463458575,-0.002573999822556461,0.004240295774503862,1.0564123097792824,-7.459999999999127
990.9271614864513,0.0078310084393347,0.004461122701318967,0.12092011357852485,0.001392132255779277,-0.001684870461560517,0.004154035182897094,1.1517526556136894,16.61999999999898
1015.6365602242518,0.006767725169222196,0.0043666861781711495,0.12253193689971136,-0.008356164383561682,-0.002405723781567337,0.005080807544148077,0.022012165005513902,-13.149999999997817
966.4725007713748,0.0043504663534548954,0.004180250315669287,0.12203529783102016,-0.01197938251139663,-0.018871483365680675,0.005840774170711685,-1.5364362757857815,-307.4900000000016
978.6194797095554,0.0018701673544745498,0.003599838724399897,0.12250806275554983,0.005154605392510225,-0.015185145547945145,0.006047034489288027,-0.8092337964015787,68.40000000000146
1031.3106703718756,-0.0005585896252026478,0.002931675436624497,0.12252983145836271,-0.0031411274153428925,-0.010006022067965192,0.006065131867972128,-1.119408602438755,98.34999999999854
974.6616572752847,-0.001815013180747799,0.0024901114077724557,0.12188086274637813,0.0005695937243308524,0.002568018071157363,0.005777777354564017,-0.9764463366664452,232.45000000000073
989.2761907762017,-0.003152731977514025,0.0016255248426832796,0.12259059960898384,0.006118148746572016,0.0035290819170819,0.005975336547279507,-0.1739165231036928,17.929999999996653
941.7855891983714,-0.004970707224135859,0.0009574470269965674,0.12252297635007471,-0.00547723584763149,0.0011773420522052103,0.006101567965276553,-0.8042825338268462,-43.349999999998545
1006.2177918211291,-0.005623149182366824,0.00010382168029508531,0.12314906041385476,0.001435648173101045,0.0020439225444874864,0.005860009144984041,-0.5672205398069804,15.920000000001892
1025.7694270592688,-0.004980865521895658,-0.0005153940629424276,0.1230217447478712,-0.004532906246364488,-0.008564001522537223,0.005891535753257561,-1.0553534904641062,-195.6899999999987
1012.2202882093676,-0.005044903852460422,-0.0009152408233575001,0.12212049513021386,0.0015739173174593724,-0.001534733485009987,0.005660153647034923,-0.7976349362901873,129.97999999999956
